"customer_id","company_name","industry","company_size","country_code","timezone","subscription_id","subscription_status","plan_id","mrr_usd","start_date","end_date","billing_cycle","cancellation_reason","plan_name","plan_tier","monthly_price_usd"
1,"Rush Platform","E-commerce","small","FR","Europe/Paris",1,"cancelled",1,0.00,"2023-01-31","2023-04-20","annual","Missing features","Free","free",0.00
1,"Rush Platform","E-commerce","small","FR","Europe/Paris",2,"cancelled",5,44.25,"2023-04-20","2024-02-26","annual","Switched competitor","Professional Plus","professional",59.00
2,"TrekStack","Manufacturing","small","CA","America/Toronto",3,"paused",1,0.00,"2023-06-09",NULL,"monthly",NULL,"Free","free",0.00
3,"Wave Group","Education","enterprise","US","America/New_York",4,"active",1,0.00,"2023-10-28",NULL,"annual",NULL,"Free","free",0.00
4,"KeenSoftware","Technology","large","GB","Europe/London",5,"expired",1,0.00,"2024-04-09","2024-08-10","annual","Budget cuts","Free","free",0.00
4,"KeenSoftware","Technology","large","GB","Europe/London",6,"active",6,82.50,"2024-08-10",NULL,"annual",NULL,"Enterprise","enterprise",99.00
5,"QuestAnalytics","Logistics","large","US","America/Chicago",7,"cancelled",1,0.00,"2023-10-04","2024-10-01","monthly","Missing features","Free","free",0.00
5,"QuestAnalytics","Logistics","large","US","America/Chicago",8,"active",3,15.83,"2024-10-01",NULL,"annual",NULL,"Starter Plus","starter",19.00
6,"RiftWorks","Insurance","small","GB","Europe/London",9,"paused",1,0.00,"2025-08-23",NULL,"monthly",NULL,"Free","free",0.00
7,"PeakIO","Telecommunications","large","CA","America/Toronto",10,"active",1,0.00,"2024-08-21",NULL,"annual",NULL,"Free","free",0.00
8,"Data Systems","Finance","large","US","America/Los_Angeles",11,"active",1,0.00,"2024-04-24",NULL,"monthly",NULL,"Free","free",0.00
9,"Iris Hub","Education","enterprise","SG","Asia/Singapore",12,"active",1,0.00,"2025-06-15",NULL,"annual",NULL,"Free","free",0.00
10,"GlowSystems","Education","enterprise","SG","Asia/Singapore",13,"active",5,59.00,"2025-03-08",NULL,"monthly",NULL,"Professional Plus","professional",59.00
11,"Xenon Cloud","E-commerce","small","GB","Europe/London",14,"active",2,7.50,"2024-06-29",NULL,"annual",NULL,"Starter","starter",12.00
12,"QuarkDev","Manufacturing","small","JP","Asia/Tokyo",15,"active",6,99.00,"2024-10-27",NULL,"monthly",NULL,"Enterprise","enterprise",99.00
13,"Vertex Labs","Real Estate","medium","GB","Europe/London",16,"cancelled",1,0.00,"2025-07-16","2025-09-16","monthly","Switched competitor","Free","free",0.00
14,"Keen Ventures","Consulting","small","CA","America/Toronto",17,"cancelled",1,0.00,"2024-02-25","2025-01-03","annual","Too expensive","Free","free",0.00
14,"Keen Ventures","Consulting","small","CA","America/Toronto",18,"cancelled",5,59.00,"2025-01-03","2025-05-17","monthly","Missing features","Professional Plus","professional",59.00
14,"Keen Ventures","Consulting","small","CA","America/Toronto",19,"active",6,74.25,"2025-05-17",NULL,"annual",NULL,"Enterprise","enterprise",99.00
15,"DataLogic","Insurance","enterprise","US","America/Chicago",20,"active",2,12.00,"2024-04-18",NULL,"monthly",NULL,"Starter","starter",12.00
16,"Iris Labs","Healthcare","enterprise","GB","Europe/London",21,"active",2,10.00,"2023-06-18",NULL,"annual",NULL,"Starter","starter",12.00
17,"DriftCloud","Legal","enterprise","JP","Asia/Tokyo",22,"cancelled",2,10.20,"2024-08-16","2024-12-16","monthly","Missing features","Starter","starter",12.00
17,"DriftCloud","Legal","enterprise","JP","Asia/Tokyo",23,"cancelled",5,49.17,"2024-12-16","2025-04-02","annual","Not using it","Professional Plus","professional",59.00
17,"DriftCloud","Legal","enterprise","JP","Asia/Tokyo",24,"active",2,9.60,"2025-04-02",NULL,"monthly",NULL,"Starter","starter",12.00
18,"LinkIO","Retail","medium","US","America/Los_Angeles",25,"active",4,39.00,"2025-06-01",NULL,"monthly",NULL,"Professional","professional",39.00
19,"Flow Corp","Logistics","medium","BR","America/Sao_Paulo",26,"expired",3,15.83,"2024-02-10","2025-01-26","annual","Missing features","Starter Plus","starter",19.00
19,"Flow Corp","Logistics","medium","BR","America/Sao_Paulo",27,"cancelled",4,32.50,"2025-01-26","2025-07-25","annual",NULL,"Professional","professional",39.00
20,"AcmeHQ","Real Estate","small","US","America/Chicago",28,"active",6,82.50,"2025-06-19",NULL,"annual",NULL,"Enterprise","enterprise",99.00
21,"NexusStack","Logistics","enterprise","JP","Asia/Tokyo",29,"active",4,39.00,"2023-04-20",NULL,"monthly",NULL,"Professional","professional",39.00
22,"Onyx Analytics","Media","medium","DE","Europe/Berlin",30,"active",5,49.17,"2023-12-08",NULL,"annual",NULL,"Professional Plus","professional",59.00
23,"KitePro","Legal","medium","JP","Asia/Tokyo",31,"cancelled",6,82.50,"2025-05-04","2025-09-11","annual","Not using it","Enterprise","enterprise",99.00
23,"KitePro","Legal","medium","JP","Asia/Tokyo",32,"cancelled",1,0.00,"2025-09-11","2025-11-10","monthly","Not using it","Free","free",0.00
23,"KitePro","Legal","medium","JP","Asia/Tokyo",33,"active",3,15.83,"2025-11-10",NULL,"annual",NULL,"Starter Plus","starter",19.00
24,"TidalStudio","Insurance","enterprise","US","America/New_York",34,"active",3,15.83,"2025-06-24",NULL,"annual",NULL,"Starter Plus","starter",19.00
25,"PulseSolutions","Insurance","small","AU","Australia/Sydney",35,"active",1,0.00,"2025-06-03",NULL,"monthly",NULL,"Free","free",0.00
26,"YieldAI","E-commerce","small","CA","America/Toronto",36,"cancelled",4,33.15,"2023-07-17","2023-12-01","monthly","Too expensive","Professional","professional",39.00
26,"YieldAI","E-commerce","small","CA","America/Toronto",37,"active",6,99.00,"2023-12-01",NULL,"monthly",NULL,"Enterprise","enterprise",99.00
27,"WaveStack","Logistics","enterprise","JP","Asia/Tokyo",38,"cancelled",1,0.00,"2023-09-29","2024-04-14","monthly","Switched competitor","Free","free",0.00
27,"WaveStack","Logistics","enterprise","JP","Asia/Tokyo",39,"expired",3,19.00,"2024-04-14","2024-09-22","monthly","Not using it","Starter Plus","starter",19.00
27,"WaveStack","Logistics","enterprise","JP","Asia/Tokyo",40,"cancelled",4,32.50,"2024-09-22","2025-02-03","annual","Switched competitor","Professional","professional",39.00
28,"Keen Software","Education","small","FR","Europe/Paris",41,"cancelled",3,14.25,"2023-03-13","2024-01-12","monthly",NULL,"Starter Plus","starter",19.00
28,"Keen Software","Education","small","FR","Europe/Paris",42,"active",3,19.00,"2024-01-12",NULL,"monthly",NULL,"Starter Plus","starter",19.00
29,"QuestSystems","Education","medium","DE","Europe/Berlin",43,"expired",2,10.00,"2024-03-06","2024-12-20","annual","Missing features","Starter","starter",12.00
29,"QuestSystems","Education","medium","DE","Europe/Berlin",44,"expired",3,19.00,"2024-12-20","2025-06-05","monthly","Company reorganization","Starter Plus","starter",19.00
29,"QuestSystems","Education","medium","DE","Europe/Berlin",45,"active",5,49.17,"2025-06-05",NULL,"annual",NULL,"Professional Plus","professional",59.00
30,"NexusVentures","Media","enterprise","US","America/New_York",46,"active",2,12.00,"2024-04-21",NULL,"monthly",NULL,"Starter","starter",12.00
31,"VineSolutions","Education","medium","SG","Asia/Singapore",47,"active",4,39.00,"2023-08-19",NULL,"monthly",NULL,"Professional","professional",39.00
32,"Arc Stack","Real Estate","small","FR","Europe/Paris",48,"active",3,15.83,"2025-05-31",NULL,"annual",NULL,"Starter Plus","starter",19.00
33,"SageDev","Media","small","US","America/Chicago",49,"active",5,59.00,"2025-08-30",NULL,"monthly",NULL,"Professional Plus","professional",59.00
34,"JadeHQ","Legal","enterprise","CA","America/Toronto",50,"cancelled",3,19.00,"2024-06-17","2025-02-04","monthly","Missing features","Starter Plus","starter",19.00
34,"JadeHQ","Legal","enterprise","CA","America/Toronto",51,"active",4,33.15,"2025-02-04",NULL,"monthly",NULL,"Professional","professional",39.00
35,"PulseAnalytics","Telecommunications","medium","US","America/Chicago",52,"active",2,10.00,"2024-02-22",NULL,"annual",NULL,"Starter","starter",12.00
36,"YieldHub","Legal","small","BR","America/Sao_Paulo",53,"active",5,59.00,"2025-09-03",NULL,"monthly",NULL,"Professional Plus","professional",59.00
37,"Flux Labs","Manufacturing","small","SG","Asia/Singapore",54,"cancelled",3,15.83,"2025-10-01","2025-12-01","annual","Switched competitor","Starter Plus","starter",19.00
37,"Flux Labs","Manufacturing","small","SG","Asia/Singapore",55,"active",4,39.00,"2025-12-01",NULL,"monthly",NULL,"Professional","professional",39.00
38,"FlowStack","Retail","medium","US","America/Los_Angeles",56,"expired",2,12.00,"2025-06-19","2025-09-16","monthly","Company reorganization","Starter","starter",12.00
38,"FlowStack","Retail","medium","US","America/Los_Angeles",57,"active",6,82.50,"2025-09-16",NULL,"annual",NULL,"Enterprise","enterprise",99.00
39,"QuarkTech","Legal","medium","US","America/New_York",58,"active",1,0.00,"2025-08-30",NULL,"monthly",NULL,"Free","free",0.00
40,"PulseDigital","Healthcare","medium","GB","Europe/London",59,"active",2,10.00,"2025-02-04",NULL,"annual",NULL,"Starter","starter",12.00
41,"TidalSystems","Telecommunications","small","BR","America/Sao_Paulo",60,"active",2,12.00,"2025-04-30",NULL,"monthly",NULL,"Starter","starter",12.00
42,"KeenAI","Manufacturing","large","IN","Asia/Kolkata",61,"active",5,49.17,"2025-09-10",NULL,"annual",NULL,"Professional Plus","professional",59.00
43,"TrekDigital","Legal","medium","SG","Asia/Singapore",62,"cancelled",5,49.17,"2025-04-25","2025-07-29","annual","Company reorganization","Professional Plus","professional",59.00
43,"TrekDigital","Legal","medium","SG","Asia/Singapore",63,"expired",4,33.15,"2025-07-29","2025-10-28","monthly","Missing features","Professional","professional",39.00
43,"TrekDigital","Legal","medium","SG","Asia/Singapore",64,"active",1,0.00,"2025-10-28",NULL,"monthly",NULL,"Free","free",0.00
44,"Drift Ventures","Real Estate","large","AU","Australia/Sydney",65,"expired",6,82.50,"2025-03-27","2025-10-06","annual","Too expensive","Enterprise","enterprise",99.00
44,"Drift Ventures","Real Estate","large","AU","Australia/Sydney",66,"active",1,0.00,"2025-10-06",NULL,"monthly",NULL,"Free","free",0.00
45,"JadeLabs","E-commerce","small","GB","Europe/London",67,"active",1,0.00,"2024-05-17",NULL,"monthly",NULL,"Free","free",0.00
46,"SagePlatform","Real Estate","small","CA","America/Toronto",68,"active",1,0.00,"2024-12-20",NULL,"annual",NULL,"Free","free",0.00
47,"UltraSystems","Insurance","large","US","America/Los_Angeles",69,"expired",4,32.50,"2024-06-21","2025-02-18","annual","Budget cuts","Professional","professional",39.00
47,"UltraSystems","Insurance","large","US","America/Los_Angeles",70,"active",3,19.00,"2025-02-18",NULL,"monthly",NULL,"Starter Plus","starter",19.00
48,"SyncPlatform","Education","small","FR","Europe/Paris",71,"expired",3,19.00,"2025-08-24","2025-10-28","monthly",NULL,"Starter Plus","starter",19.00
48,"SyncPlatform","Education","small","FR","Europe/Paris",72,"cancelled",2,12.00,"2025-10-28","2025-12-28","monthly","Missing features","Starter","starter",12.00
48,"SyncPlatform","Education","small","FR","Europe/Paris",73,"cancelled",6,70.12,"2025-12-28","2025-10-29","annual","Missing features","Enterprise","enterprise",99.00
49,"EchoIO","Finance","small","DE","Europe/Berlin",74,"active",1,0.00,"2024-10-06",NULL,"monthly",NULL,"Free","free",0.00
50,"Warp Corp","Real Estate","medium","BR","America/Sao_Paulo",75,"expired",1,0.00,"2024-08-25","2024-11-07","monthly","Not using it","Free","free",0.00
50,"Warp Corp","Real Estate","medium","BR","America/Sao_Paulo",76,"expired",2,12.00,"2024-11-07","2025-04-03","monthly","Budget cuts","Starter","starter",12.00
50,"Warp Corp","Real Estate","medium","BR","America/Sao_Paulo",77,"active",1,0.00,"2025-04-03",NULL,"annual",NULL,"Free","free",0.00
51,"WarpSoftware","Education","large","US","America/Chicago",78,"active",3,15.83,"2024-12-06",NULL,"annual",NULL,"Starter Plus","starter",19.00
52,"Orbit Analytics","Insurance","enterprise","SG","Asia/Singapore",79,"cancelled",1,0.00,"2024-10-25","2025-03-07","annual","Missing features","Free","free",0.00
53,"MistPro","Telecommunications","small","CA","America/Toronto",80,"expired",3,15.83,"2024-05-20","2024-12-20","annual",NULL,"Starter Plus","starter",19.00
53,"MistPro","Telecommunications","small","CA","America/Toronto",81,"active",1,0.00,"2024-12-20",NULL,"annual",NULL,"Free","free",0.00
54,"Orbit Ops","Retail","enterprise","BR","America/Sao_Paulo",82,"active",1,0.00,"2025-02-20",NULL,"monthly",NULL,"Free","free",0.00
55,"LunaVentures","Retail","medium","US","America/Chicago",83,"cancelled",2,10.80,"2023-12-04","2024-05-31","monthly","Too expensive","Starter","starter",12.00
55,"LunaVentures","Retail","medium","US","America/Chicago",84,"active",4,31.20,"2024-05-31",NULL,"monthly",NULL,"Professional","professional",39.00
56,"Flow Works","Education","small","US","America/Chicago",85,"expired",2,10.00,"2024-07-09","2025-03-08","annual","Switched competitor","Starter","starter",12.00
56,"Flow Works","Education","small","US","America/Chicago",86,"active",5,59.00,"2025-03-08",NULL,"monthly",NULL,"Professional Plus","professional",59.00
57,"OnyxHQ","E-commerce","small","JP","Asia/Tokyo",87,"active",4,32.50,"2024-10-07",NULL,"annual",NULL,"Professional","professional",39.00
58,"Hub HQ","Healthcare","large","US","America/Los_Angeles",88,"active",3,19.00,"2025-09-30",NULL,"monthly",NULL,"Starter Plus","starter",19.00
59,"MistDev","Finance","enterprise","US","America/Chicago",89,"active",2,12.00,"2023-01-03",NULL,"monthly",NULL,"Starter","starter",12.00
60,"JetHQ","Marketing","small","JP","Asia/Tokyo",90,"cancelled",1,0.00,"2023-09-02","2024-08-08","annual","Switched competitor","Free","free",0.00
60,"JetHQ","Marketing","small","JP","Asia/Tokyo",91,"active",5,59.00,"2024-08-08",NULL,"monthly",NULL,"Professional Plus","professional",59.00
61,"UltraPro","Telecommunications","enterprise","AU","Australia/Sydney",92,"cancelled",1,0.00,"2023-02-07","2025-09-10","monthly","Switched competitor","Free","free",0.00
62,"GridDev","Technology","large","US","America/Los_Angeles",93,"cancelled",3,19.00,"2024-12-10","2025-08-24","monthly","Company reorganization","Starter Plus","starter",19.00
62,"GridDev","Technology","large","US","America/Los_Angeles",94,"active",3,16.15,"2025-08-24",NULL,"monthly",NULL,"Starter Plus","starter",19.00
63,"UltraStack","Insurance","medium","JP","Asia/Tokyo",95,"cancelled",1,0.00,"2025-02-03","2025-06-29","annual",NULL,"Free","free",0.00
63,"UltraStack","Insurance","medium","JP","Asia/Tokyo",96,"cancelled",4,39.00,"2025-06-29","2025-04-12","monthly","Switched competitor","Professional","professional",39.00
64,"CoreSolutions","Telecommunications","small","US","America/New_York",97,"active",2,10.00,"2024-06-27",NULL,"annual",NULL,"Starter","starter",12.00
65,"Yield Group","Logistics","small","CA","America/Toronto",98,"active",1,0.00,"2023-01-10",NULL,"annual",NULL,"Free","free",0.00
66,"EdgeHQ","Real Estate","small","SG","Asia/Singapore",99,"active",1,0.00,"2025-05-23",NULL,"monthly",NULL,"Free","free",0.00
67,"Quest Logic","Education","small","BR","America/Sao_Paulo",100,"active",1,0.00,"2025-05-02",NULL,"monthly",NULL,"Free","free",0.00
68,"Quark Ops","Insurance","large","SG","Asia/Singapore",101,"cancelled",6,82.50,"2024-03-27","2025-02-03","annual","Budget cuts","Enterprise","enterprise",99.00
69,"Ion Dynamics","Telecommunications","small","JP","Asia/Tokyo",102,"active",1,0.00,"2023-10-30",NULL,"annual",NULL,"Free","free",0.00
70,"JetHub","Retail","large","FR","Europe/Paris",103,"expired",1,0.00,"2024-02-09","2024-12-20","monthly","Switched competitor","Free","free",0.00
70,"JetHub","Retail","large","FR","Europe/Paris",104,"cancelled",4,39.00,"2024-12-20","2025-04-30","monthly","Company reorganization","Professional","professional",39.00
71,"LinkLogic","Marketing","small","SG","Asia/Singapore",105,"cancelled",5,59.00,"2024-09-16","2025-08-02","monthly","Budget cuts","Professional Plus","professional",59.00
71,"LinkLogic","Marketing","small","SG","Asia/Singapore",106,"active",7,199.00,"2025-08-02",NULL,"monthly",NULL,"Enterprise Custom","enterprise",199.00
72,"Cloud AI","Education","medium","US","America/Chicago",107,"expired",1,0.00,"2025-08-30","2025-10-30","monthly",NULL,"Free","free",0.00
72,"Cloud AI","Education","medium","US","America/Chicago",108,"active",2,12.00,"2025-10-30",NULL,"monthly",NULL,"Starter","starter",12.00
73,"LinkPro","Telecommunications","medium","SG","Asia/Singapore",109,"active",2,9.60,"2024-01-15",NULL,"monthly",NULL,"Starter","starter",12.00
74,"GridOps","Telecommunications","large","IN","Asia/Kolkata",110,"active",3,15.83,"2023-08-06",NULL,"annual",NULL,"Starter Plus","starter",19.00
75,"NovaTech","Media","small","BR","America/Sao_Paulo",111,"cancelled",1,0.00,"2024-09-02","2025-01-22","monthly","Missing features","Free","free",0.00
76,"Wave Platform","Real Estate","small","US","America/New_York",112,"expired",3,15.83,"2023-03-07","2023-10-21","annual","Switched competitor","Starter Plus","starter",19.00
76,"Wave Platform","Real Estate","small","US","America/New_York",113,"active",2,10.00,"2023-10-21",NULL,"annual",NULL,"Starter","starter",12.00
77,"Nexus AI","Legal","enterprise","SG","Asia/Singapore",114,"cancelled",4,39.00,"2025-05-17","2025-08-02","monthly","Too expensive","Professional","professional",39.00
77,"Nexus AI","Legal","enterprise","SG","Asia/Singapore",115,"active",4,39.00,"2025-08-02",NULL,"monthly",NULL,"Professional","professional",39.00
78,"Rush Group","Logistics","medium","JP","Asia/Tokyo",116,"active",5,59.00,"2024-09-11",NULL,"monthly",NULL,"Professional Plus","professional",59.00
79,"PeakStack","Media","large","GB","Europe/London",117,"cancelled",4,32.50,"2025-01-17","2025-07-31","annual","Company reorganization","Professional","professional",39.00
80,"JetOps","Healthcare","small","US","America/Chicago",118,"active",5,59.00,"2024-08-23",NULL,"monthly",NULL,"Professional Plus","professional",59.00
81,"WaveOps","Manufacturing","enterprise","FR","Europe/Paris",119,"expired",4,27.62,"2023-06-08","2023-12-15","annual","Budget cuts","Professional","professional",39.00
81,"WaveOps","Manufacturing","enterprise","FR","Europe/Paris",120,"active",5,47.20,"2023-12-15",NULL,"monthly",NULL,"Professional Plus","professional",59.00
82,"Orbit Corp","Retail","medium","BR","America/Sao_Paulo",121,"active",4,39.00,"2023-10-07",NULL,"monthly",NULL,"Professional","professional",39.00
83,"LunaDigital","Manufacturing","small","US","America/Los_Angeles",122,"active",1,0.00,"2024-03-05",NULL,"monthly",NULL,"Free","free",0.00
84,"ZealVentures","Telecommunications","small","US","America/Los_Angeles",123,"active",1,0.00,"2024-03-10",NULL,"monthly",NULL,"Free","free",0.00
85,"Rift Ops","Real Estate","medium","JP","Asia/Tokyo",124,"active",1,0.00,"2023-07-29",NULL,"monthly",NULL,"Free","free",0.00
86,"Flux Pro","Manufacturing","small","US","America/Los_Angeles",125,"active",4,35.10,"2025-06-01",NULL,"monthly",NULL,"Professional","professional",39.00
87,"UltraVentures","Manufacturing","large","SG","Asia/Singapore",126,"cancelled",4,39.00,"2024-09-24","2025-08-02","monthly","Missing features","Professional","professional",39.00
87,"UltraVentures","Manufacturing","large","SG","Asia/Singapore",127,"active",2,12.00,"2025-08-02",NULL,"monthly",NULL,"Starter","starter",12.00
88,"FlowCorp","E-commerce","medium","BR","America/Sao_Paulo",128,"cancelled",1,0.00,"2025-03-08","2025-10-22","annual","Not using it","Free","free",0.00
89,"WavePro","Logistics","enterprise","US","America/Los_Angeles",129,"active",6,61.88,"2025-02-16",NULL,"annual",NULL,"Enterprise","enterprise",99.00
90,"DriftHub","Real Estate","medium","SG","Asia/Singapore",130,"active",3,19.00,"2023-03-11",NULL,"monthly",NULL,"Starter Plus","starter",19.00
91,"LinkAI","Healthcare","small","CA","America/Toronto",131,"expired",4,39.00,"2025-09-27","2025-11-27","monthly","Budget cuts","Professional","professional",39.00
91,"LinkAI","Healthcare","small","CA","America/Toronto",132,"active",3,19.00,"2025-11-27",NULL,"monthly",NULL,"Starter Plus","starter",19.00
92,"DriftVentures","Insurance","large","US","America/New_York",133,"cancelled",5,49.17,"2023-06-04","2023-09-26","annual","Too expensive","Professional Plus","professional",59.00
92,"DriftVentures","Insurance","large","US","America/New_York",134,"active",1,0.00,"2023-09-26",NULL,"annual",NULL,"Free","free",0.00
93,"TrekTech","Finance","small","GB","Europe/London",135,"active",4,39.00,"2024-01-17",NULL,"monthly",NULL,"Professional","professional",39.00
94,"OnyxStack","Marketing","small","JP","Asia/Tokyo",136,"cancelled",1,0.00,"2023-12-08","2025-06-05","monthly",NULL,"Free","free",0.00
95,"PeakNet","Finance","medium","FR","Europe/Paris",137,"expired",4,32.50,"2024-11-17","2025-06-29","annual","Company reorganization","Professional","professional",39.00
95,"PeakNet","Finance","medium","FR","Europe/Paris",138,"cancelled",3,19.00,"2025-06-29","2025-10-20","monthly","Switched competitor","Starter Plus","starter",19.00
95,"PeakNet","Finance","medium","FR","Europe/Paris",139,"active",5,49.17,"2025-10-20",NULL,"annual",NULL,"Professional Plus","professional",59.00
96,"PeakOps","Marketing","small","IN","Asia/Kolkata",140,"expired",2,12.00,"2023-05-21","2024-05-12","monthly","Too expensive","Starter","starter",12.00
96,"PeakOps","Marketing","small","IN","Asia/Kolkata",141,"cancelled",6,99.00,"2024-05-12","2024-09-21","monthly","Switched competitor","Enterprise","enterprise",99.00
97,"QuestWorks","Real Estate","small","BR","America/Sao_Paulo",142,"active",2,10.80,"2023-06-19",NULL,"monthly",NULL,"Starter","starter",12.00
98,"Vine HQ","E-commerce","medium","GB","Europe/London",143,"expired",2,10.00,"2025-08-27","2025-10-30","annual","Company reorganization","Starter","starter",12.00
98,"Vine HQ","E-commerce","medium","GB","Europe/London",144,"active",3,15.83,"2025-10-30",NULL,"annual",NULL,"Starter Plus","starter",19.00
99,"GlowDev","Finance","enterprise","GB","Europe/London",145,"expired",1,0.00,"2024-07-21","2025-03-17","monthly","Budget cuts","Free","free",0.00
99,"GlowDev","Finance","enterprise","GB","Europe/London",146,"active",3,19.00,"2025-03-17",NULL,"monthly",NULL,"Starter Plus","starter",19.00
100,"SyncTech","Education","medium","JP","Asia/Tokyo",147,"active",2,12.00,"2025-06-24",NULL,"monthly",NULL,"Starter","starter",12.00
101,"PulseLogic","Marketing","small","US","America/New_York",148,"active",1,0.00,"2023-10-21",NULL,"annual",NULL,"Free","free",0.00
102,"Flow Labs","Education","small","US","America/Los_Angeles",149,"cancelled",2,10.00,"2023-05-05","2025-03-17","annual","Too expensive","Starter","starter",12.00
103,"EdgeSystems","Consulting","medium","JP","Asia/Tokyo",150,"active",2,10.80,"2023-01-02",NULL,"monthly",NULL,"Starter","starter",12.00
104,"Hive Dynamics","Media","enterprise","JP","Asia/Tokyo",151,"expired",2,10.80,"2023-09-17","2024-06-28","monthly","Budget cuts","Starter","starter",12.00
104,"Hive Dynamics","Media","enterprise","JP","Asia/Tokyo",152,"active",4,39.00,"2024-06-28",NULL,"monthly",NULL,"Professional","professional",39.00
105,"UnitOps","Insurance","medium","FR","Europe/Paris",153,"cancelled",1,0.00,"2023-06-29","2024-04-02","annual","Budget cuts","Free","free",0.00
105,"UnitOps","Insurance","medium","FR","Europe/Paris",154,"cancelled",5,59.00,"2024-04-02","2025-02-10","monthly","Switched competitor","Professional Plus","professional",59.00
105,"UnitOps","Insurance","medium","FR","Europe/Paris",155,"active",3,19.00,"2025-02-10",NULL,"monthly",NULL,"Starter Plus","starter",19.00
106,"OnyxSolutions","Healthcare","large","CA","America/Toronto",156,"expired",2,10.00,"2023-11-14","2024-08-30","annual","Missing features","Starter","starter",12.00
106,"OnyxSolutions","Healthcare","large","CA","America/Toronto",157,"expired",3,19.00,"2024-08-30","2024-11-30","monthly","Not using it","Starter Plus","starter",19.00
106,"OnyxSolutions","Healthcare","large","CA","America/Toronto",158,"active",1,0.00,"2024-11-30",NULL,"annual",NULL,"Free","free",0.00
107,"QuarkAI","E-commerce","small","IN","Asia/Kolkata",159,"cancelled",1,0.00,"2024-01-12","2024-08-20","annual","Too expensive","Free","free",0.00
107,"QuarkAI","E-commerce","small","IN","Asia/Kolkata",160,"active",3,19.00,"2024-08-20",NULL,"monthly",NULL,"Starter Plus","starter",19.00
108,"VertexSolutions","Consulting","small","JP","Asia/Tokyo",161,"cancelled",2,12.00,"2025-04-22","2025-07-18","monthly","Missing features","Starter","starter",12.00
109,"TidalHQ","Manufacturing","small","FR","Europe/Paris",162,"active",3,15.83,"2024-03-21",NULL,"annual",NULL,"Starter Plus","starter",19.00
110,"EdgeOps","Marketing","medium","FR","Europe/Paris",163,"cancelled",2,10.00,"2024-03-24","2024-06-14","annual","Not using it","Starter","starter",12.00
111,"XenonLogic","Technology","medium","US","America/Los_Angeles",164,"active",5,49.17,"2024-06-26",NULL,"annual",NULL,"Professional Plus","professional",59.00
112,"Hive Logic","Telecommunications","medium","US","America/Chicago",165,"active",6,99.00,"2025-07-27",NULL,"monthly",NULL,"Enterprise","enterprise",99.00
113,"CoreTech","Retail","small","SG","Asia/Singapore",166,"cancelled",2,12.00,"2024-12-29","2025-04-09","monthly","Budget cuts","Starter","starter",12.00
113,"CoreTech","Retail","small","SG","Asia/Singapore",167,"active",4,39.00,"2025-04-09",NULL,"monthly",NULL,"Professional","professional",39.00
114,"Meta Digital","E-commerce","enterprise","CA","America/Toronto",168,"cancelled",6,99.00,"2025-06-24","2025-09-22","monthly","Not using it","Enterprise","enterprise",99.00
115,"HiveCorp","Retail","medium","US","America/Chicago",169,"cancelled",3,19.00,"2025-06-18","2025-10-24","monthly","Not using it","Starter Plus","starter",19.00
115,"HiveCorp","Retail","medium","US","America/Chicago",170,"cancelled",4,39.00,"2025-10-24","2025-12-23","monthly","Missing features","Professional","professional",39.00
115,"HiveCorp","Retail","medium","US","America/Chicago",171,"active",3,15.83,"2025-12-23",NULL,"annual",NULL,"Starter Plus","starter",19.00
116,"BeamDev","Technology","enterprise","US","America/Chicago",172,"expired",1,0.00,"2025-08-21","2025-10-22","monthly","Not using it","Free","free",0.00
116,"BeamDev","Technology","enterprise","US","America/Chicago",173,"expired",2,12.00,"2025-10-22","2025-12-21","monthly","Budget cuts","Starter","starter",12.00
116,"BeamDev","Technology","enterprise","US","America/Chicago",174,"active",3,15.83,"2025-12-21",NULL,"annual",NULL,"Starter Plus","starter",19.00
117,"Onyx Cloud","Real Estate","medium","US","America/Chicago",175,"expired",3,19.00,"2024-10-01","2024-12-17","monthly","Too expensive","Starter Plus","starter",19.00
117,"Onyx Cloud","Real Estate","medium","US","America/Chicago",176,"active",1,0.00,"2024-12-17",NULL,"monthly",NULL,"Free","free",0.00
118,"Peak Hub","Real Estate","small","SG","Asia/Singapore",177,"active",2,12.00,"2024-10-04",NULL,"monthly",NULL,"Starter","starter",12.00
119,"EchoPlatform","Logistics","medium","DE","Europe/Berlin",178,"cancelled",2,9.60,"2023-07-28","2024-05-03","monthly","Too expensive","Starter","starter",12.00
119,"EchoPlatform","Logistics","medium","DE","Europe/Berlin",179,"active",4,39.00,"2024-05-03",NULL,"monthly",NULL,"Professional","professional",39.00
120,"UnitStudio","Finance","enterprise","IN","Asia/Kolkata",180,"cancelled",1,0.00,"2023-09-11","2023-11-19","monthly","Not using it","Free","free",0.00
121,"KeenPro","Insurance","small","CA","America/Toronto",181,"active",5,49.17,"2024-02-07",NULL,"annual",NULL,"Professional Plus","professional",59.00
122,"Sync IO","Real Estate","enterprise","SG","Asia/Singapore",182,"cancelled",1,0.00,"2023-09-28","2024-02-20","monthly","Too expensive","Free","free",0.00
122,"Sync IO","Real Estate","enterprise","SG","Asia/Singapore",183,"active",2,10.00,"2024-02-20",NULL,"annual",NULL,"Starter","starter",12.00
123,"Jade Software","Marketing","medium","DE","Europe/Berlin",184,"active",2,10.00,"2024-09-30",NULL,"annual",NULL,"Starter","starter",12.00
124,"XenonWorks","Marketing","enterprise","US","America/Los_Angeles",185,"active",4,39.00,"2024-12-31",NULL,"monthly",NULL,"Professional","professional",39.00
125,"UltraGroup","Manufacturing","medium","FR","Europe/Paris",186,"cancelled",3,13.46,"2024-12-26","2025-04-29","annual","Switched competitor","Starter Plus","starter",19.00
125,"UltraGroup","Manufacturing","medium","FR","Europe/Paris",187,"active",4,29.25,"2025-04-29",NULL,"annual",NULL,"Professional","professional",39.00
126,"RiftSystems","Real Estate","small","FR","Europe/Paris",188,"expired",4,39.00,"2025-03-12","2025-10-29","monthly","Budget cuts","Professional","professional",39.00
126,"RiftSystems","Real Estate","small","FR","Europe/Paris",189,"active",6,99.00,"2025-10-29",NULL,"monthly",NULL,"Enterprise","enterprise",99.00
127,"Onyx Pro","Real Estate","enterprise","AU","Australia/Sydney",190,"cancelled",4,39.00,"2024-03-27","2024-07-22","monthly","Not using it","Professional","professional",39.00
127,"Onyx Pro","Real Estate","enterprise","AU","Australia/Sydney",191,"active",5,49.17,"2024-07-22",NULL,"annual",NULL,"Professional Plus","professional",59.00
128,"GlowHub","Consulting","enterprise","FR","Europe/Paris",192,"active",2,8.50,"2024-11-09",NULL,"annual",NULL,"Starter","starter",12.00
129,"IrisWorks","Logistics","enterprise","FR","Europe/Paris",193,"active",4,32.50,"2023-09-10",NULL,"annual",NULL,"Professional","professional",39.00
130,"ZealCloud","Legal","large","CA","America/Toronto",194,"expired",3,19.00,"2024-08-10","2025-02-18","monthly","Missing features","Starter Plus","starter",19.00
130,"ZealCloud","Legal","large","CA","America/Toronto",195,"active",3,19.00,"2025-02-18",NULL,"monthly",NULL,"Starter Plus","starter",19.00
131,"Sync Net","Healthcare","small","CA","America/Toronto",196,"expired",4,32.50,"2024-07-29","2025-07-29","annual","Budget cuts","Professional","professional",39.00
131,"Sync Net","Healthcare","small","CA","America/Toronto",197,"active",6,82.50,"2025-07-29",NULL,"annual",NULL,"Enterprise","enterprise",99.00
132,"PulseAI","Media","small","SG","Asia/Singapore",198,"cancelled",2,12.00,"2025-02-28","2025-10-29","monthly","Not using it","Starter","starter",12.00
133,"Sync Works","Education","large","US","America/New_York",199,"active",2,9.60,"2023-06-29",NULL,"monthly",NULL,"Starter","starter",12.00
134,"Vine Cloud","Telecommunications","small","US","America/New_York",200,"active",4,39.00,"2024-10-18",NULL,"monthly",NULL,"Professional","professional",39.00
135,"RushSoftware","Marketing","small","FR","Europe/Paris",201,"active",1,0.00,"2024-08-04",NULL,"monthly",NULL,"Free","free",0.00
136,"Ion IO","Marketing","small","US","America/New_York",202,"active",2,12.00,"2025-01-10",NULL,"monthly",NULL,"Starter","starter",12.00
137,"Tidal Solutions","Manufacturing","large","JP","Asia/Tokyo",203,"active",4,39.00,"2023-08-15",NULL,"monthly",NULL,"Professional","professional",39.00
138,"ArcNet","Consulting","enterprise","JP","Asia/Tokyo",204,"expired",1,0.00,"2023-03-25","2023-06-18","monthly","Not using it","Free","free",0.00
138,"ArcNet","Consulting","enterprise","JP","Asia/Tokyo",205,"active",3,19.00,"2023-06-18",NULL,"monthly",NULL,"Starter Plus","starter",19.00
139,"DataDynamics","E-commerce","medium","JP","Asia/Tokyo",206,"cancelled",1,0.00,"2025-01-04","2025-04-13","monthly",NULL,"Free","free",0.00
139,"DataDynamics","E-commerce","medium","JP","Asia/Tokyo",207,"cancelled",5,49.17,"2025-04-13","2025-07-22","annual","Company reorganization","Professional Plus","professional",59.00
139,"DataDynamics","E-commerce","medium","JP","Asia/Tokyo",208,"active",5,44.25,"2025-07-22",NULL,"annual",NULL,"Professional Plus","professional",59.00
140,"DriftDigital","Consulting","medium","US","America/New_York",209,"expired",2,10.00,"2025-04-16","2025-08-16","annual","Company reorganization","Starter","starter",12.00
140,"DriftDigital","Consulting","medium","US","America/New_York",210,"cancelled",4,39.00,"2025-08-16","2025-06-27","monthly","Budget cuts","Professional","professional",39.00
141,"IrisAI","Healthcare","medium","US","America/New_York",211,"active",5,59.00,"2025-07-01",NULL,"monthly",NULL,"Professional Plus","professional",59.00
142,"YieldTech","Logistics","enterprise","JP","Asia/Tokyo",212,"cancelled",5,59.00,"2023-05-11","2023-08-27","monthly","Too expensive","Professional Plus","professional",59.00
142,"YieldTech","Logistics","enterprise","JP","Asia/Tokyo",213,"expired",2,12.00,"2023-08-27","2024-05-16","monthly","Not using it","Starter","starter",12.00
142,"YieldTech","Logistics","enterprise","JP","Asia/Tokyo",214,"active",5,49.17,"2024-05-16",NULL,"annual",NULL,"Professional Plus","professional",59.00
143,"IrisCorp","Retail","small","GB","Europe/London",215,"cancelled",2,9.00,"2024-11-07","2025-10-15","annual","Too expensive","Starter","starter",12.00
143,"IrisCorp","Retail","small","GB","Europe/London",216,"active",2,10.80,"2025-10-15",NULL,"monthly",NULL,"Starter","starter",12.00
144,"Mist AI","Consulting","medium","SG","Asia/Singapore",217,"active",6,82.50,"2023-08-11",NULL,"annual",NULL,"Enterprise","enterprise",99.00
145,"Unit Ventures","Marketing","medium","BR","America/Sao_Paulo",218,"active",4,39.00,"2024-06-17",NULL,"monthly",NULL,"Professional","professional",39.00
146,"OnyxOps","Consulting","small","IN","Asia/Kolkata",219,"active",4,39.00,"2023-11-04",NULL,"monthly",NULL,"Professional","professional",39.00
147,"PulsePlatform","Legal","small","CA","America/Toronto",220,"expired",3,15.83,"2023-09-06","2024-02-09","annual","Too expensive","Starter Plus","starter",19.00
147,"PulsePlatform","Legal","small","CA","America/Toronto",221,"active",2,10.00,"2024-02-09",NULL,"annual",NULL,"Starter","starter",12.00
148,"XenonTech","Retail","small","US","America/New_York",222,"cancelled",1,0.00,"2025-02-18","2025-07-14","monthly","Too expensive","Free","free",0.00
148,"XenonTech","Retail","small","US","America/New_York",223,"active",5,53.10,"2025-07-14",NULL,"monthly",NULL,"Professional Plus","professional",59.00
149,"EchoSoftware","Marketing","small","US","America/New_York",224,"active",1,0.00,"2024-12-13",NULL,"annual",NULL,"Free","free",0.00
150,"IrisStack","Education","small","JP","Asia/Tokyo",225,"active",3,14.25,"2023-11-24",NULL,"monthly",NULL,"Starter Plus","starter",19.00
151,"Jade Ventures","Real Estate","large","AU","Australia/Sydney",226,"cancelled",1,0.00,"2024-05-26","2024-12-11","annual","Budget cuts","Free","free",0.00
151,"Jade Ventures","Real Estate","large","AU","Australia/Sydney",227,"active",2,12.00,"2024-12-11",NULL,"monthly",NULL,"Starter","starter",12.00
152,"QuarkHub","Legal","large","FR","Europe/Paris",228,"active",2,10.80,"2024-07-13",NULL,"monthly",NULL,"Starter","starter",12.00
153,"HiveAI","Healthcare","enterprise","SG","Asia/Singapore",229,"cancelled",2,9.00,"2023-06-04","2025-08-27","annual","Company reorganization","Starter","starter",12.00
154,"Iris Dynamics","Manufacturing","small","US","America/New_York",230,"active",2,10.00,"2024-12-15",NULL,"annual",NULL,"Starter","starter",12.00
155,"GridSystems","E-commerce","small","BR","America/Sao_Paulo",231,"active",1,0.00,"2025-09-09",NULL,"annual",NULL,"Free","free",0.00
156,"TidalOps","Healthcare","large","SG","Asia/Singapore",232,"cancelled",1,0.00,"2024-10-14","2025-01-18","monthly","Missing features","Free","free",0.00
157,"KeenSystems","Telecommunications","small","GB","Europe/London",233,"active",1,0.00,"2024-12-01",NULL,"annual",NULL,"Free","free",0.00
158,"Nova Ventures","Finance","enterprise","FR","Europe/Paris",234,"cancelled",2,10.00,"2025-05-04","2025-10-27","annual","Company reorganization","Starter","starter",12.00
158,"Nova Ventures","Finance","enterprise","FR","Europe/Paris",235,"active",3,12.67,"2025-10-27",NULL,"annual",NULL,"Starter Plus","starter",19.00
159,"Vine Studio","Technology","small","AU","Australia/Sydney",236,"expired",3,15.83,"2024-02-11","2024-08-16","annual","Missing features","Starter Plus","starter",19.00
159,"Vine Studio","Technology","small","AU","Australia/Sydney",237,"active",6,89.10,"2024-08-16",NULL,"monthly",NULL,"Enterprise","enterprise",99.00
160,"FluxPlatform","Manufacturing","medium","US","America/Los_Angeles",238,"paused",1,0.00,"2023-09-10",NULL,"monthly",NULL,"Free","free",0.00
161,"VineLogic","Healthcare","small","US","America/New_York",239,"active",2,7.50,"2024-03-17",NULL,"annual",NULL,"Starter","starter",12.00
162,"FlowStudio","Real Estate","medium","IN","Asia/Kolkata",240,"expired",5,49.17,"2024-07-26","2025-07-08","annual","Company reorganization","Professional Plus","professional",59.00
162,"FlowStudio","Real Estate","medium","IN","Asia/Kolkata",241,"active",2,10.00,"2025-07-08",NULL,"annual",NULL,"Starter","starter",12.00
163,"Rush Cloud","Education","medium","US","America/Los_Angeles",242,"active",1,0.00,"2024-01-05",NULL,"monthly",NULL,"Free","free",0.00
164,"Acme Logic","Marketing","enterprise","BR","America/Sao_Paulo",243,"active",5,36.88,"2025-05-30",NULL,"annual",NULL,"Professional Plus","professional",59.00
165,"Zen Works","Education","large","FR","Europe/Paris",244,"active",1,0.00,"2025-04-16",NULL,"monthly",NULL,"Free","free",0.00
166,"Zeal Dynamics","Technology","large","CA","America/Toronto",245,"active",1,0.00,"2025-03-25",NULL,"monthly",NULL,"Free","free",0.00
167,"Quest Digital","Legal","medium","AU","Australia/Sydney",246,"active",1,0.00,"2025-08-03",NULL,"monthly",NULL,"Free","free",0.00
168,"XenonNet","Media","medium","SG","Asia/Singapore",247,"cancelled",5,44.25,"2024-09-19","2025-06-26","annual",NULL,"Professional Plus","professional",59.00
169,"Quark Platform","Media","large","JP","Asia/Tokyo",248,"active",1,0.00,"2025-03-01",NULL,"annual",NULL,"Free","free",0.00
170,"WaveLabs","Education","medium","US","America/Chicago",249,"active",1,0.00,"2025-03-14",NULL,"monthly",NULL,"Free","free",0.00
171,"UnitNet","Healthcare","small","US","America/New_York",250,"active",2,10.00,"2023-06-18",NULL,"annual",NULL,"Starter","starter",12.00
172,"JadeSolutions","Manufacturing","medium","GB","Europe/London",251,"active",1,0.00,"2025-01-25",NULL,"annual",NULL,"Free","free",0.00
173,"Rush Hub","Legal","enterprise","US","America/Chicago",252,"cancelled",1,0.00,"2024-04-13","2025-10-15","annual","Not using it","Free","free",0.00
174,"NexusLogic","Marketing","small","CA","America/Toronto",253,"cancelled",5,59.00,"2024-08-27","2025-01-08","monthly",NULL,"Professional Plus","professional",59.00
175,"Yield Corp","Real Estate","small","BR","America/Sao_Paulo",254,"cancelled",1,0.00,"2024-05-16","2024-07-31","monthly","Missing features","Free","free",0.00
175,"Yield Corp","Real Estate","small","BR","America/Sao_Paulo",255,"active",1,0.00,"2024-07-31",NULL,"annual",NULL,"Free","free",0.00
176,"MetaLogic","Media","large","CA","America/Toronto",256,"active",6,74.25,"2023-03-26",NULL,"monthly",NULL,"Enterprise","enterprise",99.00
177,"Iris Cloud","Finance","enterprise","CA","America/Toronto",257,"cancelled",2,10.00,"2023-04-27","2024-02-21","annual","Company reorganization","Starter","starter",12.00
177,"Iris Cloud","Finance","enterprise","CA","America/Toronto",258,"active",3,19.00,"2024-02-21",NULL,"monthly",NULL,"Starter Plus","starter",19.00
178,"WarpPro","E-commerce","medium","US","America/Chicago",259,"active",1,0.00,"2023-12-23",NULL,"annual",NULL,"Free","free",0.00
179,"Vine Ventures","Legal","small","FR","Europe/Paris",260,"cancelled",4,32.50,"2025-04-04","2025-07-11","annual",NULL,"Professional","professional",39.00
180,"Rush Dev","Telecommunications","large","US","America/Chicago",261,"expired",4,27.62,"2023-05-10","2023-08-09","annual","Not using it","Professional","professional",39.00
180,"Rush Dev","Telecommunications","large","US","America/Chicago",262,"active",6,99.00,"2023-08-09",NULL,"monthly",NULL,"Enterprise","enterprise",99.00
181,"PulseHub","Manufacturing","medium","US","America/Los_Angeles",263,"expired",5,59.00,"2025-03-24","2025-07-17","monthly","Budget cuts","Professional Plus","professional",59.00
181,"PulseHub","Manufacturing","medium","US","America/Los_Angeles",264,"active",5,59.00,"2025-07-17",NULL,"monthly",NULL,"Professional Plus","professional",59.00
182,"SageStudio","Consulting","small","BR","America/Sao_Paulo",265,"active",3,19.00,"2024-12-15",NULL,"monthly",NULL,"Starter Plus","starter",19.00
183,"BeamSoftware","Marketing","enterprise","DE","Europe/Berlin",266,"active",3,14.25,"2025-07-04",NULL,"annual",NULL,"Starter Plus","starter",19.00
184,"BoltSystems","Finance","medium","CA","America/Toronto",267,"cancelled",1,0.00,"2023-11-06","2024-02-24","monthly","Too expensive","Free","free",0.00
184,"BoltSystems","Finance","medium","CA","America/Toronto",268,"cancelled",5,49.17,"2024-02-24","2025-10-16","annual",NULL,"Professional Plus","professional",59.00
185,"XenonOps","Finance","small","AU","Australia/Sydney",269,"cancelled",1,0.00,"2024-12-21","2025-04-12","monthly","Not using it","Free","free",0.00
186,"AcmeLabs","Retail","small","AU","Australia/Sydney",270,"cancelled",2,12.00,"2023-04-15","2024-12-05","monthly","Not using it","Starter","starter",12.00
187,"Hive Ventures","Technology","medium","SG","Asia/Singapore",271,"expired",1,0.00,"2024-09-22","2025-03-08","monthly","Not using it","Free","free",0.00
187,"Hive Ventures","Technology","medium","SG","Asia/Singapore",272,"active",3,19.00,"2025-03-08",NULL,"monthly",NULL,"Starter Plus","starter",19.00
188,"GridDigital","Real Estate","large","AU","Australia/Sydney",273,"active",2,12.00,"2023-09-12",NULL,"monthly",NULL,"Starter","starter",12.00
189,"Quest Cloud","E-commerce","medium","BR","America/Sao_Paulo",274,"active",2,10.00,"2025-03-23",NULL,"annual",NULL,"Starter","starter",12.00
190,"Acme Studio","Telecommunications","small","US","America/Los_Angeles",275,"active",2,10.00,"2025-09-04",NULL,"annual",NULL,"Starter","starter",12.00
191,"Data Logic","Media","small","SG","Asia/Singapore",276,"cancelled",4,26.00,"2024-07-03","2025-01-02","annual","Too expensive","Professional","professional",39.00
191,"Data Logic","Media","small","SG","Asia/Singapore",277,"cancelled",7,149.25,"2025-01-02","2025-07-01","monthly","Not using it","Enterprise Custom","enterprise",199.00
191,"Data Logic","Media","small","SG","Asia/Singapore",278,"active",2,10.20,"2025-07-01",NULL,"monthly",NULL,"Starter","starter",12.00
192,"GlowSoftware","Finance","medium","IN","Asia/Kolkata",279,"active",2,12.00,"2024-03-23",NULL,"monthly",NULL,"Starter","starter",12.00
193,"PulseTech","Healthcare","medium","BR","America/Sao_Paulo",280,"cancelled",1,0.00,"2024-12-25","2025-01-28","monthly",NULL,"Free","free",0.00
194,"Zeal Analytics","Legal","small","US","America/New_York",281,"active",2,12.00,"2024-08-13",NULL,"monthly",NULL,"Starter","starter",12.00
195,"Kite Analytics","Insurance","small","BR","America/Sao_Paulo",282,"expired",1,0.00,"2025-06-02","2025-09-10","monthly","Too expensive","Free","free",0.00
195,"Kite Analytics","Insurance","small","BR","America/Sao_Paulo",283,"expired",3,15.83,"2025-09-10","2025-11-09","annual","Switched competitor","Starter Plus","starter",19.00
195,"Kite Analytics","Insurance","small","BR","America/Sao_Paulo",284,"cancelled",6,99.00,"2025-11-09","2025-07-10","monthly","Missing features","Enterprise","enterprise",99.00
196,"CloudDynamics","Legal","large","SG","Asia/Singapore",285,"cancelled",2,10.00,"2023-03-21","2024-03-07","annual","Company reorganization","Starter","starter",12.00
196,"CloudDynamics","Legal","large","SG","Asia/Singapore",286,"active",4,39.00,"2024-03-07",NULL,"monthly",NULL,"Professional","professional",39.00
197,"LunaPlatform","Technology","medium","US","America/Chicago",287,"active",5,49.17,"2023-01-09",NULL,"annual",NULL,"Professional Plus","professional",59.00
198,"DriftStudio","Consulting","enterprise","GB","Europe/London",288,"expired",1,0.00,"2023-01-25","2023-04-14","monthly","Switched competitor","Free","free",0.00
198,"DriftStudio","Consulting","enterprise","GB","Europe/London",289,"expired",5,49.17,"2023-04-14","2024-01-07","annual","Missing features","Professional Plus","professional",59.00
198,"DriftStudio","Consulting","enterprise","GB","Europe/London",290,"active",3,15.83,"2024-01-07",NULL,"annual",NULL,"Starter Plus","starter",19.00
199,"VertexLabs","Manufacturing","enterprise","FR","Europe/Paris",291,"cancelled",1,0.00,"2025-09-11","2025-10-14","monthly",NULL,"Free","free",0.00
200,"XenonHQ","Healthcare","medium","US","America/Chicago",292,"active",5,49.17,"2024-03-21",NULL,"annual",NULL,"Professional Plus","professional",59.00
201,"ZenNet","Marketing","small","CA","America/Toronto",293,"cancelled",2,12.00,"2023-04-19","2024-01-26","monthly","Company reorganization","Starter","starter",12.00
201,"ZenNet","Marketing","small","CA","America/Toronto",294,"cancelled",5,41.79,"2024-01-26","2025-05-11","annual","Switched competitor","Professional Plus","professional",59.00
202,"CoreCloud","Retail","small","US","America/Chicago",295,"expired",2,10.00,"2025-05-05","2025-10-31","annual","Budget cuts","Starter","starter",12.00
202,"CoreCloud","Retail","small","US","America/Chicago",296,"active",6,99.00,"2025-10-31",NULL,"monthly",NULL,"Enterprise","enterprise",99.00
203,"Tidal Analytics","Retail","small","US","America/New_York",297,"active",2,10.00,"2025-04-03",NULL,"annual",NULL,"Starter","starter",12.00
204,"IonSoftware","Marketing","large","SG","Asia/Singapore",298,"expired",5,44.25,"2023-03-08","2024-01-17","monthly","Missing features","Professional Plus","professional",59.00
204,"IonSoftware","Marketing","large","SG","Asia/Singapore",299,"cancelled",1,0.00,"2024-01-17","2025-02-23","annual","Company reorganization","Free","free",0.00
205,"HubAI","Technology","small","BR","America/Sao_Paulo",300,"active",5,49.17,"2023-06-26",NULL,"annual",NULL,"Professional Plus","professional",59.00
206,"RushHQ","Technology","medium","BR","America/Sao_Paulo",301,"expired",1,0.00,"2023-03-31","2023-07-26","annual","Not using it","Free","free",0.00
206,"RushHQ","Technology","medium","BR","America/Sao_Paulo",302,"active",6,74.25,"2023-07-26",NULL,"monthly",NULL,"Enterprise","enterprise",99.00
207,"OnyxDynamics","Manufacturing","enterprise","FR","Europe/Paris",303,"active",1,0.00,"2024-02-02",NULL,"monthly",NULL,"Free","free",0.00
208,"Echo Dev","Marketing","enterprise","BR","America/Sao_Paulo",304,"active",2,10.00,"2025-03-21",NULL,"annual",NULL,"Starter","starter",12.00
209,"KeenLogic","Retail","enterprise","US","America/Los_Angeles",305,"expired",2,12.00,"2023-01-29","2023-11-30","monthly","Company reorganization","Starter","starter",12.00
209,"KeenLogic","Retail","enterprise","US","America/Los_Angeles",306,"active",6,82.50,"2023-11-30",NULL,"annual",NULL,"Enterprise","enterprise",99.00
210,"FluxDynamics","Consulting","small","US","America/Chicago",307,"expired",2,10.00,"2024-09-20","2025-01-13","annual","Missing features","Starter","starter",12.00
210,"FluxDynamics","Consulting","small","US","America/Chicago",308,"active",5,59.00,"2025-01-13",NULL,"monthly",NULL,"Professional Plus","professional",59.00
211,"Trek Digital","Insurance","small","JP","Asia/Tokyo",309,"active",2,12.00,"2023-12-11",NULL,"monthly",NULL,"Starter","starter",12.00
212,"OnyxIO","Finance","large","JP","Asia/Tokyo",310,"active",1,0.00,"2024-01-23",NULL,"annual",NULL,"Free","free",0.00
213,"Sage Ventures","Manufacturing","enterprise","BR","America/Sao_Paulo",311,"cancelled",2,9.00,"2024-08-02","2025-09-21","monthly","Switched competitor","Starter","starter",12.00
214,"UltraSolutions","Healthcare","enterprise","FR","Europe/Paris",312,"cancelled",5,59.00,"2023-09-13","2024-01-27","monthly","Switched competitor","Professional Plus","professional",59.00
214,"UltraSolutions","Healthcare","enterprise","FR","Europe/Paris",313,"active",6,99.00,"2024-01-27",NULL,"monthly",NULL,"Enterprise","enterprise",99.00
215,"ArcSolutions","Consulting","medium","IN","Asia/Kolkata",314,"active",3,15.83,"2024-12-04",NULL,"annual",NULL,"Starter Plus","starter",19.00
216,"SyncLabs","Healthcare","small","IN","Asia/Kolkata",315,"cancelled",3,15.83,"2024-09-20","2025-09-10","annual",NULL,"Starter Plus","starter",19.00
216,"SyncLabs","Healthcare","small","IN","Asia/Kolkata",316,"cancelled",5,59.00,"2025-09-10","2025-11-10","monthly","Not using it","Professional Plus","professional",59.00
216,"SyncLabs","Healthcare","small","IN","Asia/Kolkata",317,"active",3,19.00,"2025-11-10",NULL,"monthly",NULL,"Starter Plus","starter",19.00
217,"PeakSolutions","Manufacturing","small","US","America/New_York",318,"expired",1,0.00,"2025-01-17","2025-08-23","monthly","Not using it","Free","free",0.00
217,"PeakSolutions","Manufacturing","small","US","America/New_York",319,"active",1,0.00,"2025-08-23",NULL,"annual",NULL,"Free","free",0.00
218,"Keen Dynamics","Retail","medium","US","America/Los_Angeles",320,"cancelled",2,10.80,"2023-04-10","2024-01-30","monthly","Budget cuts","Starter","starter",12.00
219,"TidalLogic","Telecommunications","large","DE","Europe/Berlin",321,"cancelled",5,59.00,"2024-04-01","2025-04-07","monthly","Switched competitor","Professional Plus","professional",59.00
220,"GridTech","Insurance","medium","AU","Australia/Sydney",322,"cancelled",4,33.15,"2024-03-04","2024-12-09","monthly","Missing features","Professional","professional",39.00
220,"GridTech","Insurance","medium","AU","Australia/Sydney",323,"active",6,82.50,"2024-12-09",NULL,"annual",NULL,"Enterprise","enterprise",99.00
221,"KeenPlatform","Healthcare","medium","FR","Europe/Paris",324,"cancelled",5,59.00,"2024-09-27","2025-10-30","monthly",NULL,"Professional Plus","professional",59.00
222,"Beam Tech","Logistics","medium","GB","Europe/London",325,"cancelled",2,10.00,"2025-07-25","2025-10-16","annual",NULL,"Starter","starter",12.00
222,"Beam Tech","Logistics","medium","GB","Europe/London",326,"active",7,179.10,"2025-10-16",NULL,"monthly",NULL,"Enterprise Custom","enterprise",199.00
223,"RushDev","Retail","small","FR","Europe/Paris",327,"active",3,15.83,"2024-08-03",NULL,"annual",NULL,"Starter Plus","starter",19.00
224,"GridVentures","Insurance","small","JP","Asia/Tokyo",328,"cancelled",1,0.00,"2023-02-08","2024-11-24","annual","Budget cuts","Free","free",0.00
225,"CloudLogic","Marketing","large","GB","Europe/London",329,"active",3,19.00,"2025-04-17",NULL,"monthly",NULL,"Starter Plus","starter",19.00
226,"OrbitDigital","Legal","medium","IN","Asia/Kolkata",330,"active",1,0.00,"2025-07-24",NULL,"annual",NULL,"Free","free",0.00
227,"DataDev","Healthcare","small","FR","Europe/Paris",331,"expired",5,59.00,"2023-07-17","2023-11-22","monthly","Company reorganization","Professional Plus","professional",59.00
227,"DataDev","Healthcare","small","FR","Europe/Paris",332,"active",2,10.80,"2023-11-22",NULL,"monthly",NULL,"Starter","starter",12.00
228,"DriftAI","Legal","small","DE","Europe/Berlin",333,"active",5,59.00,"2023-09-05",NULL,"monthly",NULL,"Professional Plus","professional",59.00
229,"LinkDynamics","Finance","enterprise","DE","Europe/Berlin",334,"cancelled",6,61.88,"2025-05-24","2025-10-10","annual","Company reorganization","Enterprise","enterprise",99.00
229,"LinkDynamics","Finance","enterprise","DE","Europe/Berlin",335,"active",5,49.17,"2025-10-10",NULL,"annual",NULL,"Professional Plus","professional",59.00
230,"PeakPlatform","Education","large","AU","Australia/Sydney",336,"active",3,19.00,"2023-05-16",NULL,"monthly",NULL,"Starter Plus","starter",19.00
231,"OrbitAnalytics","Education","large","FR","Europe/Paris",337,"active",3,19.00,"2023-08-12",NULL,"monthly",NULL,"Starter Plus","starter",19.00
232,"Quest Studio","Media","large","BR","America/Sao_Paulo",338,"active",4,32.50,"2023-10-11",NULL,"annual",NULL,"Professional","professional",39.00
233,"Hive Hub","E-commerce","small","BR","America/Sao_Paulo",339,"active",2,12.00,"2023-10-30",NULL,"monthly",NULL,"Starter","starter",12.00
234,"LinkNet","Retail","small","IN","Asia/Kolkata",340,"cancelled",5,53.10,"2024-11-18","2025-06-15","monthly","Not using it","Professional Plus","professional",59.00
234,"LinkNet","Retail","small","IN","Asia/Kolkata",341,"active",4,39.00,"2025-06-15",NULL,"monthly",NULL,"Professional","professional",39.00
235,"SyncSystems","Legal","small","FR","Europe/Paris",342,"active",1,0.00,"2023-08-16",NULL,"annual",NULL,"Free","free",0.00
236,"ArcWorks","Real Estate","small","CA","America/Toronto",343,"expired",3,15.83,"2024-09-27","2025-02-04","annual","Missing features","Starter Plus","starter",19.00
236,"ArcWorks","Real Estate","small","CA","America/Toronto",344,"cancelled",4,29.25,"2025-02-04","2025-10-07","annual","Not using it","Professional","professional",39.00
237,"HiveCloud","Retail","enterprise","US","America/Los_Angeles",345,"expired",1,0.00,"2025-06-02","2025-10-16","monthly","Company reorganization","Free","free",0.00
237,"HiveCloud","Retail","enterprise","US","America/Los_Angeles",346,"cancelled",5,49.17,"2025-10-16","2025-12-16","annual","Not using it","Professional Plus","professional",59.00
237,"HiveCloud","Retail","enterprise","US","America/Los_Angeles",347,"active",3,15.20,"2025-12-16",NULL,"monthly",NULL,"Starter Plus","starter",19.00
238,"VertexStack","Marketing","large","US","America/New_York",348,"expired",4,39.00,"2023-06-12","2023-12-25","monthly","Budget cuts","Professional","professional",39.00
238,"VertexStack","Marketing","large","US","America/New_York",349,"active",4,35.10,"2023-12-25",NULL,"monthly",NULL,"Professional","professional",39.00
239,"IonGroup","Manufacturing","medium","AU","Australia/Sydney",350,"cancelled",4,32.50,"2025-07-02","2025-09-20","annual","Not using it","Professional","professional",39.00
239,"IonGroup","Manufacturing","medium","AU","Australia/Sydney",351,"cancelled",5,49.17,"2025-09-20","2025-11-20","annual","Not using it","Professional Plus","professional",59.00
239,"IonGroup","Manufacturing","medium","AU","Australia/Sydney",352,"active",5,59.00,"2025-11-20",NULL,"monthly",NULL,"Professional Plus","professional",59.00
240,"Unit Platform","E-commerce","large","IN","Asia/Kolkata",353,"cancelled",1,0.00,"2025-04-23","2025-10-18","monthly","Missing features","Free","free",0.00
240,"Unit Platform","E-commerce","large","IN","Asia/Kolkata",354,"cancelled",4,39.00,"2025-10-18","2025-07-18","monthly","Budget cuts","Professional","professional",39.00
241,"BeamOps","Marketing","medium","IN","Asia/Kolkata",355,"cancelled",2,12.00,"2023-08-18","2024-08-15","monthly",NULL,"Starter","starter",12.00
241,"BeamOps","Marketing","medium","IN","Asia/Kolkata",356,"active",3,15.83,"2024-08-15",NULL,"annual",NULL,"Starter Plus","starter",19.00
242,"HubStudio","Insurance","small","AU","Australia/Sydney",357,"cancelled",3,15.83,"2024-11-08","2025-10-05","annual",NULL,"Starter Plus","starter",19.00
242,"HubStudio","Insurance","small","AU","Australia/Sydney",358,"cancelled",4,39.00,"2025-10-05","2025-10-28","monthly","Not using it","Professional","professional",39.00
243,"YieldSystems","Consulting","large","US","America/Los_Angeles",359,"active",1,0.00,"2023-10-04",NULL,"monthly",NULL,"Free","free",0.00
244,"Grid IO","E-commerce","medium","GB","Europe/London",360,"cancelled",2,12.00,"2023-10-30","2024-09-07","monthly","Missing features","Starter","starter",12.00
244,"Grid IO","E-commerce","medium","GB","Europe/London",361,"cancelled",3,19.00,"2024-09-07","2025-01-27","monthly",NULL,"Starter Plus","starter",19.00
245,"Quest Tech","Telecommunications","small","BR","America/Sao_Paulo",362,"cancelled",2,12.00,"2025-01-10","2025-05-19","monthly","Switched competitor","Starter","starter",12.00
246,"Luna AI","Retail","small","IN","Asia/Kolkata",363,"cancelled",2,12.00,"2025-06-30","2025-10-20","monthly","Too expensive","Starter","starter",12.00
247,"VertexStudio","Real Estate","small","FR","Europe/Paris",364,"expired",1,0.00,"2024-04-12","2025-03-05","monthly","Too expensive","Free","free",0.00
247,"VertexStudio","Real Estate","small","FR","Europe/Paris",365,"expired",6,82.50,"2025-03-05","2025-06-08","annual","Not using it","Enterprise","enterprise",99.00
247,"VertexStudio","Real Estate","small","FR","Europe/Paris",366,"active",3,15.83,"2025-06-08",NULL,"annual",NULL,"Starter Plus","starter",19.00
248,"Sage Pro","Technology","enterprise","US","America/Los_Angeles",367,"cancelled",1,0.00,"2023-07-05","2024-05-26","monthly","Budget cuts","Free","free",0.00
248,"Sage Pro","Technology","enterprise","US","America/Los_Angeles",368,"active",5,49.17,"2024-05-26",NULL,"annual",NULL,"Professional Plus","professional",59.00
249,"RiftPro","Finance","medium","CA","America/Toronto",369,"active",4,39.00,"2025-06-08",NULL,"monthly",NULL,"Professional","professional",39.00
250,"SageNet","Manufacturing","large","FR","Europe/Paris",370,"cancelled",2,10.00,"2025-04-26","2025-09-07","annual","Company reorganization","Starter","starter",12.00
250,"SageNet","Manufacturing","large","FR","Europe/Paris",371,"active",4,39.00,"2025-09-07",NULL,"monthly",NULL,"Professional","professional",39.00
251,"AcmeStack","Media","enterprise","CA","America/Toronto",372,"active",1,0.00,"2023-12-05",NULL,"monthly",NULL,"Free","free",0.00
252,"Core Ventures","Consulting","small","CA","America/Toronto",373,"cancelled",1,0.00,"2024-02-27","2025-05-28","monthly","Not using it","Free","free",0.00
253,"Quest HQ","Marketing","small","US","America/New_York",374,"active",6,82.50,"2025-01-03",NULL,"annual",NULL,"Enterprise","enterprise",99.00
254,"GridHub","Technology","small","IN","Asia/Kolkata",375,"cancelled",2,10.00,"2023-04-19","2024-01-29","annual",NULL,"Starter","starter",12.00
255,"GridAnalytics","E-commerce","small","AU","Australia/Sydney",376,"cancelled",2,12.00,"2024-02-29","2024-08-02","monthly","Switched competitor","Starter","starter",12.00
255,"GridAnalytics","E-commerce","small","AU","Australia/Sydney",377,"cancelled",2,10.00,"2024-08-02","2025-08-03","annual",NULL,"Starter","starter",12.00
256,"DriftOps","Media","small","CA","America/Toronto",378,"expired",1,0.00,"2024-05-09","2025-05-03","monthly","Budget cuts","Free","free",0.00
256,"DriftOps","Media","small","CA","America/Toronto",379,"active",5,59.00,"2025-05-03",NULL,"monthly",NULL,"Professional Plus","professional",59.00
257,"Ion Systems","Manufacturing","large","BR","America/Sao_Paulo",380,"active",3,15.83,"2025-02-19",NULL,"annual",NULL,"Starter Plus","starter",19.00
258,"Mist Net","Telecommunications","large","JP","Asia/Tokyo",381,"active",4,31.20,"2023-07-25",NULL,"monthly",NULL,"Professional","professional",39.00
259,"RiftDigital","Logistics","small","JP","Asia/Tokyo",382,"expired",2,12.00,"2024-08-19","2024-12-27","monthly","Not using it","Starter","starter",12.00
259,"RiftDigital","Logistics","small","JP","Asia/Tokyo",383,"active",5,50.15,"2024-12-27",NULL,"monthly",NULL,"Professional Plus","professional",59.00
260,"IrisCloud","Manufacturing","enterprise","US","America/New_York",384,"active",1,0.00,"2025-02-07",NULL,"monthly",NULL,"Free","free",0.00
261,"JetAI","Education","small","JP","Asia/Tokyo",385,"active",1,0.00,"2025-01-30",NULL,"monthly",NULL,"Free","free",0.00
262,"Yield Logic","Manufacturing","enterprise","SG","Asia/Singapore",386,"cancelled",4,32.50,"2025-03-10","2025-07-18","annual","Too expensive","Professional","professional",39.00
262,"Yield Logic","Manufacturing","enterprise","SG","Asia/Singapore",387,"active",4,39.00,"2025-07-18",NULL,"monthly",NULL,"Professional","professional",39.00
263,"WarpVentures","Real Estate","small","FR","Europe/Paris",388,"expired",2,12.00,"2023-06-27","2023-09-14","monthly","Not using it","Starter","starter",12.00
263,"WarpVentures","Real Estate","small","FR","Europe/Paris",389,"active",5,59.00,"2023-09-14",NULL,"monthly",NULL,"Professional Plus","professional",59.00
264,"Link Analytics","Technology","small","CA","America/Toronto",390,"active",1,0.00,"2025-08-12",NULL,"monthly",NULL,"Free","free",0.00
265,"FluxVentures","Healthcare","enterprise","FR","Europe/Paris",391,"cancelled",2,12.00,"2023-06-13","2024-04-25","monthly","Switched competitor","Starter","starter",12.00
265,"FluxVentures","Healthcare","enterprise","FR","Europe/Paris",392,"active",5,49.17,"2024-04-25",NULL,"annual",NULL,"Professional Plus","professional",59.00
266,"NovaOps","Marketing","small","GB","Europe/London",393,"active",1,0.00,"2023-12-21",NULL,"monthly",NULL,"Free","free",0.00
267,"CloudOps","Manufacturing","enterprise","US","America/Chicago",394,"active",2,10.20,"2024-01-19",NULL,"monthly",NULL,"Starter","starter",12.00
268,"PeakSoftware","Healthcare","small","US","America/Los_Angeles",395,"active",1,0.00,"2025-03-03",NULL,"monthly",NULL,"Free","free",0.00
269,"NovaDynamics","Telecommunications","large","AU","Australia/Sydney",396,"active",1,0.00,"2025-01-04",NULL,"monthly",NULL,"Free","free",0.00
270,"JadeTech","E-commerce","small","AU","Australia/Sydney",397,"cancelled",1,0.00,"2023-05-02","2023-07-20","annual","Too expensive","Free","free",0.00
270,"JadeTech","E-commerce","small","AU","Australia/Sydney",398,"active",5,49.17,"2023-07-20",NULL,"annual",NULL,"Professional Plus","professional",59.00
271,"SageTech","Media","small","DE","Europe/Berlin",399,"active",1,0.00,"2025-04-21",NULL,"annual",NULL,"Free","free",0.00
272,"JetCloud","Telecommunications","enterprise","FR","Europe/Paris",400,"active",1,0.00,"2023-01-06",NULL,"annual",NULL,"Free","free",0.00
273,"TidalSoftware","Telecommunications","large","IN","Asia/Kolkata",401,"active",2,12.00,"2023-08-15",NULL,"monthly",NULL,"Starter","starter",12.00
274,"WarpDynamics","Media","small","DE","Europe/Berlin",402,"cancelled",1,0.00,"2023-12-05","2024-05-02","annual","Budget cuts","Free","free",0.00
274,"WarpDynamics","Media","small","DE","Europe/Berlin",403,"cancelled",3,14.25,"2024-05-02","2025-01-17","annual",NULL,"Starter Plus","starter",19.00
274,"WarpDynamics","Media","small","DE","Europe/Berlin",404,"active",5,59.00,"2025-01-17",NULL,"monthly",NULL,"Professional Plus","professional",59.00
275,"GridCloud","Telecommunications","small","IN","Asia/Kolkata",405,"expired",3,15.83,"2024-08-03","2025-01-08","annual","Missing features","Starter Plus","starter",19.00
275,"GridCloud","Telecommunications","small","IN","Asia/Kolkata",406,"active",6,99.00,"2025-01-08",NULL,"monthly",NULL,"Enterprise","enterprise",99.00
276,"UltraPlatform","Legal","large","SG","Asia/Singapore",407,"expired",1,0.00,"2024-04-18","2025-02-18","monthly","Company reorganization","Free","free",0.00
276,"UltraPlatform","Legal","large","SG","Asia/Singapore",408,"cancelled",2,10.00,"2025-02-18","2025-05-31","annual","Not using it","Starter","starter",12.00
276,"UltraPlatform","Legal","large","SG","Asia/Singapore",409,"active",4,32.50,"2025-05-31",NULL,"annual",NULL,"Professional","professional",39.00
277,"Mist Tech","Retail","small","US","America/Los_Angeles",410,"cancelled",1,0.00,"2025-07-02","2025-09-19","monthly","Switched competitor","Free","free",0.00
278,"Cloud Dynamics","Education","medium","JP","Asia/Tokyo",411,"cancelled",3,19.00,"2024-08-26","2025-05-25","monthly","Switched competitor","Starter Plus","starter",19.00
278,"Cloud Dynamics","Education","medium","JP","Asia/Tokyo",412,"expired",1,0.00,"2025-05-25","2025-10-21","monthly","Not using it","Free","free",0.00
278,"Cloud Dynamics","Education","medium","JP","Asia/Tokyo",413,"active",7,149.25,"2025-10-21",NULL,"annual",NULL,"Enterprise Custom","enterprise",199.00
279,"ZenStudio","Logistics","small","BR","America/Sao_Paulo",414,"active",4,39.00,"2025-08-29",NULL,"monthly",NULL,"Professional","professional",39.00
280,"VinePro","Marketing","small","GB","Europe/London",415,"active",2,12.00,"2023-07-31",NULL,"monthly",NULL,"Starter","starter",12.00
281,"EchoHQ","Technology","large","IN","Asia/Kolkata",416,"active",1,0.00,"2023-09-27",NULL,"monthly",NULL,"Free","free",0.00
282,"XenonVentures","Retail","small","JP","Asia/Tokyo",417,"active",1,0.00,"2025-06-07",NULL,"monthly",NULL,"Free","free",0.00
283,"GlowDigital","E-commerce","small","JP","Asia/Tokyo",418,"expired",1,0.00,"2025-04-16","2025-09-23","monthly","Company reorganization","Free","free",0.00
283,"GlowDigital","E-commerce","small","JP","Asia/Tokyo",419,"cancelled",4,32.50,"2025-09-23","2025-06-29","annual","Budget cuts","Professional","professional",39.00
284,"EchoOps","E-commerce","medium","US","America/Los_Angeles",420,"expired",3,19.00,"2023-06-14","2024-04-06","monthly","Switched competitor","Starter Plus","starter",19.00
284,"EchoOps","E-commerce","medium","US","America/Los_Angeles",421,"cancelled",1,0.00,"2024-04-06","2025-09-17","annual","Budget cuts","Free","free",0.00
285,"Luna Dev","Manufacturing","medium","BR","America/Sao_Paulo",422,"active",6,99.00,"2023-08-10",NULL,"monthly",NULL,"Enterprise","enterprise",99.00
286,"KitePlatform","Real Estate","small","BR","America/Sao_Paulo",423,"cancelled",1,0.00,"2024-12-03","2025-07-30","monthly","Switched competitor","Free","free",0.00
286,"KitePlatform","Real Estate","small","BR","America/Sao_Paulo",424,"expired",3,15.83,"2025-07-30","2025-10-05","annual","Company reorganization","Starter Plus","starter",19.00
286,"KitePlatform","Real Estate","small","BR","America/Sao_Paulo",425,"active",5,59.00,"2025-10-05",NULL,"monthly",NULL,"Professional Plus","professional",59.00
287,"Bolt Software","Media","enterprise","JP","Asia/Tokyo",426,"expired",2,12.00,"2024-09-21","2025-01-06","monthly","Too expensive","Starter","starter",12.00
287,"Bolt Software","Media","enterprise","JP","Asia/Tokyo",427,"active",3,19.00,"2025-01-06",NULL,"monthly",NULL,"Starter Plus","starter",19.00
288,"FlowIO","Telecommunications","medium","JP","Asia/Tokyo",428,"active",1,0.00,"2024-01-15",NULL,"monthly",NULL,"Free","free",0.00
289,"OrbitIO","Manufacturing","small","BR","America/Sao_Paulo",429,"expired",1,0.00,"2023-05-18","2024-04-09","monthly","Too expensive","Free","free",0.00
289,"OrbitIO","Manufacturing","small","BR","America/Sao_Paulo",430,"expired",6,61.88,"2024-04-09","2025-03-06","annual",NULL,"Enterprise","enterprise",99.00
289,"OrbitIO","Manufacturing","small","BR","America/Sao_Paulo",431,"active",3,15.83,"2025-03-06",NULL,"annual",NULL,"Starter Plus","starter",19.00
290,"SyncGroup","Manufacturing","small","GB","Europe/London",432,"expired",3,15.83,"2024-01-20","2024-05-19","annual","Too expensive","Starter Plus","starter",19.00
290,"SyncGroup","Manufacturing","small","GB","Europe/London",433,"active",5,59.00,"2024-05-19",NULL,"monthly",NULL,"Professional Plus","professional",59.00
291,"Beam Stack","Real Estate","small","DE","Europe/Berlin",434,"expired",4,39.00,"2024-02-11","2024-08-05","monthly","Company reorganization","Professional","professional",39.00
291,"Beam Stack","Real Estate","small","DE","Europe/Berlin",435,"active",4,32.50,"2024-08-05",NULL,"annual",NULL,"Professional","professional",39.00
292,"LunaStudio","Consulting","small","DE","Europe/Berlin",436,"cancelled",1,0.00,"2024-11-06","2025-03-05","annual","Not using it","Free","free",0.00
293,"GridSoftware","Insurance","small","JP","Asia/Tokyo",437,"expired",3,19.00,"2023-01-06","2023-08-21","monthly","Budget cuts","Starter Plus","starter",19.00
293,"GridSoftware","Insurance","small","JP","Asia/Tokyo",438,"active",4,39.00,"2023-08-21",NULL,"monthly",NULL,"Professional","professional",39.00
294,"UnitLogic","Manufacturing","medium","SG","Asia/Singapore",439,"expired",5,49.17,"2024-03-25","2024-09-06","annual","Budget cuts","Professional Plus","professional",59.00
294,"UnitLogic","Manufacturing","medium","SG","Asia/Singapore",440,"cancelled",5,49.17,"2024-09-06","2025-09-16","annual","Not using it","Professional Plus","professional",59.00
295,"NexusSolutions","Marketing","small","SG","Asia/Singapore",441,"active",5,49.17,"2024-02-09",NULL,"annual",NULL,"Professional Plus","professional",59.00
296,"WaveStudio","Education","small","BR","America/Sao_Paulo",442,"expired",1,0.00,"2024-06-02","2025-01-30","monthly","Switched competitor","Free","free",0.00
296,"WaveStudio","Education","small","BR","America/Sao_Paulo",443,"cancelled",2,12.00,"2025-01-30","2024-08-27","monthly","Budget cuts","Starter","starter",12.00
297,"Core Logic","Real Estate","medium","GB","Europe/London",444,"expired",6,99.00,"2025-06-01","2025-10-22","monthly","Not using it","Enterprise","enterprise",99.00
297,"Core Logic","Real Estate","medium","GB","Europe/London",445,"cancelled",6,99.00,"2025-10-22","2025-07-23","monthly","Company reorganization","Enterprise","enterprise",99.00
298,"Ultra Corp","Marketing","medium","JP","Asia/Tokyo",446,"cancelled",1,0.00,"2025-02-05","2025-09-22","annual","Budget cuts","Free","free",0.00
298,"Ultra Corp","Marketing","medium","JP","Asia/Tokyo",447,"active",2,12.00,"2025-09-22",NULL,"monthly",NULL,"Starter","starter",12.00
299,"Keen Analytics","Finance","large","SG","Asia/Singapore",448,"active",5,59.00,"2023-07-31",NULL,"monthly",NULL,"Professional Plus","professional",59.00
300,"Flow Ops","Logistics","medium","BR","America/Sao_Paulo",449,"active",5,59.00,"2023-11-19",NULL,"monthly",NULL,"Professional Plus","professional",59.00
301,"FluxSolutions","Telecommunications","medium","DE","Europe/Berlin",450,"expired",3,15.83,"2024-05-04","2024-12-04","annual",NULL,"Starter Plus","starter",19.00
301,"FluxSolutions","Telecommunications","medium","DE","Europe/Berlin",451,"active",5,41.79,"2024-12-04",NULL,"annual",NULL,"Professional Plus","professional",59.00
302,"DriftSystems","Consulting","small","FR","Europe/Paris",452,"active",2,10.00,"2024-09-19",NULL,"annual",NULL,"Starter","starter",12.00
303,"EchoGroup","Finance","medium","AU","Australia/Sydney",453,"active",3,15.83,"2023-07-04",NULL,"annual",NULL,"Starter Plus","starter",19.00
304,"Pulse Dynamics","Manufacturing","enterprise","AU","Australia/Sydney",454,"active",3,15.83,"2023-06-30",NULL,"annual",NULL,"Starter Plus","starter",19.00
305,"Keen AI","Manufacturing","small","FR","Europe/Paris",455,"active",6,99.00,"2023-12-09",NULL,"monthly",NULL,"Enterprise","enterprise",99.00
306,"MetaVentures","Logistics","medium","US","America/Los_Angeles",456,"expired",6,99.00,"2024-04-02","2024-09-26","monthly","Not using it","Enterprise","enterprise",99.00
306,"MetaVentures","Logistics","medium","US","America/Los_Angeles",457,"expired",2,12.00,"2024-09-26","2025-08-20","monthly","Switched competitor","Starter","starter",12.00
306,"MetaVentures","Logistics","medium","US","America/Los_Angeles",458,"active",2,9.00,"2025-08-20",NULL,"annual",NULL,"Starter","starter",12.00
307,"KiteStack","Marketing","medium","SG","Asia/Singapore",459,"expired",1,0.00,"2023-08-22","2024-06-13","monthly","Switched competitor","Free","free",0.00
307,"KiteStack","Marketing","medium","SG","Asia/Singapore",460,"active",2,12.00,"2024-06-13",NULL,"monthly",NULL,"Starter","starter",12.00
308,"MistStack","Telecommunications","medium","IN","Asia/Kolkata",461,"cancelled",1,0.00,"2023-01-24","2024-02-22","monthly","Company reorganization","Free","free",0.00
309,"NovaSolutions","Healthcare","small","CA","America/Toronto",462,"cancelled",4,32.50,"2024-09-24","2025-07-05","annual","Budget cuts","Professional","professional",39.00
310,"Hive Solutions","Technology","small","SG","Asia/Singapore",463,"active",2,12.00,"2024-07-15",NULL,"monthly",NULL,"Starter","starter",12.00
311,"LinkGroup","Legal","large","BR","America/Sao_Paulo",464,"cancelled",1,0.00,"2023-08-21","2024-06-28","annual","Budget cuts","Free","free",0.00
311,"LinkGroup","Legal","large","BR","America/Sao_Paulo",465,"cancelled",5,44.25,"2024-06-28","2025-01-07","annual","Missing features","Professional Plus","professional",59.00
311,"LinkGroup","Legal","large","BR","America/Sao_Paulo",466,"active",6,82.50,"2025-01-07",NULL,"annual",NULL,"Enterprise","enterprise",99.00
312,"SageIO","Consulting","small","US","America/New_York",467,"active",6,82.50,"2023-07-13",NULL,"annual",NULL,"Enterprise","enterprise",99.00
313,"TrekPro","Retail","medium","GB","Europe/London",468,"active",1,0.00,"2024-12-02",NULL,"monthly",NULL,"Free","free",0.00
314,"ArcSoftware","Finance","small","DE","Europe/Berlin",469,"cancelled",3,15.83,"2023-11-25","2024-02-08","annual","Too expensive","Starter Plus","starter",19.00
314,"ArcSoftware","Finance","small","DE","Europe/Berlin",470,"cancelled",4,32.50,"2024-02-08","2024-02-01","annual","Missing features","Professional","professional",39.00
315,"RushDigital","Legal","small","GB","Europe/London",471,"active",1,0.00,"2025-03-29",NULL,"monthly",NULL,"Free","free",0.00
316,"VertexTech","Finance","small","DE","Europe/Berlin",472,"active",2,10.00,"2023-09-14",NULL,"annual",NULL,"Starter","starter",12.00
317,"Zeal HQ","E-commerce","large","US","America/New_York",473,"active",3,19.00,"2024-11-28",NULL,"monthly",NULL,"Starter Plus","starter",19.00
318,"Jade Dev","Healthcare","small","CA","America/Toronto",474,"cancelled",4,32.50,"2023-08-30","2024-04-27","annual","Switched competitor","Professional","professional",39.00
318,"Jade Dev","Healthcare","small","CA","America/Toronto",475,"active",6,99.00,"2024-04-27",NULL,"monthly",NULL,"Enterprise","enterprise",99.00
319,"LinkSystems","E-commerce","small","US","America/New_York",476,"active",2,12.00,"2023-04-02",NULL,"monthly",NULL,"Starter","starter",12.00
320,"Wave Stack","Finance","large","JP","Asia/Tokyo",477,"active",1,0.00,"2025-02-13",NULL,"monthly",NULL,"Free","free",0.00
321,"BoltNet","Legal","small","DE","Europe/Berlin",478,"active",1,0.00,"2023-07-14",NULL,"monthly",NULL,"Free","free",0.00
322,"RushGroup","Media","small","US","America/Chicago",479,"expired",4,39.00,"2023-01-01","2023-07-25","monthly","Company reorganization","Professional","professional",39.00
322,"RushGroup","Media","small","US","America/Chicago",480,"active",4,29.25,"2023-07-25",NULL,"annual",NULL,"Professional","professional",39.00
323,"NexusStudio","E-commerce","small","FR","Europe/Paris",481,"active",3,19.00,"2024-05-24",NULL,"monthly",NULL,"Starter Plus","starter",19.00
324,"Hive Ops","Healthcare","small","US","America/Los_Angeles",482,"expired",1,0.00,"2024-10-19","2025-09-02","annual","Company reorganization","Free","free",0.00
324,"Hive Ops","Healthcare","small","US","America/Los_Angeles",483,"cancelled",3,19.00,"2025-09-02","2025-11-01","monthly","Too expensive","Starter Plus","starter",19.00
324,"Hive Ops","Healthcare","small","US","America/Los_Angeles",484,"active",7,165.83,"2025-11-01",NULL,"annual",NULL,"Enterprise Custom","enterprise",199.00
325,"Trek Tech","Technology","small","SG","Asia/Singapore",485,"active",4,39.00,"2025-01-31",NULL,"monthly",NULL,"Professional","professional",39.00
326,"NexusAnalytics","Legal","small","DE","Europe/Berlin",486,"expired",2,10.00,"2023-07-14","2024-01-12","annual",NULL,"Starter","starter",12.00
326,"NexusAnalytics","Legal","small","DE","Europe/Berlin",487,"cancelled",4,39.00,"2024-01-12","2024-11-30","monthly","Not using it","Professional","professional",39.00
326,"NexusAnalytics","Legal","small","DE","Europe/Berlin",488,"cancelled",3,15.83,"2024-11-30","2024-09-02","annual","Missing features","Starter Plus","starter",19.00
327,"JadePro","Legal","small","SG","Asia/Singapore",489,"expired",2,12.00,"2023-06-20","2024-03-23","monthly","Company reorganization","Starter","starter",12.00
327,"JadePro","Legal","small","SG","Asia/Singapore",490,"paused",5,59.00,"2024-03-23",NULL,"monthly",NULL,"Professional Plus","professional",59.00
328,"IrisGroup","Marketing","small","JP","Asia/Tokyo",491,"active",3,19.00,"2024-07-30",NULL,"monthly",NULL,"Starter Plus","starter",19.00
329,"ZenLabs","Education","medium","US","America/New_York",492,"active",1,0.00,"2023-08-08",NULL,"monthly",NULL,"Free","free",0.00
330,"JadeDev","Telecommunications","medium","US","America/Los_Angeles",493,"active",1,0.00,"2024-08-19",NULL,"monthly",NULL,"Free","free",0.00
331,"UnitWorks","Finance","medium","FR","Europe/Paris",494,"active",4,39.00,"2025-04-07",NULL,"monthly",NULL,"Professional","professional",39.00
332,"WaveCorp","Retail","small","GB","Europe/London",495,"cancelled",1,0.00,"2024-06-20","2025-09-12","monthly","Not using it","Free","free",0.00
333,"ZenHQ","Real Estate","medium","US","America/Chicago",496,"cancelled",2,10.80,"2024-05-02","2025-02-24","monthly","Not using it","Starter","starter",12.00
333,"ZenHQ","Real Estate","medium","US","America/Chicago",497,"active",1,0.00,"2025-02-24",NULL,"monthly",NULL,"Free","free",0.00
334,"ZenDev","Legal","small","US","America/Los_Angeles",498,"cancelled",4,32.50,"2024-09-22","2025-07-29","annual","Too expensive","Professional","professional",39.00
334,"ZenDev","Legal","small","US","America/Los_Angeles",499,"active",4,32.50,"2025-07-29",NULL,"annual",NULL,"Professional","professional",39.00
335,"ZealCorp","Telecommunications","medium","US","America/Chicago",500,"cancelled",5,53.10,"2024-08-31","2024-12-26","monthly","Company reorganization","Professional Plus","professional",59.00
335,"ZealCorp","Telecommunications","medium","US","America/Chicago",501,"active",5,49.17,"2024-12-26",NULL,"annual",NULL,"Professional Plus","professional",59.00
336,"WaveGroup","Insurance","medium","BR","America/Sao_Paulo",502,"active",6,99.00,"2023-06-09",NULL,"monthly",NULL,"Enterprise","enterprise",99.00
337,"Nexus Digital","Retail","enterprise","DE","Europe/Berlin",503,"active",3,15.83,"2023-12-06",NULL,"annual",NULL,"Starter Plus","starter",19.00
338,"JadeIO","Finance","large","FR","Europe/Paris",504,"cancelled",6,70.12,"2023-06-24","2024-05-30","annual","Switched competitor","Enterprise","enterprise",99.00
339,"DataHQ","Technology","small","AU","Australia/Sydney",505,"expired",2,10.00,"2023-01-20","2023-08-05","annual",NULL,"Starter","starter",12.00
339,"DataHQ","Technology","small","AU","Australia/Sydney",506,"active",3,16.15,"2023-08-05",NULL,"monthly",NULL,"Starter Plus","starter",19.00
340,"OrbitLogic","Legal","small","IN","Asia/Kolkata",507,"active",1,0.00,"2024-07-28",NULL,"monthly",NULL,"Free","free",0.00
341,"VertexIO","Finance","small","IN","Asia/Kolkata",508,"active",2,10.00,"2023-03-05",NULL,"annual",NULL,"Starter","starter",12.00
342,"Vertex Logic","Logistics","small","US","America/Chicago",509,"expired",2,10.80,"2024-08-09","2025-01-06","monthly",NULL,"Starter","starter",12.00
342,"Vertex Logic","Logistics","small","US","America/Chicago",510,"cancelled",2,10.00,"2025-01-06","2025-05-08","annual","Budget cuts","Starter","starter",12.00
343,"PeakDigital","Logistics","enterprise","GB","Europe/London",511,"active",1,0.00,"2024-03-16",NULL,"annual",NULL,"Free","free",0.00
344,"PeakVentures","Marketing","small","JP","Asia/Tokyo",512,"paused",1,0.00,"2025-02-22",NULL,"monthly",NULL,"Free","free",0.00
345,"Zeal Software","Healthcare","small","US","America/Los_Angeles",513,"active",4,39.00,"2023-08-25",NULL,"monthly",NULL,"Professional","professional",39.00
346,"SageHub","Media","enterprise","BR","America/Sao_Paulo",514,"cancelled",1,0.00,"2023-05-21","2024-06-05","annual","Company reorganization","Free","free",0.00
347,"ArcPlatform","E-commerce","enterprise","GB","Europe/London",515,"active",4,39.00,"2023-11-29",NULL,"monthly",NULL,"Professional","professional",39.00
348,"Vine Logic","Legal","small","AU","Australia/Sydney",516,"active",1,0.00,"2024-04-07",NULL,"annual",NULL,"Free","free",0.00
349,"HiveDynamics","Legal","small","JP","Asia/Tokyo",517,"expired",4,39.00,"2024-02-12","2024-12-23","monthly","Switched competitor","Professional","professional",39.00
349,"HiveDynamics","Legal","small","JP","Asia/Tokyo",518,"active",6,99.00,"2024-12-23",NULL,"monthly",NULL,"Enterprise","enterprise",99.00
350,"DriftSolutions","Real Estate","small","FR","Europe/Paris",519,"cancelled",1,0.00,"2023-04-26","2024-04-07","annual","Missing features","Free","free",0.00
350,"DriftSolutions","Real Estate","small","FR","Europe/Paris",520,"cancelled",4,39.00,"2024-04-07","2025-09-20","monthly","Switched competitor","Professional","professional",39.00
351,"LunaHQ","Legal","small","CA","America/Toronto",521,"expired",1,0.00,"2023-05-07","2023-09-04","monthly","Budget cuts","Free","free",0.00
351,"LunaHQ","Legal","small","CA","America/Toronto",522,"cancelled",2,10.00,"2023-09-04","2025-05-04","annual","Not using it","Starter","starter",12.00
352,"UnitDev","Finance","medium","JP","Asia/Tokyo",523,"cancelled",1,0.00,"2025-06-02","2025-07-30","monthly","Missing features","Free","free",0.00
353,"ArcCloud","Insurance","medium","DE","Europe/Berlin",524,"active",1,0.00,"2025-02-22",NULL,"annual",NULL,"Free","free",0.00
354,"Link Ops","Consulting","medium","AU","Australia/Sydney",525,"active",3,19.00,"2024-07-24",NULL,"monthly",NULL,"Starter Plus","starter",19.00
355,"Cloud Ops","Real Estate","enterprise","BR","America/Sao_Paulo",526,"active",3,19.00,"2023-06-15",NULL,"monthly",NULL,"Starter Plus","starter",19.00
356,"DriftPro","Telecommunications","small","US","America/Chicago",527,"active",5,59.00,"2025-05-13",NULL,"monthly",NULL,"Professional Plus","professional",59.00
357,"VertexDev","E-commerce","large","GB","Europe/London",528,"active",1,0.00,"2024-05-10",NULL,"monthly",NULL,"Free","free",0.00
358,"BeamGroup","Education","medium","BR","America/Sao_Paulo",529,"active",4,39.00,"2024-10-09",NULL,"monthly",NULL,"Professional","professional",39.00
359,"TrekCloud","Technology","small","US","America/New_York",530,"active",2,10.00,"2024-02-29",NULL,"annual",NULL,"Starter","starter",12.00
360,"Sync Analytics","Insurance","small","DE","Europe/Berlin",531,"expired",4,32.50,"2023-12-16","2024-02-22","annual","Switched competitor","Professional","professional",39.00
360,"Sync Analytics","Insurance","small","DE","Europe/Berlin",532,"active",6,82.50,"2024-02-22",NULL,"annual",NULL,"Enterprise","enterprise",99.00
361,"MetaWorks","Telecommunications","large","CA","America/Toronto",533,"active",4,32.50,"2025-07-02",NULL,"annual",NULL,"Professional","professional",39.00
362,"Hive Cloud","Real Estate","large","SG","Asia/Singapore",534,"active",3,15.83,"2025-06-28",NULL,"annual",NULL,"Starter Plus","starter",19.00
363,"VertexLogic","Retail","small","BR","America/Sao_Paulo",535,"active",2,12.00,"2023-11-19",NULL,"monthly",NULL,"Starter","starter",12.00
364,"LunaSystems","Technology","enterprise","GB","Europe/London",536,"expired",4,32.50,"2023-12-15","2024-04-30","annual","Switched competitor","Professional","professional",39.00
364,"LunaSystems","Technology","enterprise","GB","Europe/London",537,"expired",2,12.00,"2024-04-30","2024-12-24","monthly","Budget cuts","Starter","starter",12.00
364,"LunaSystems","Technology","enterprise","GB","Europe/London",538,"active",4,39.00,"2024-12-24",NULL,"monthly",NULL,"Professional","professional",39.00
365,"Grid Dev","Logistics","small","GB","Europe/London",539,"active",2,10.00,"2023-11-15",NULL,"annual",NULL,"Starter","starter",12.00
366,"VertexHQ","Healthcare","medium","SG","Asia/Singapore",540,"cancelled",1,0.00,"2023-07-17","2024-05-03","annual","Switched competitor","Free","free",0.00
366,"VertexHQ","Healthcare","medium","SG","Asia/Singapore",541,"cancelled",5,59.00,"2024-05-03","2025-02-08","monthly","Missing features","Professional Plus","professional",59.00
366,"VertexHQ","Healthcare","medium","SG","Asia/Singapore",542,"active",2,12.00,"2025-02-08",NULL,"monthly",NULL,"Starter","starter",12.00
367,"Hub Labs","Real Estate","medium","JP","Asia/Tokyo",543,"cancelled",4,35.10,"2024-12-22","2025-07-26","monthly","Not using it","Professional","professional",39.00
367,"Hub Labs","Real Estate","medium","JP","Asia/Tokyo",544,"active",1,0.00,"2025-07-26",NULL,"annual",NULL,"Free","free",0.00
368,"NexusWorks","Technology","small","US","America/New_York",545,"active",3,19.00,"2023-07-03",NULL,"monthly",NULL,"Starter Plus","starter",19.00
369,"MetaNet","Insurance","medium","US","America/Chicago",546,"active",2,12.00,"2023-11-14",NULL,"monthly",NULL,"Starter","starter",12.00
370,"Xenon Logic","Finance","large","SG","Asia/Singapore",547,"cancelled",2,12.00,"2024-05-01","2025-06-06","monthly","Missing features","Starter","starter",12.00
371,"ZealStudio","Finance","medium","US","America/Chicago",548,"active",1,0.00,"2025-03-22",NULL,"annual",NULL,"Free","free",0.00
372,"NexusPlatform","Consulting","medium","US","America/Chicago",549,"active",4,32.50,"2023-12-17",NULL,"annual",NULL,"Professional","professional",39.00
373,"VineNet","Consulting","small","BR","America/Sao_Paulo",550,"active",6,99.00,"2025-09-05",NULL,"monthly",NULL,"Enterprise","enterprise",99.00
374,"UltraIO","Technology","small","GB","Europe/London",551,"cancelled",1,0.00,"2024-11-07","2025-07-01","monthly","Missing features","Free","free",0.00
375,"TidalVentures","Logistics","small","AU","Australia/Sydney",552,"expired",1,0.00,"2024-02-18","2025-01-22","monthly","Not using it","Free","free",0.00
375,"TidalVentures","Logistics","small","AU","Australia/Sydney",553,"cancelled",6,99.00,"2025-01-22","2025-06-17","monthly","Switched competitor","Enterprise","enterprise",99.00
375,"TidalVentures","Logistics","small","AU","Australia/Sydney",554,"active",5,44.25,"2025-06-17",NULL,"annual",NULL,"Professional Plus","professional",59.00
376,"XenonDynamics","Technology","large","JP","Asia/Tokyo",555,"active",1,0.00,"2024-12-20",NULL,"monthly",NULL,"Free","free",0.00
377,"ZenLogic","E-commerce","large","US","America/Los_Angeles",556,"active",2,10.80,"2023-06-07",NULL,"monthly",NULL,"Starter","starter",12.00
378,"Bolt Digital","Legal","medium","SG","Asia/Singapore",557,"cancelled",3,19.00,"2025-07-04","2025-09-16","monthly","Budget cuts","Starter Plus","starter",19.00
378,"Bolt Digital","Legal","medium","SG","Asia/Singapore",558,"active",5,49.17,"2025-09-16",NULL,"annual",NULL,"Professional Plus","professional",59.00
379,"BeamDynamics","Manufacturing","small","GB","Europe/London",559,"active",6,84.15,"2023-10-03",NULL,"monthly",NULL,"Enterprise","enterprise",99.00
380,"KeenIO","Healthcare","medium","CA","America/Toronto",560,"cancelled",1,0.00,"2023-03-22","2023-09-08","monthly","Switched competitor","Free","free",0.00
380,"KeenIO","Healthcare","medium","CA","America/Toronto",561,"expired",5,59.00,"2023-09-08","2024-01-01","monthly","Switched competitor","Professional Plus","professional",59.00
380,"KeenIO","Healthcare","medium","CA","America/Toronto",562,"active",3,19.00,"2024-01-01",NULL,"monthly",NULL,"Starter Plus","starter",19.00
381,"EchoStack","Logistics","small","SG","Asia/Singapore",563,"active",1,0.00,"2024-07-01",NULL,"annual",NULL,"Free","free",0.00
382,"Cloud Net","Telecommunications","medium","FR","Europe/Paris",564,"cancelled",1,0.00,"2024-08-09","2025-06-13","annual","Not using it","Free","free",0.00
382,"Cloud Net","Telecommunications","medium","FR","Europe/Paris",565,"cancelled",1,0.00,"2025-06-13","2025-10-30","monthly","Too expensive","Free","free",0.00
382,"Cloud Net","Telecommunications","medium","FR","Europe/Paris",566,"cancelled",5,53.10,"2025-10-30","2025-04-22","monthly","Company reorganization","Professional Plus","professional",59.00
383,"Glow Tech","Retail","enterprise","DE","Europe/Berlin",567,"active",3,12.67,"2023-04-25",NULL,"annual",NULL,"Starter Plus","starter",19.00
384,"QuestHQ","Finance","small","FR","Europe/Paris",568,"cancelled",5,59.00,"2023-03-28","2023-09-19","monthly","Not using it","Professional Plus","professional",59.00
384,"QuestHQ","Finance","small","FR","Europe/Paris",569,"active",7,165.83,"2023-09-19",NULL,"annual",NULL,"Enterprise Custom","enterprise",199.00
385,"WarpCorp","E-commerce","large","CA","America/Toronto",570,"expired",5,49.17,"2023-09-28","2024-05-18","annual","Missing features","Professional Plus","professional",59.00
385,"WarpCorp","E-commerce","large","CA","America/Toronto",571,"cancelled",2,10.00,"2024-05-18","2024-10-29","annual","Switched competitor","Starter","starter",12.00
385,"WarpCorp","E-commerce","large","CA","America/Toronto",572,"active",6,99.00,"2024-10-29",NULL,"monthly",NULL,"Enterprise","enterprise",99.00
386,"EchoCloud","Insurance","medium","GB","Europe/London",573,"cancelled",3,19.00,"2024-03-21","2025-04-03","monthly","Missing features","Starter Plus","starter",19.00
387,"GridDynamics","Retail","medium","BR","America/Sao_Paulo",574,"expired",1,0.00,"2024-08-21","2025-06-11","monthly","Too expensive","Free","free",0.00
387,"GridDynamics","Retail","medium","BR","America/Sao_Paulo",575,"active",6,99.00,"2025-06-11",NULL,"monthly",NULL,"Enterprise","enterprise",99.00
388,"MetaDev","Legal","small","IN","Asia/Kolkata",576,"cancelled",1,0.00,"2024-06-21","2025-07-02","monthly","Budget cuts","Free","free",0.00
389,"CloudLabs","Technology","medium","SG","Asia/Singapore",577,"cancelled",1,0.00,"2024-09-11","2025-06-22","monthly","Too expensive","Free","free",0.00
390,"Sync HQ","Logistics","small","SG","Asia/Singapore",578,"expired",2,10.00,"2025-03-10","2025-07-17","annual","Too expensive","Starter","starter",12.00
390,"Sync HQ","Logistics","small","SG","Asia/Singapore",579,"cancelled",2,12.00,"2025-07-17","2025-10-18","monthly","Switched competitor","Starter","starter",12.00
390,"Sync HQ","Logistics","small","SG","Asia/Singapore",580,"cancelled",4,32.50,"2025-10-18","2025-05-03","annual","Missing features","Professional","professional",39.00
391,"QuarkSolutions","Consulting","small","BR","America/Sao_Paulo",581,"expired",6,99.00,"2023-08-12","2024-01-28","monthly",NULL,"Enterprise","enterprise",99.00
391,"QuarkSolutions","Consulting","small","BR","America/Sao_Paulo",582,"active",5,59.00,"2024-01-28",NULL,"monthly",NULL,"Professional Plus","professional",59.00
392,"Keen Pro","Education","enterprise","CA","America/Toronto",583,"expired",1,0.00,"2023-09-30","2024-06-10","annual",NULL,"Free","free",0.00
392,"Keen Pro","Education","enterprise","CA","America/Toronto",584,"cancelled",4,39.00,"2024-06-10","2024-07-12","monthly",NULL,"Professional","professional",39.00
393,"EchoCorp","Legal","enterprise","US","America/Chicago",585,"active",1,0.00,"2024-07-02",NULL,"annual",NULL,"Free","free",0.00
394,"DataStack","Logistics","small","IN","Asia/Kolkata",586,"expired",1,0.00,"2023-06-30","2023-11-29","annual",NULL,"Free","free",0.00
394,"DataStack","Logistics","small","IN","Asia/Kolkata",587,"active",4,39.00,"2023-11-29",NULL,"monthly",NULL,"Professional","professional",39.00
395,"TidalNet","Healthcare","large","FR","Europe/Paris",588,"expired",1,0.00,"2023-07-17","2023-10-27","monthly","Budget cuts","Free","free",0.00
395,"TidalNet","Healthcare","large","FR","Europe/Paris",589,"cancelled",1,0.00,"2023-10-27","2024-01-08","annual","Too expensive","Free","free",0.00
395,"TidalNet","Healthcare","large","FR","Europe/Paris",590,"cancelled",6,89.10,"2024-01-08","2024-08-20","monthly","Missing features","Enterprise","enterprise",99.00
396,"Data Works","Insurance","large","US","America/New_York",591,"active",4,32.50,"2024-11-25",NULL,"annual",NULL,"Professional","professional",39.00
397,"EdgeAI","Consulting","large","US","America/New_York",592,"cancelled",1,0.00,"2024-10-09","2025-07-26","annual","Too expensive","Free","free",0.00
397,"EdgeAI","Consulting","large","US","America/New_York",593,"expired",5,44.25,"2025-07-26","2025-10-06","annual","Not using it","Professional Plus","professional",59.00
397,"EdgeAI","Consulting","large","US","America/New_York",594,"cancelled",4,32.50,"2025-10-06","2025-03-07","annual","Missing features","Professional","professional",39.00
398,"Meta Corp","Marketing","enterprise","FR","Europe/Paris",595,"active",2,10.00,"2023-11-26",NULL,"annual",NULL,"Starter","starter",12.00
399,"LinkSolutions","Healthcare","small","US","America/Los_Angeles",596,"active",1,0.00,"2025-08-05",NULL,"monthly",NULL,"Free","free",0.00
400,"Flux Tech","Technology","small","US","America/Los_Angeles",597,"active",5,59.00,"2025-03-22",NULL,"monthly",NULL,"Professional Plus","professional",59.00
401,"Core Corp","E-commerce","small","BR","America/Sao_Paulo",598,"active",3,15.83,"2024-10-04",NULL,"annual",NULL,"Starter Plus","starter",19.00
402,"MetaSystems","Healthcare","medium","IN","Asia/Kolkata",599,"active",3,15.83,"2024-11-06",NULL,"annual",NULL,"Starter Plus","starter",19.00
403,"RiftIO","Finance","large","US","America/New_York",600,"cancelled",6,82.50,"2025-04-04","2025-07-01","annual",NULL,"Enterprise","enterprise",99.00
403,"RiftIO","Finance","large","US","America/New_York",601,"expired",6,82.50,"2025-07-01","2025-09-26","annual","Budget cuts","Enterprise","enterprise",99.00
403,"RiftIO","Finance","large","US","America/New_York",602,"active",4,39.00,"2025-09-26",NULL,"monthly",NULL,"Professional","professional",39.00
404,"Bolt IO","Media","small","US","America/Chicago",603,"cancelled",3,19.00,"2024-11-24","2025-04-11","monthly","Budget cuts","Starter Plus","starter",19.00
404,"Bolt IO","Media","small","US","America/Chicago",604,"active",2,10.00,"2025-04-11",NULL,"annual",NULL,"Starter","starter",12.00
405,"GridPlatform","Retail","small","AU","Australia/Sydney",605,"paused",1,0.00,"2025-08-08",NULL,"monthly",NULL,"Free","free",0.00
406,"UnitSoftware","Education","small","IN","Asia/Kolkata",606,"cancelled",5,59.00,"2024-04-21","2024-08-07","monthly","Not using it","Professional Plus","professional",59.00
406,"UnitSoftware","Education","small","IN","Asia/Kolkata",607,"active",5,59.00,"2024-08-07",NULL,"monthly",NULL,"Professional Plus","professional",59.00
407,"MistSolutions","Logistics","medium","US","America/Los_Angeles",608,"active",3,17.10,"2023-08-10",NULL,"monthly",NULL,"Starter Plus","starter",19.00
408,"AcmePro","Retail","small","GB","Europe/London",609,"active",3,19.00,"2025-07-24",NULL,"monthly",NULL,"Starter Plus","starter",19.00
409,"EchoPro","Technology","medium","JP","Asia/Tokyo",610,"cancelled",1,0.00,"2023-09-04","2025-05-10","annual","Too expensive","Free","free",0.00
410,"NovaDigital","E-commerce","large","US","America/Chicago",611,"active",2,9.00,"2025-02-04",NULL,"annual",NULL,"Starter","starter",12.00
411,"ZealDigital","Manufacturing","small","IN","Asia/Kolkata",612,"cancelled",2,10.00,"2024-12-08","2025-02-26","annual",NULL,"Starter","starter",12.00
411,"ZealDigital","Manufacturing","small","IN","Asia/Kolkata",613,"active",3,19.00,"2025-02-26",NULL,"monthly",NULL,"Starter Plus","starter",19.00
412,"SageGroup","Insurance","small","SG","Asia/Singapore",614,"active",4,39.00,"2025-07-20",NULL,"monthly",NULL,"Professional","professional",39.00
413,"YieldStudio","Technology","small","IN","Asia/Kolkata",615,"cancelled",1,0.00,"2023-12-09","2024-03-12","monthly",NULL,"Free","free",0.00
413,"YieldStudio","Technology","small","IN","Asia/Kolkata",616,"active",5,59.00,"2024-03-12",NULL,"monthly",NULL,"Professional Plus","professional",59.00
414,"UltraStudio","Media","large","AU","Australia/Sydney",617,"cancelled",2,10.00,"2025-04-29","2025-10-13","annual","Too expensive","Starter","starter",12.00
415,"CoreGroup","Logistics","large","US","America/Chicago",618,"cancelled",4,39.00,"2025-09-06","2025-10-13","monthly","Not using it","Professional","professional",39.00
416,"NovaDev","Technology","small","AU","Australia/Sydney",619,"expired",6,99.00,"2024-10-22","2025-10-11","monthly","Company reorganization","Enterprise","enterprise",99.00
416,"NovaDev","Technology","small","AU","Australia/Sydney",620,"expired",4,32.50,"2025-10-11","2025-12-11","annual","Not using it","Professional","professional",39.00
416,"NovaDev","Technology","small","AU","Australia/Sydney",621,"cancelled",4,32.50,"2025-12-11","2025-02-02","annual","Switched competitor","Professional","professional",39.00
417,"ArcVentures","Logistics","enterprise","IN","Asia/Kolkata",622,"cancelled",2,12.00,"2023-11-08","2024-05-11","monthly","Company reorganization","Starter","starter",12.00
417,"ArcVentures","Logistics","enterprise","IN","Asia/Kolkata",623,"expired",3,19.00,"2024-05-11","2025-03-06","monthly","Not using it","Starter Plus","starter",19.00
417,"ArcVentures","Logistics","enterprise","IN","Asia/Kolkata",624,"active",4,39.00,"2025-03-06",NULL,"monthly",NULL,"Professional","professional",39.00
418,"KiteGroup","Legal","medium","DE","Europe/Berlin",625,"cancelled",3,12.67,"2023-04-30","2024-10-02","annual","Too expensive","Starter Plus","starter",19.00
419,"JetStudio","Finance","medium","DE","Europe/Berlin",626,"active",1,0.00,"2025-08-08",NULL,"monthly",NULL,"Free","free",0.00
420,"Sync Hub","Real Estate","large","US","America/Los_Angeles",627,"active",1,0.00,"2025-01-19",NULL,"annual",NULL,"Free","free",0.00
421,"TidalLabs","Retail","small","CA","America/Toronto",628,"active",3,19.00,"2023-08-16",NULL,"monthly",NULL,"Starter Plus","starter",19.00
422,"BoltTech","Consulting","large","SG","Asia/Singapore",629,"cancelled",1,0.00,"2025-08-24","2025-10-25","annual","Not using it","Free","free",0.00
423,"SyncStudio","Consulting","enterprise","JP","Asia/Tokyo",630,"expired",3,15.83,"2023-10-23","2024-01-13","annual","Budget cuts","Starter Plus","starter",19.00
423,"SyncStudio","Consulting","enterprise","JP","Asia/Tokyo",631,"expired",2,10.00,"2024-01-13","2024-05-02","annual","Company reorganization","Starter","starter",12.00
423,"SyncStudio","Consulting","enterprise","JP","Asia/Tokyo",632,"cancelled",7,165.83,"2024-05-02","2025-06-09","annual","Too expensive","Enterprise Custom","enterprise",199.00
424,"IonVentures","Finance","small","DE","Europe/Berlin",633,"expired",4,32.50,"2023-04-01","2023-09-23","annual","Not using it","Professional","professional",39.00
424,"IonVentures","Finance","small","DE","Europe/Berlin",634,"cancelled",5,44.25,"2023-09-23","2024-06-28","annual","Missing features","Professional Plus","professional",59.00
425,"MetaSolutions","Education","medium","CA","America/Toronto",635,"active",6,99.00,"2025-01-27",NULL,"monthly",NULL,"Enterprise","enterprise",99.00
426,"TidalStack","Consulting","small","SG","Asia/Singapore",636,"active",2,10.00,"2025-02-22",NULL,"annual",NULL,"Starter","starter",12.00
427,"EchoVentures","Education","large","SG","Asia/Singapore",637,"cancelled",3,15.83,"2023-09-23","2023-12-07","annual","Missing features","Starter Plus","starter",19.00
428,"Xenon Corp","Logistics","small","US","America/New_York",638,"cancelled",2,10.20,"2024-10-05","2025-06-18","monthly","Company reorganization","Starter","starter",12.00
428,"Xenon Corp","Logistics","small","US","America/New_York",639,"cancelled",6,82.50,"2025-06-18","2024-12-10","annual","Too expensive","Enterprise","enterprise",99.00
429,"UltraOps","Education","large","FR","Europe/Paris",640,"active",2,10.00,"2024-06-14",NULL,"annual",NULL,"Starter","starter",12.00
430,"Jet Dev","E-commerce","enterprise","GB","Europe/London",641,"active",2,12.00,"2024-12-30",NULL,"monthly",NULL,"Starter","starter",12.00
431,"ArcHQ","Healthcare","enterprise","US","America/Los_Angeles",642,"active",3,15.83,"2025-06-30",NULL,"annual",NULL,"Starter Plus","starter",19.00
432,"Hub Platform","Finance","enterprise","FR","Europe/Paris",643,"active",2,9.00,"2024-03-11",NULL,"annual",NULL,"Starter","starter",12.00
433,"BoltHub","Manufacturing","small","GB","Europe/London",644,"expired",1,0.00,"2025-07-19","2025-09-23","annual",NULL,"Free","free",0.00
433,"BoltHub","Manufacturing","small","GB","Europe/London",645,"cancelled",3,19.00,"2025-09-23","2025-11-22","monthly",NULL,"Starter Plus","starter",19.00
433,"BoltHub","Manufacturing","small","GB","Europe/London",646,"active",5,59.00,"2025-11-22",NULL,"monthly",NULL,"Professional Plus","professional",59.00
434,"Meta Solutions","Logistics","small","US","America/New_York",647,"active",6,82.50,"2023-06-14",NULL,"annual",NULL,"Enterprise","enterprise",99.00
435,"Link Hub","Technology","medium","GB","Europe/London",648,"cancelled",3,19.00,"2025-01-12","2025-05-05","monthly","Not using it","Starter Plus","starter",19.00
436,"CoreOps","Finance","enterprise","IN","Asia/Kolkata",649,"cancelled",1,0.00,"2023-11-18","2024-03-12","annual","Missing features","Free","free",0.00
437,"Ultra IO","Healthcare","medium","DE","Europe/Berlin",650,"active",1,0.00,"2024-02-22",NULL,"monthly",NULL,"Free","free",0.00
438,"EdgeIO","Marketing","small","US","America/New_York",651,"expired",1,0.00,"2023-03-29","2023-10-28","annual","Budget cuts","Free","free",0.00
438,"EdgeIO","Marketing","small","US","America/New_York",652,"cancelled",2,9.00,"2023-10-28","2024-12-31","monthly",NULL,"Starter","starter",12.00
439,"Meta Works","E-commerce","medium","AU","Australia/Sydney",653,"expired",3,15.83,"2025-02-23","2025-08-23","annual","Budget cuts","Starter Plus","starter",19.00
439,"Meta Works","E-commerce","medium","AU","Australia/Sydney",654,"active",4,39.00,"2025-08-23",NULL,"monthly",NULL,"Professional","professional",39.00
440,"WaveIO","Manufacturing","medium","JP","Asia/Tokyo",655,"expired",6,82.50,"2023-08-25","2024-08-16","annual","Too expensive","Enterprise","enterprise",99.00
440,"WaveIO","Manufacturing","medium","JP","Asia/Tokyo",656,"cancelled",5,49.17,"2024-08-16","2025-05-06","annual","Budget cuts","Professional Plus","professional",59.00
440,"WaveIO","Manufacturing","medium","JP","Asia/Tokyo",657,"active",7,199.00,"2025-05-06",NULL,"monthly",NULL,"Enterprise Custom","enterprise",199.00
441,"LunaLogic","Marketing","small","DE","Europe/Berlin",658,"active",1,0.00,"2025-03-22",NULL,"monthly",NULL,"Free","free",0.00
442,"Warp AI","Manufacturing","small","AU","Australia/Sydney",659,"active",4,39.00,"2024-07-24",NULL,"monthly",NULL,"Professional","professional",39.00
443,"Trek Logic","Consulting","enterprise","US","America/Chicago",660,"active",2,8.50,"2024-05-02",NULL,"annual",NULL,"Starter","starter",12.00
444,"NexusOps","Education","small","US","America/New_York",661,"expired",4,32.50,"2024-08-20","2025-06-10","annual","Switched competitor","Professional","professional",39.00
444,"NexusOps","Education","small","US","America/New_York",662,"cancelled",1,0.00,"2025-06-10","2025-06-11","monthly","Company reorganization","Free","free",0.00
445,"Pulse Platform","E-commerce","large","DE","Europe/Berlin",663,"cancelled",1,0.00,"2023-06-23","2023-11-12","monthly","Too expensive","Free","free",0.00
445,"Pulse Platform","E-commerce","large","DE","Europe/Berlin",664,"cancelled",7,199.00,"2023-11-12","2024-12-10","monthly","Too expensive","Enterprise Custom","enterprise",199.00
446,"RushLabs","Real Estate","small","IN","Asia/Kolkata",665,"cancelled",2,10.20,"2024-11-22","2025-06-27","monthly",NULL,"Starter","starter",12.00
446,"RushLabs","Real Estate","small","IN","Asia/Kolkata",666,"active",1,0.00,"2025-06-27",NULL,"monthly",NULL,"Free","free",0.00
447,"Beam Software","Consulting","large","US","America/Chicago",667,"active",2,12.00,"2024-02-16",NULL,"monthly",NULL,"Starter","starter",12.00
448,"Vertex Analytics","Healthcare","medium","JP","Asia/Tokyo",668,"active",2,10.00,"2023-11-04",NULL,"annual",NULL,"Starter","starter",12.00
449,"QuarkGroup","Logistics","enterprise","JP","Asia/Tokyo",669,"cancelled",2,10.00,"2023-08-07","2023-12-17","annual","Too expensive","Starter","starter",12.00
449,"QuarkGroup","Logistics","enterprise","JP","Asia/Tokyo",670,"active",1,0.00,"2023-12-17",NULL,"annual",NULL,"Free","free",0.00
450,"RushStack","Real Estate","enterprise","AU","Australia/Sydney",671,"cancelled",2,8.50,"2023-09-04","2025-03-19","annual","Not using it","Starter","starter",12.00
451,"Arc Analytics","Retail","small","SG","Asia/Singapore",672,"cancelled",1,0.00,"2023-07-16","2024-12-09","monthly","Too expensive","Free","free",0.00
452,"Rush Digital","Technology","small","DE","Europe/Berlin",673,"expired",3,15.20,"2023-02-26","2023-12-12","monthly","Budget cuts","Starter Plus","starter",19.00
452,"Rush Digital","Technology","small","DE","Europe/Berlin",674,"cancelled",4,31.20,"2023-12-12","2024-03-28","monthly","Budget cuts","Professional","professional",39.00
452,"Rush Digital","Technology","small","DE","Europe/Berlin",675,"active",1,0.00,"2024-03-28",NULL,"monthly",NULL,"Free","free",0.00
453,"ArcStudio","Telecommunications","small","AU","Australia/Sydney",676,"expired",3,19.00,"2025-08-13","2025-10-23","monthly","Budget cuts","Starter Plus","starter",19.00
453,"ArcStudio","Telecommunications","small","AU","Australia/Sydney",677,"cancelled",6,82.50,"2025-10-23","2025-12-23","annual","Switched competitor","Enterprise","enterprise",99.00
453,"ArcStudio","Telecommunications","small","AU","Australia/Sydney",678,"cancelled",5,59.00,"2025-12-23","2025-10-06","monthly","Company reorganization","Professional Plus","professional",59.00
454,"MistSystems","Marketing","small","BR","America/Sao_Paulo",679,"cancelled",6,99.00,"2023-04-20","2024-03-04","monthly","Company reorganization","Enterprise","enterprise",99.00
454,"MistSystems","Marketing","small","BR","America/Sao_Paulo",680,"cancelled",1,0.00,"2024-03-04","2024-07-19","monthly","Budget cuts","Free","free",0.00
455,"HubWorks","Consulting","large","GB","Europe/London",681,"active",4,32.50,"2023-01-22",NULL,"annual",NULL,"Professional","professional",39.00
456,"VineOps","Technology","large","SG","Asia/Singapore",682,"cancelled",1,0.00,"2024-12-02","2025-04-02","monthly","Too expensive","Free","free",0.00
457,"Warp Platform","Education","small","US","America/Los_Angeles",683,"active",1,0.00,"2023-10-08",NULL,"annual",NULL,"Free","free",0.00
458,"VertexNet","Telecommunications","enterprise","US","America/Chicago",684,"active",2,12.00,"2025-01-16",NULL,"monthly",NULL,"Starter","starter",12.00
459,"SageLabs","Logistics","large","US","America/Los_Angeles",685,"active",6,82.50,"2023-11-09",NULL,"annual",NULL,"Enterprise","enterprise",99.00
460,"MistOps","Marketing","medium","CA","America/Toronto",686,"expired",2,12.00,"2025-03-29","2025-10-20","monthly","Too expensive","Starter","starter",12.00
460,"MistOps","Marketing","medium","CA","America/Toronto",687,"active",4,32.50,"2025-10-20",NULL,"annual",NULL,"Professional","professional",39.00
461,"Bolt Dynamics","Logistics","medium","SG","Asia/Singapore",688,"active",5,59.00,"2024-09-24",NULL,"monthly",NULL,"Professional Plus","professional",59.00
462,"Trek Dev","Manufacturing","enterprise","CA","America/Toronto",689,"active",3,15.83,"2025-06-01",NULL,"annual",NULL,"Starter Plus","starter",19.00
463,"IonCorp","Real Estate","small","DE","Europe/Berlin",690,"active",2,10.00,"2025-09-26",NULL,"annual",NULL,"Starter","starter",12.00
464,"Ion Works","Legal","medium","SG","Asia/Singapore",691,"active",4,39.00,"2023-04-08",NULL,"monthly",NULL,"Professional","professional",39.00
465,"MistNet","Technology","small","DE","Europe/Berlin",692,"expired",3,11.88,"2025-07-02","2025-10-24","annual",NULL,"Starter Plus","starter",19.00
465,"MistNet","Technology","small","DE","Europe/Berlin",693,"active",6,99.00,"2025-10-24",NULL,"monthly",NULL,"Enterprise","enterprise",99.00
466,"Ultra Net","Media","medium","US","America/Los_Angeles",694,"active",3,19.00,"2025-05-04",NULL,"monthly",NULL,"Starter Plus","starter",19.00
467,"NexusHub","Media","small","AU","Australia/Sydney",695,"active",2,12.00,"2025-08-03",NULL,"monthly",NULL,"Starter","starter",12.00
468,"Drift Corp","Healthcare","medium","US","America/New_York",696,"active",4,39.00,"2025-05-16",NULL,"monthly",NULL,"Professional","professional",39.00
469,"SyncSolutions","Legal","medium","DE","Europe/Berlin",697,"cancelled",2,12.00,"2024-08-07","2024-11-15","monthly","Company reorganization","Starter","starter",12.00
469,"SyncSolutions","Legal","medium","DE","Europe/Berlin",698,"cancelled",5,49.17,"2024-11-15","2024-11-04","annual","Budget cuts","Professional Plus","professional",59.00
470,"Rift Systems","Manufacturing","small","BR","America/Sao_Paulo",699,"active",1,0.00,"2025-09-05",NULL,"annual",NULL,"Free","free",0.00
471,"CloudStack","Consulting","small","FR","Europe/Paris",700,"active",2,12.00,"2023-10-17",NULL,"monthly",NULL,"Starter","starter",12.00
472,"Pulse Hub","Retail","medium","US","America/Chicago",701,"active",4,26.00,"2025-09-04",NULL,"annual",NULL,"Professional","professional",39.00
473,"VineCloud","Real Estate","small","IN","Asia/Kolkata",702,"active",3,19.00,"2024-02-02",NULL,"monthly",NULL,"Starter Plus","starter",19.00
474,"Onyx Corp","Healthcare","small","JP","Asia/Tokyo",703,"active",2,10.00,"2024-06-23",NULL,"annual",NULL,"Starter","starter",12.00
475,"IonOps","Retail","small","JP","Asia/Tokyo",704,"cancelled",1,0.00,"2024-06-06","2025-01-19","monthly","Budget cuts","Free","free",0.00
475,"IonOps","Retail","small","JP","Asia/Tokyo",705,"paused",5,49.17,"2025-01-19",NULL,"annual",NULL,"Professional Plus","professional",59.00
476,"WaveAnalytics","Insurance","medium","US","America/New_York",706,"cancelled",2,12.00,"2023-02-16","2024-06-22","monthly","Budget cuts","Starter","starter",12.00
477,"Vine Group","Education","enterprise","SG","Asia/Singapore",707,"active",2,12.00,"2024-05-03",NULL,"monthly",NULL,"Starter","starter",12.00
478,"TidalGroup","Real Estate","small","FR","Europe/Paris",708,"cancelled",2,12.00,"2023-01-15","2023-03-10","monthly","Not using it","Starter","starter",12.00
479,"NovaIO","Logistics","small","AU","Australia/Sydney",709,"expired",5,49.17,"2024-04-19","2024-12-02","annual","Budget cuts","Professional Plus","professional",59.00
479,"NovaIO","Logistics","small","AU","Australia/Sydney",710,"cancelled",7,199.00,"2024-12-02","2025-04-11","monthly","Switched competitor","Enterprise Custom","enterprise",199.00
480,"Zen AI","Marketing","small","US","America/Chicago",711,"active",6,99.00,"2024-09-02",NULL,"monthly",NULL,"Enterprise","enterprise",99.00
481,"FluxLogic","Real Estate","large","BR","America/Sao_Paulo",712,"cancelled",5,59.00,"2024-03-08","2024-09-30","monthly","Company reorganization","Professional Plus","professional",59.00
481,"FluxLogic","Real Estate","large","BR","America/Sao_Paulo",713,"cancelled",4,33.15,"2024-09-30","2025-02-07","monthly","Budget cuts","Professional","professional",39.00
481,"FluxLogic","Real Estate","large","BR","America/Sao_Paulo",714,"active",6,99.00,"2025-02-07",NULL,"monthly",NULL,"Enterprise","enterprise",99.00
482,"EchoSystems","Logistics","small","CA","America/Toronto",715,"cancelled",1,0.00,"2024-03-24","2024-08-15","monthly","Not using it","Free","free",0.00
482,"EchoSystems","Logistics","small","CA","America/Toronto",716,"active",4,39.00,"2024-08-15",NULL,"monthly",NULL,"Professional","professional",39.00
483,"IonCloud","Manufacturing","medium","SG","Asia/Singapore",717,"cancelled",1,0.00,"2023-10-17","2024-05-03","monthly","Too expensive","Free","free",0.00
483,"IonCloud","Manufacturing","medium","SG","Asia/Singapore",718,"expired",5,59.00,"2024-05-03","2025-05-03","monthly","Missing features","Professional Plus","professional",59.00
483,"IonCloud","Manufacturing","medium","SG","Asia/Singapore",719,"active",5,59.00,"2025-05-03",NULL,"monthly",NULL,"Professional Plus","professional",59.00
484,"GridCorp","Consulting","small","GB","Europe/London",720,"expired",1,0.00,"2023-06-28","2023-10-21","monthly","Company reorganization","Free","free",0.00
484,"GridCorp","Consulting","small","GB","Europe/London",721,"cancelled",6,89.10,"2023-10-21","2024-03-24","monthly","Company reorganization","Enterprise","enterprise",99.00
484,"GridCorp","Consulting","small","GB","Europe/London",722,"active",3,15.83,"2024-03-24",NULL,"annual",NULL,"Starter Plus","starter",19.00
485,"EdgeWorks","Real Estate","small","US","America/Chicago",723,"expired",3,19.00,"2025-02-27","2025-10-12","monthly","Too expensive","Starter Plus","starter",19.00
485,"EdgeWorks","Real Estate","small","US","America/Chicago",724,"active",5,49.17,"2025-10-12",NULL,"annual",NULL,"Professional Plus","professional",59.00
486,"TrekAI","Consulting","enterprise","CA","America/Toronto",725,"cancelled",6,82.50,"2025-05-28","2025-08-08","annual",NULL,"Enterprise","enterprise",99.00
486,"TrekAI","Consulting","enterprise","CA","America/Toronto",726,"active",6,99.00,"2025-08-08",NULL,"monthly",NULL,"Enterprise","enterprise",99.00
487,"Hub Software","Telecommunications","small","US","America/Los_Angeles",727,"cancelled",3,15.83,"2023-04-12","2024-11-27","annual","Company reorganization","Starter Plus","starter",19.00
488,"MetaHQ","Insurance","enterprise","US","America/New_York",728,"active",1,0.00,"2023-09-30",NULL,"monthly",NULL,"Free","free",0.00
489,"Warp Hub","Media","medium","GB","Europe/London",729,"active",1,0.00,"2024-06-12",NULL,"annual",NULL,"Free","free",0.00
490,"ZealLabs","Media","small","US","America/Chicago",730,"cancelled",1,0.00,"2025-02-16","2025-05-12","monthly","Company reorganization","Free","free",0.00
490,"ZealLabs","Media","small","US","America/Chicago",731,"cancelled",7,199.00,"2025-05-12","2025-05-15","monthly","Missing features","Enterprise Custom","enterprise",199.00
491,"ArcLogic","Legal","medium","DE","Europe/Berlin",732,"cancelled",2,12.00,"2024-09-17","2025-09-03","monthly","Missing features","Starter","starter",12.00
491,"ArcLogic","Legal","medium","DE","Europe/Berlin",733,"paused",1,0.00,"2025-09-03",NULL,"annual",NULL,"Free","free",0.00
492,"NexusGroup","Legal","small","SG","Asia/Singapore",734,"expired",2,10.00,"2024-02-04","2024-07-22","annual","Not using it","Starter","starter",12.00
492,"NexusGroup","Legal","small","SG","Asia/Singapore",735,"active",2,10.80,"2024-07-22",NULL,"monthly",NULL,"Starter","starter",12.00
493,"Flow Dev","Media","small","JP","Asia/Tokyo",736,"cancelled",4,39.00,"2025-05-02","2025-08-09","monthly","Switched competitor","Professional","professional",39.00
493,"Flow Dev","Media","small","JP","Asia/Tokyo",737,"active",4,39.00,"2025-08-09",NULL,"monthly",NULL,"Professional","professional",39.00
494,"UnitAI","Education","large","JP","Asia/Tokyo",738,"expired",2,10.00,"2024-08-09","2024-11-29","annual","Missing features","Starter","starter",12.00
494,"UnitAI","Education","large","JP","Asia/Tokyo",739,"active",1,0.00,"2024-11-29",NULL,"monthly",NULL,"Free","free",0.00
495,"Trek Ventures","Logistics","small","FR","Europe/Paris",740,"active",4,39.00,"2025-04-22",NULL,"monthly",NULL,"Professional","professional",39.00
496,"Beam Digital","Consulting","small","CA","America/Toronto",741,"active",3,19.00,"2024-02-09",NULL,"monthly",NULL,"Starter Plus","starter",19.00
497,"HiveSystems","Consulting","medium","US","America/New_York",742,"cancelled",1,0.00,"2024-02-23","2025-01-05","annual","Budget cuts","Free","free",0.00
498,"XenonCloud","Education","small","CA","America/Toronto",743,"cancelled",2,10.00,"2025-07-04","2025-09-04","annual","Switched competitor","Starter","starter",12.00
498,"XenonCloud","Education","small","CA","America/Toronto",744,"expired",7,165.83,"2025-09-04","2025-11-03","annual","Too expensive","Enterprise Custom","enterprise",199.00
498,"XenonCloud","Education","small","CA","America/Toronto",745,"active",4,39.00,"2025-11-03",NULL,"monthly",NULL,"Professional","professional",39.00
499,"AcmeSystems","Healthcare","enterprise","US","America/New_York",746,"active",2,12.00,"2024-05-01",NULL,"monthly",NULL,"Starter","starter",12.00
500,"WarpDigital","Consulting","enterprise","CA","America/Toronto",747,"active",5,49.17,"2024-11-11",NULL,"annual",NULL,"Professional Plus","professional",59.00
501,"Flow Solutions","Legal","small","BR","America/Sao_Paulo",748,"cancelled",1,0.00,"2023-03-29","2025-08-16","monthly","Not using it","Free","free",0.00
502,"WarpIO","Technology","small","SG","Asia/Singapore",749,"active",1,0.00,"2024-12-23",NULL,"annual",NULL,"Free","free",0.00
503,"Bolt Works","Manufacturing","small","AU","Australia/Sydney",750,"expired",2,10.00,"2024-07-08","2025-06-24","annual","Budget cuts","Starter","starter",12.00
503,"Bolt Works","Manufacturing","small","AU","Australia/Sydney",751,"expired",2,9.60,"2025-06-24","2025-09-24","monthly","Too expensive","Starter","starter",12.00
503,"Bolt Works","Manufacturing","small","AU","Australia/Sydney",752,"cancelled",4,39.00,"2025-09-24","2024-11-26","monthly","Not using it","Professional","professional",39.00
504,"Nexus Works","Finance","small","FR","Europe/Paris",753,"expired",3,15.83,"2023-09-22","2024-06-26","annual","Switched competitor","Starter Plus","starter",19.00
504,"Nexus Works","Finance","small","FR","Europe/Paris",754,"active",6,89.10,"2024-06-26",NULL,"monthly",NULL,"Enterprise","enterprise",99.00
505,"Mist Ventures","E-commerce","medium","JP","Asia/Tokyo",755,"paused",1,0.00,"2024-07-20",NULL,"monthly",NULL,"Free","free",0.00
506,"BoltAnalytics","Real Estate","large","US","America/Chicago",756,"cancelled",2,12.00,"2024-04-01","2025-09-06","monthly","Switched competitor","Starter","starter",12.00
507,"IrisSolutions","Media","medium","JP","Asia/Tokyo",757,"cancelled",3,14.25,"2025-09-22","2025-10-22","annual",NULL,"Starter Plus","starter",19.00
508,"Glow Cloud","Technology","small","FR","Europe/Paris",758,"active",5,50.15,"2025-01-12",NULL,"monthly",NULL,"Professional Plus","professional",59.00
509,"WarpNet","E-commerce","large","IN","Asia/Kolkata",759,"expired",4,39.00,"2023-05-17","2024-03-25","monthly","Budget cuts","Professional","professional",39.00
509,"WarpNet","E-commerce","large","IN","Asia/Kolkata",760,"cancelled",5,49.17,"2024-03-25","2024-08-20","annual","Switched competitor","Professional Plus","professional",59.00
509,"WarpNet","E-commerce","large","IN","Asia/Kolkata",761,"active",5,59.00,"2024-08-20",NULL,"monthly",NULL,"Professional Plus","professional",59.00
510,"RiftSolutions","Telecommunications","large","FR","Europe/Paris",762,"active",2,10.00,"2025-07-02",NULL,"annual",NULL,"Starter","starter",12.00
511,"WaveLogic","Marketing","medium","US","America/Los_Angeles",763,"cancelled",1,0.00,"2025-08-16","2025-09-15","monthly",NULL,"Free","free",0.00
512,"RiftNet","Healthcare","enterprise","BR","America/Sao_Paulo",764,"active",2,8.50,"2023-02-07",NULL,"annual",NULL,"Starter","starter",12.00
513,"AcmeSoftware","Logistics","medium","US","America/Chicago",765,"active",1,0.00,"2025-01-26",NULL,"annual",NULL,"Free","free",0.00
514,"Edge Digital","Education","medium","GB","Europe/London",766,"active",4,39.00,"2024-12-10",NULL,"monthly",NULL,"Professional","professional",39.00
515,"AcmeCorp","Logistics","small","IN","Asia/Kolkata",767,"cancelled",1,0.00,"2024-06-13","2025-03-13","annual","Company reorganization","Free","free",0.00
515,"AcmeCorp","Logistics","small","IN","Asia/Kolkata",768,"expired",6,99.00,"2025-03-13","2025-05-13","monthly","Switched competitor","Enterprise","enterprise",99.00
515,"AcmeCorp","Logistics","small","IN","Asia/Kolkata",769,"active",4,32.50,"2025-05-13",NULL,"annual",NULL,"Professional","professional",39.00
516,"DataAnalytics","Media","medium","IN","Asia/Kolkata",770,"cancelled",1,0.00,"2025-01-25","2025-06-06","monthly","Not using it","Free","free",0.00
516,"DataAnalytics","Media","medium","IN","Asia/Kolkata",771,"active",5,41.79,"2025-06-06",NULL,"annual",NULL,"Professional Plus","professional",59.00
517,"Tidal Tech","Logistics","large","US","America/Chicago",772,"expired",2,12.00,"2023-09-11","2024-09-07","monthly","Company reorganization","Starter","starter",12.00
517,"Tidal Tech","Logistics","large","US","America/Chicago",773,"cancelled",4,39.00,"2024-09-07","2025-02-18","monthly","Not using it","Professional","professional",39.00
517,"Tidal Tech","Logistics","large","US","America/Chicago",774,"cancelled",6,99.00,"2025-02-18","2024-04-13","monthly","Not using it","Enterprise","enterprise",99.00
518,"HivePlatform","Insurance","medium","BR","America/Sao_Paulo",775,"cancelled",2,10.00,"2023-03-04","2024-01-04","annual","Budget cuts","Starter","starter",12.00
518,"HivePlatform","Insurance","medium","BR","America/Sao_Paulo",776,"active",3,19.00,"2024-01-04",NULL,"monthly",NULL,"Starter Plus","starter",19.00
519,"IonAI","Consulting","small","DE","Europe/Berlin",777,"active",2,12.00,"2023-10-29",NULL,"monthly",NULL,"Starter","starter",12.00
520,"OrbitGroup","Real Estate","small","CA","America/Toronto",778,"active",4,32.50,"2024-10-28",NULL,"annual",NULL,"Professional","professional",39.00
521,"HiveWorks","Healthcare","small","US","America/New_York",779,"expired",4,39.00,"2023-05-10","2023-10-04","monthly","Budget cuts","Professional","professional",39.00
521,"HiveWorks","Healthcare","small","US","America/New_York",780,"active",2,10.00,"2023-10-04",NULL,"annual",NULL,"Starter","starter",12.00
522,"GlowStack","Education","medium","JP","Asia/Tokyo",781,"expired",5,49.17,"2025-09-20","2025-11-20","annual","Company reorganization","Professional Plus","professional",59.00
522,"GlowStack","Education","medium","JP","Asia/Tokyo",782,"cancelled",4,35.10,"2025-11-20","2025-10-27","monthly","Budget cuts","Professional","professional",39.00
523,"PulseDev","Media","enterprise","US","America/New_York",783,"cancelled",2,12.00,"2023-12-16","2025-01-18","monthly","Missing features","Starter","starter",12.00
524,"LinkVentures","Real Estate","small","AU","Australia/Sydney",784,"cancelled",1,0.00,"2025-07-31","2025-09-20","monthly","Too expensive","Free","free",0.00
525,"VertexPro","Manufacturing","small","US","America/New_York",785,"expired",4,32.50,"2024-03-26","2025-02-27","annual","Missing features","Professional","professional",39.00
525,"VertexPro","Manufacturing","small","US","America/New_York",786,"expired",2,12.00,"2025-02-27","2025-05-10","monthly","Company reorganization","Starter","starter",12.00
525,"VertexPro","Manufacturing","small","US","America/New_York",787,"cancelled",6,82.50,"2025-05-10","2025-07-23","annual","Switched competitor","Enterprise","enterprise",99.00
526,"Quark Pro","Finance","small","JP","Asia/Tokyo",788,"active",1,0.00,"2023-01-22",NULL,"monthly",NULL,"Free","free",0.00
527,"VertexSoftware","E-commerce","small","IN","Asia/Kolkata",789,"active",5,49.17,"2025-06-18",NULL,"annual",NULL,"Professional Plus","professional",59.00
528,"MetaSoftware","Legal","small","IN","Asia/Kolkata",790,"cancelled",1,0.00,"2024-08-24","2025-05-09","annual","Company reorganization","Free","free",0.00
529,"IonDev","Telecommunications","medium","GB","Europe/London",791,"cancelled",1,0.00,"2024-06-04","2024-09-11","annual","Missing features","Free","free",0.00
529,"IonDev","Telecommunications","medium","GB","Europe/London",792,"active",2,10.00,"2024-09-11",NULL,"annual",NULL,"Starter","starter",12.00
530,"FluxDev","Marketing","large","IN","Asia/Kolkata",793,"active",2,9.00,"2024-02-15",NULL,"monthly",NULL,"Starter","starter",12.00
531,"NovaPlatform","Consulting","enterprise","GB","Europe/London",794,"active",1,0.00,"2025-05-12",NULL,"monthly",NULL,"Free","free",0.00
532,"SyncHQ","E-commerce","medium","US","America/New_York",795,"active",2,10.00,"2024-01-12",NULL,"annual",NULL,"Starter","starter",12.00
533,"Edge Studio","Telecommunications","small","DE","Europe/Berlin",796,"cancelled",2,8.00,"2023-04-11","2024-11-20","annual","Too expensive","Starter","starter",12.00
534,"QuarkCloud","Insurance","large","DE","Europe/Berlin",797,"expired",3,15.83,"2023-01-09","2023-04-20","annual","Company reorganization","Starter Plus","starter",19.00
534,"QuarkCloud","Insurance","large","DE","Europe/Berlin",798,"active",5,59.00,"2023-04-20",NULL,"monthly",NULL,"Professional Plus","professional",59.00
535,"ZenVentures","Technology","medium","SG","Asia/Singapore",799,"cancelled",5,59.00,"2025-02-06","2025-04-13","monthly","Company reorganization","Professional Plus","professional",59.00
535,"ZenVentures","Technology","medium","SG","Asia/Singapore",800,"active",5,49.17,"2025-04-13",NULL,"annual",NULL,"Professional Plus","professional",59.00
536,"UnitHQ","Healthcare","small","GB","Europe/London",801,"cancelled",6,99.00,"2024-07-25","2024-12-09","monthly","Missing features","Enterprise","enterprise",99.00
537,"VineLabs","Logistics","enterprise","IN","Asia/Kolkata",802,"active",2,12.00,"2024-12-08",NULL,"monthly",NULL,"Starter","starter",12.00
538,"IonDigital","Marketing","medium","SG","Asia/Singapore",803,"cancelled",1,0.00,"2023-07-29","2024-03-12","annual","Switched competitor","Free","free",0.00
538,"IonDigital","Marketing","medium","SG","Asia/Singapore",804,"active",4,39.00,"2024-03-12",NULL,"monthly",NULL,"Professional","professional",39.00
539,"GridWorks","Consulting","large","DE","Europe/Berlin",805,"active",6,82.50,"2024-09-09",NULL,"annual",NULL,"Enterprise","enterprise",99.00
540,"Quest Dev","Healthcare","medium","US","America/New_York",806,"cancelled",1,0.00,"2023-04-24","2025-03-03","annual",NULL,"Free","free",0.00
541,"TidalCorp","Logistics","medium","US","America/Los_Angeles",807,"cancelled",3,16.15,"2024-04-14","2024-11-15","monthly","Missing features","Starter Plus","starter",19.00
541,"TidalCorp","Logistics","medium","US","America/Los_Angeles",808,"active",7,199.00,"2024-11-15",NULL,"monthly",NULL,"Enterprise Custom","enterprise",199.00
542,"ZenGroup","Media","small","BR","America/Sao_Paulo",809,"active",1,0.00,"2025-06-21",NULL,"monthly",NULL,"Free","free",0.00
543,"Nexus Pro","Manufacturing","medium","AU","Australia/Sydney",810,"cancelled",2,12.00,"2025-06-10","2025-10-04","monthly","Company reorganization","Starter","starter",12.00
543,"Nexus Pro","Manufacturing","medium","AU","Australia/Sydney",811,"cancelled",5,49.17,"2025-10-04","2025-10-22","annual","Budget cuts","Professional Plus","professional",59.00
544,"SagePro","E-commerce","medium","AU","Australia/Sydney",812,"cancelled",2,12.00,"2025-03-09","2025-06-29","monthly","Not using it","Starter","starter",12.00
544,"SagePro","E-commerce","medium","AU","Australia/Sydney",813,"cancelled",3,15.83,"2025-06-29","2025-09-04","annual","Budget cuts","Starter Plus","starter",19.00
544,"SagePro","E-commerce","medium","AU","Australia/Sydney",814,"active",6,89.10,"2025-09-04",NULL,"monthly",NULL,"Enterprise","enterprise",99.00
545,"Sage Ops","Legal","medium","AU","Australia/Sydney",815,"active",6,99.00,"2023-04-28",NULL,"monthly",NULL,"Enterprise","enterprise",99.00
546,"Jade Ops","E-commerce","large","CA","America/Toronto",816,"expired",1,0.00,"2024-09-13","2025-07-26","monthly","Not using it","Free","free",0.00
546,"Jade Ops","E-commerce","large","CA","America/Toronto",817,"cancelled",6,99.00,"2025-07-26","2025-09-24","monthly","Too expensive","Enterprise","enterprise",99.00
546,"Jade Ops","E-commerce","large","CA","America/Toronto",818,"cancelled",6,82.50,"2025-09-24","2025-02-04","annual","Budget cuts","Enterprise","enterprise",99.00
547,"Trek AI","Telecommunications","large","JP","Asia/Tokyo",819,"expired",1,0.00,"2025-01-03","2025-04-21","monthly","Budget cuts","Free","free",0.00
547,"Trek AI","Telecommunications","large","JP","Asia/Tokyo",820,"active",4,39.00,"2025-04-21",NULL,"monthly",NULL,"Professional","professional",39.00
548,"Zeal Logic","Insurance","small","GB","Europe/London",821,"cancelled",2,12.00,"2023-07-16","2024-02-12","monthly","Switched competitor","Starter","starter",12.00
548,"Zeal Logic","Insurance","small","GB","Europe/London",822,"active",3,15.83,"2024-02-12",NULL,"annual",NULL,"Starter Plus","starter",19.00
549,"QuestSolutions","Technology","medium","JP","Asia/Tokyo",823,"cancelled",2,12.00,"2025-08-14","2025-10-13","monthly","Company reorganization","Starter","starter",12.00
549,"QuestSolutions","Technology","medium","JP","Asia/Tokyo",824,"expired",4,32.50,"2025-10-13","2025-12-12","annual","Budget cuts","Professional","professional",39.00
549,"QuestSolutions","Technology","medium","JP","Asia/Tokyo",825,"active",4,32.50,"2025-12-12",NULL,"annual",NULL,"Professional","professional",39.00
550,"Ultra Solutions","Technology","medium","SG","Asia/Singapore",826,"active",2,12.00,"2023-10-13",NULL,"monthly",NULL,"Starter","starter",12.00
551,"FluxSystems","Insurance","enterprise","BR","America/Sao_Paulo",827,"expired",1,0.00,"2025-09-22","2025-11-22","monthly","Switched competitor","Free","free",0.00
551,"FluxSystems","Insurance","enterprise","BR","America/Sao_Paulo",828,"cancelled",1,0.00,"2025-11-22","2026-01-21","monthly","Budget cuts","Free","free",0.00
551,"FluxSystems","Insurance","enterprise","BR","America/Sao_Paulo",829,"active",3,15.83,"2026-01-21",NULL,"annual",NULL,"Starter Plus","starter",19.00
552,"Bolt Group","Telecommunications","medium","CA","America/Toronto",830,"active",2,10.00,"2023-01-14",NULL,"annual",NULL,"Starter","starter",12.00
553,"TidalPlatform","Insurance","small","BR","America/Sao_Paulo",831,"expired",2,9.00,"2023-07-29","2023-12-06","monthly","Not using it","Starter","starter",12.00
553,"TidalPlatform","Insurance","small","BR","America/Sao_Paulo",832,"active",2,12.00,"2023-12-06",NULL,"monthly",NULL,"Starter","starter",12.00
554,"Ultra Stack","Insurance","enterprise","US","America/New_York",833,"active",5,44.25,"2023-08-23",NULL,"annual",NULL,"Professional Plus","professional",59.00
555,"QuestPlatform","Legal","large","GB","Europe/London",834,"expired",2,10.00,"2024-05-18","2025-03-27","annual","Switched competitor","Starter","starter",12.00
555,"QuestPlatform","Legal","large","GB","Europe/London",835,"cancelled",6,74.25,"2025-03-27","2024-11-13","annual",NULL,"Enterprise","enterprise",99.00
556,"Link Dynamics","Retail","enterprise","GB","Europe/London",836,"expired",2,9.00,"2023-07-22","2023-12-18","monthly","Switched competitor","Starter","starter",12.00
556,"Link Dynamics","Retail","enterprise","GB","Europe/London",837,"active",3,19.00,"2023-12-18",NULL,"monthly",NULL,"Starter Plus","starter",19.00
557,"KeenHQ","E-commerce","small","CA","America/Toronto",838,"cancelled",6,82.50,"2024-09-16","2025-07-23","annual","Not using it","Enterprise","enterprise",99.00
557,"KeenHQ","E-commerce","small","CA","America/Toronto",839,"cancelled",5,49.17,"2025-07-23","2025-09-30","annual",NULL,"Professional Plus","professional",59.00
557,"KeenHQ","E-commerce","small","CA","America/Toronto",840,"active",1,0.00,"2025-09-30",NULL,"monthly",NULL,"Free","free",0.00
558,"FlowHub","Education","medium","JP","Asia/Tokyo",841,"active",4,29.25,"2023-10-18",NULL,"annual",NULL,"Professional","professional",39.00
559,"VertexDigital","E-commerce","small","GB","Europe/London",842,"cancelled",1,0.00,"2025-08-05","2025-10-10","annual","Company reorganization","Free","free",0.00
559,"VertexDigital","E-commerce","small","GB","Europe/London",843,"active",5,59.00,"2025-10-10",NULL,"monthly",NULL,"Professional Plus","professional",59.00
560,"FluxCloud","Real Estate","small","AU","Australia/Sydney",844,"active",3,15.83,"2025-09-07",NULL,"annual",NULL,"Starter Plus","starter",19.00
561,"GlowNet","Legal","small","FR","Europe/Paris",845,"cancelled",1,0.00,"2023-02-05","2023-04-15","monthly","Missing features","Free","free",0.00
561,"GlowNet","Legal","small","FR","Europe/Paris",846,"active",2,12.00,"2023-04-15",NULL,"monthly",NULL,"Starter","starter",12.00
562,"SageOps","Education","medium","CA","America/Toronto",847,"cancelled",2,9.00,"2025-02-28","2025-08-26","monthly","Not using it","Starter","starter",12.00
563,"HiveSoftware","Finance","enterprise","AU","Australia/Sydney",848,"active",2,10.00,"2025-01-21",NULL,"annual",NULL,"Starter","starter",12.00
564,"GridStack","Insurance","small","US","America/Los_Angeles",849,"cancelled",1,0.00,"2023-06-22","2023-10-03","monthly","Budget cuts","Free","free",0.00
564,"GridStack","Insurance","small","US","America/Los_Angeles",850,"expired",5,59.00,"2023-10-03","2024-03-18","monthly","Budget cuts","Professional Plus","professional",59.00
564,"GridStack","Insurance","small","US","America/Los_Angeles",851,"active",5,49.17,"2024-03-18",NULL,"annual",NULL,"Professional Plus","professional",59.00
565,"Xenon Solutions","Legal","small","GB","Europe/London",852,"active",2,10.00,"2023-07-10",NULL,"annual",NULL,"Starter","starter",12.00
566,"QuarkCorp","Telecommunications","medium","US","America/Chicago",853,"cancelled",5,53.10,"2023-03-07","2023-05-25","monthly","Too expensive","Professional Plus","professional",59.00
566,"QuarkCorp","Telecommunications","medium","US","America/Chicago",854,"active",4,39.00,"2023-05-25",NULL,"monthly",NULL,"Professional","professional",39.00
567,"Acme Ops","Real Estate","enterprise","US","America/New_York",855,"active",3,19.00,"2025-02-18",NULL,"monthly",NULL,"Starter Plus","starter",19.00
568,"VertexWorks","Marketing","large","AU","Australia/Sydney",856,"cancelled",4,32.50,"2023-01-04","2023-10-28","annual",NULL,"Professional","professional",39.00
568,"VertexWorks","Marketing","large","AU","Australia/Sydney",857,"active",1,0.00,"2023-10-28",NULL,"annual",NULL,"Free","free",0.00
569,"Hive Analytics","Legal","enterprise","GB","Europe/London",858,"cancelled",2,10.20,"2024-11-07","2025-02-03","monthly","Budget cuts","Starter","starter",12.00
569,"Hive Analytics","Legal","enterprise","GB","Europe/London",859,"cancelled",2,10.20,"2025-02-03","2025-08-11","monthly",NULL,"Starter","starter",12.00
570,"VineWorks","E-commerce","medium","CA","America/Toronto",860,"active",4,32.50,"2025-08-22",NULL,"annual",NULL,"Professional","professional",39.00
571,"Meta Net","Finance","enterprise","JP","Asia/Tokyo",861,"active",4,27.62,"2023-03-31",NULL,"annual",NULL,"Professional","professional",39.00
572,"KiteHQ","Consulting","large","JP","Asia/Tokyo",862,"cancelled",1,0.00,"2025-01-02","2025-03-27","monthly","Budget cuts","Free","free",0.00
572,"KiteHQ","Consulting","large","JP","Asia/Tokyo",863,"cancelled",6,74.25,"2025-03-27","2025-06-07","annual","Company reorganization","Enterprise","enterprise",99.00
573,"UnitAnalytics","Telecommunications","large","US","America/Chicago",864,"active",5,49.17,"2024-12-09",NULL,"annual",NULL,"Professional Plus","professional",59.00
574,"PeakWorks","Legal","large","FR","Europe/Paris",865,"active",1,0.00,"2023-08-17",NULL,"monthly",NULL,"Free","free",0.00
575,"VineVentures","Legal","small","BR","America/Sao_Paulo",866,"expired",1,0.00,"2023-11-15","2024-04-26","monthly","Not using it","Free","free",0.00
575,"VineVentures","Legal","small","BR","America/Sao_Paulo",867,"cancelled",6,82.50,"2024-04-26","2025-02-03","annual","Not using it","Enterprise","enterprise",99.00
576,"UltraHub","Logistics","enterprise","US","America/Los_Angeles",868,"cancelled",1,0.00,"2025-05-22","2025-10-13","monthly","Company reorganization","Free","free",0.00
576,"UltraHub","Logistics","enterprise","US","America/Los_Angeles",869,"active",4,32.50,"2025-10-13",NULL,"annual",NULL,"Professional","professional",39.00
577,"FluxOps","Real Estate","small","US","America/Los_Angeles",870,"cancelled",2,10.00,"2023-11-13","2024-05-30","annual","Not using it","Starter","starter",12.00
577,"FluxOps","Real Estate","small","US","America/Los_Angeles",871,"active",7,165.83,"2024-05-30",NULL,"annual",NULL,"Enterprise Custom","enterprise",199.00
578,"TrekVentures","Retail","small","CA","America/Toronto",872,"expired",2,10.00,"2025-01-03","2025-05-19","annual","Missing features","Starter","starter",12.00
578,"TrekVentures","Retail","small","CA","America/Toronto",873,"active",2,10.00,"2025-05-19",NULL,"annual",NULL,"Starter","starter",12.00
579,"Zeal Solutions","Retail","medium","FR","Europe/Paris",874,"expired",1,0.00,"2024-07-15","2024-10-20","monthly","Budget cuts","Free","free",0.00
579,"Zeal Solutions","Retail","medium","FR","Europe/Paris",875,"active",4,32.50,"2024-10-20",NULL,"annual",NULL,"Professional","professional",39.00
580,"WarpLogic","Media","large","DE","Europe/Berlin",876,"expired",1,0.00,"2023-05-15","2024-02-21","monthly","Too expensive","Free","free",0.00
580,"WarpLogic","Media","large","DE","Europe/Berlin",877,"active",6,82.50,"2024-02-21",NULL,"annual",NULL,"Enterprise","enterprise",99.00
581,"Sage IO","Education","small","GB","Europe/London",878,"active",1,0.00,"2025-05-26",NULL,"annual",NULL,"Free","free",0.00
582,"YieldCorp","Finance","small","US","America/Chicago",879,"active",1,0.00,"2024-08-30",NULL,"annual",NULL,"Free","free",0.00
583,"Flux Cloud","Legal","medium","US","America/Los_Angeles",880,"active",1,0.00,"2025-06-04",NULL,"annual",NULL,"Free","free",0.00
584,"Flow Systems","Consulting","large","SG","Asia/Singapore",881,"cancelled",2,12.00,"2024-12-11","2025-06-03","monthly","Switched competitor","Starter","starter",12.00
584,"Flow Systems","Consulting","large","SG","Asia/Singapore",882,"active",4,32.50,"2025-06-03",NULL,"annual",NULL,"Professional","professional",39.00
585,"YieldIO","Legal","medium","DE","Europe/Berlin",883,"expired",4,32.50,"2025-04-12","2025-06-11","annual",NULL,"Professional","professional",39.00
585,"YieldIO","Legal","medium","DE","Europe/Berlin",884,"active",2,10.00,"2025-06-11",NULL,"annual",NULL,"Starter","starter",12.00
586,"EdgeDev","Media","large","SG","Asia/Singapore",885,"active",4,39.00,"2024-09-05",NULL,"monthly",NULL,"Professional","professional",39.00
587,"Nova Stack","Finance","small","JP","Asia/Tokyo",886,"expired",1,0.00,"2025-09-16","2025-11-15","monthly","Company reorganization","Free","free",0.00
587,"Nova Stack","Finance","small","JP","Asia/Tokyo",887,"paused",4,39.00,"2025-11-15",NULL,"monthly",NULL,"Professional","professional",39.00
588,"QuestDynamics","Real Estate","medium","FR","Europe/Paris",888,"cancelled",5,44.25,"2023-08-03","2024-06-12","annual",NULL,"Professional Plus","professional",59.00
588,"QuestDynamics","Real Estate","medium","FR","Europe/Paris",889,"expired",2,12.00,"2024-06-12","2025-04-29","monthly","Switched competitor","Starter","starter",12.00
588,"QuestDynamics","Real Estate","medium","FR","Europe/Paris",890,"active",6,82.50,"2025-04-29",NULL,"annual",NULL,"Enterprise","enterprise",99.00
589,"Tidal Software","Finance","medium","JP","Asia/Tokyo",891,"cancelled",1,0.00,"2024-07-17","2025-02-13","annual","Missing features","Free","free",0.00
589,"Tidal Software","Finance","medium","JP","Asia/Tokyo",892,"cancelled",6,99.00,"2025-02-13","2025-09-12","monthly","Switched competitor","Enterprise","enterprise",99.00
589,"Tidal Software","Finance","medium","JP","Asia/Tokyo",893,"active",5,49.17,"2025-09-12",NULL,"annual",NULL,"Professional Plus","professional",59.00
590,"DriftTech","Logistics","medium","FR","Europe/Paris",894,"cancelled",2,10.00,"2024-12-14","2025-10-23","annual",NULL,"Starter","starter",12.00
590,"DriftTech","Logistics","medium","FR","Europe/Paris",895,"active",3,15.83,"2025-10-23",NULL,"annual",NULL,"Starter Plus","starter",19.00
591,"ArcDigital","Insurance","medium","AU","Australia/Sydney",896,"cancelled",4,32.50,"2024-07-15","2025-03-04","annual","Switched competitor","Professional","professional",39.00
591,"ArcDigital","Insurance","medium","AU","Australia/Sydney",897,"cancelled",5,59.00,"2025-03-04","2025-08-17","monthly","Missing features","Professional Plus","professional",59.00
591,"ArcDigital","Insurance","medium","AU","Australia/Sydney",898,"active",2,10.00,"2025-08-17",NULL,"annual",NULL,"Starter","starter",12.00
592,"HubSolutions","Telecommunications","small","BR","America/Sao_Paulo",899,"active",1,0.00,"2024-07-18",NULL,"monthly",NULL,"Free","free",0.00
593,"Vine Ops","Insurance","medium","JP","Asia/Tokyo",900,"expired",3,19.00,"2024-12-31","2025-04-06","monthly","Missing features","Starter Plus","starter",19.00
593,"Vine Ops","Insurance","medium","JP","Asia/Tokyo",901,"cancelled",1,0.00,"2025-04-06","2025-03-20","monthly","Not using it","Free","free",0.00
594,"UnitStack","Legal","enterprise","GB","Europe/London",902,"cancelled",1,0.00,"2025-03-28","2025-06-29","annual","Budget cuts","Free","free",0.00
594,"UnitStack","Legal","enterprise","GB","Europe/London",903,"expired",4,32.50,"2025-06-29","2025-10-04","annual",NULL,"Professional","professional",39.00
594,"UnitStack","Legal","enterprise","GB","Europe/London",904,"active",6,74.25,"2025-10-04",NULL,"annual",NULL,"Enterprise","enterprise",99.00
595,"FlowSolutions","Healthcare","large","DE","Europe/Berlin",905,"active",1,0.00,"2023-05-20",NULL,"annual",NULL,"Free","free",0.00
596,"SageDynamics","E-commerce","large","SG","Asia/Singapore",906,"active",1,0.00,"2024-11-21",NULL,"monthly",NULL,"Free","free",0.00
597,"LunaTech","Finance","medium","IN","Asia/Kolkata",907,"active",5,49.17,"2024-11-26",NULL,"annual",NULL,"Professional Plus","professional",59.00
598,"SyncCloud","Education","small","US","America/New_York",908,"expired",3,14.25,"2025-09-09","2025-11-08","annual",NULL,"Starter Plus","starter",19.00
598,"SyncCloud","Education","small","US","America/New_York",909,"cancelled",1,0.00,"2025-11-08","2026-01-08","monthly","Too expensive","Free","free",0.00
598,"SyncCloud","Education","small","US","America/New_York",910,"active",6,99.00,"2026-01-08",NULL,"monthly",NULL,"Enterprise","enterprise",99.00
599,"DriftGroup","Technology","small","US","America/New_York",911,"cancelled",4,39.00,"2025-01-09","2025-06-25","monthly","Switched competitor","Professional","professional",39.00
600,"HiveDev","Manufacturing","small","CA","America/Toronto",912,"active",2,10.00,"2023-11-03",NULL,"annual",NULL,"Starter","starter",12.00
601,"GridHQ","Consulting","small","US","America/Los_Angeles",913,"cancelled",1,0.00,"2023-10-19","2024-09-19","annual","Missing features","Free","free",0.00
602,"Echo Ops","Education","small","AU","Australia/Sydney",914,"cancelled",3,19.00,"2025-02-21","2025-06-06","monthly","Missing features","Starter Plus","starter",19.00
602,"Echo Ops","Education","small","AU","Australia/Sydney",915,"cancelled",4,39.00,"2025-06-06","2025-10-13","monthly","Too expensive","Professional","professional",39.00
602,"Echo Ops","Education","small","AU","Australia/Sydney",916,"active",2,10.00,"2025-10-13",NULL,"annual",NULL,"Starter","starter",12.00
603,"IonSystems","Insurance","small","US","America/Los_Angeles",917,"expired",3,15.83,"2025-04-29","2025-09-08","annual",NULL,"Starter Plus","starter",19.00
603,"IonSystems","Insurance","small","US","America/Los_Angeles",918,"active",2,10.00,"2025-09-08",NULL,"annual",NULL,"Starter","starter",12.00
604,"Jet Pro","Media","small","GB","Europe/London",919,"expired",4,35.10,"2024-03-15","2024-11-12","monthly","Company reorganization","Professional","professional",39.00
604,"Jet Pro","Media","small","GB","Europe/London",920,"cancelled",6,99.00,"2024-11-12","2025-10-14","monthly","Company reorganization","Enterprise","enterprise",99.00
605,"BeamLabs","Healthcare","enterprise","US","America/New_York",921,"active",1,0.00,"2024-03-12",NULL,"monthly",NULL,"Free","free",0.00
606,"HubAnalytics","Marketing","large","AU","Australia/Sydney",922,"active",5,59.00,"2025-02-01",NULL,"monthly",NULL,"Professional Plus","professional",59.00
607,"Flux Studio","Marketing","small","US","America/Chicago",923,"cancelled",5,59.00,"2025-01-29","2025-07-18","monthly","Budget cuts","Professional Plus","professional",59.00
607,"Flux Studio","Marketing","small","US","America/Chicago",924,"active",2,12.00,"2025-07-18",NULL,"monthly",NULL,"Starter","starter",12.00
608,"Link Logic","Healthcare","small","US","America/Los_Angeles",925,"active",1,0.00,"2024-04-01",NULL,"monthly",NULL,"Free","free",0.00
609,"TidalPro","Insurance","small","JP","Asia/Tokyo",926,"active",1,0.00,"2025-07-01",NULL,"monthly",NULL,"Free","free",0.00
610,"Arc Dev","Telecommunications","medium","US","America/New_York",927,"cancelled",2,12.00,"2024-08-02","2025-06-19","monthly","Too expensive","Starter","starter",12.00
610,"Arc Dev","Telecommunications","medium","US","America/New_York",928,"cancelled",6,99.00,"2025-06-19","2025-01-26","monthly",NULL,"Enterprise","enterprise",99.00
611,"RiftDynamics","Healthcare","small","CA","America/Toronto",929,"cancelled",1,0.00,"2023-07-31","2024-05-04","monthly",NULL,"Free","free",0.00
612,"Hub Solutions","E-commerce","small","JP","Asia/Tokyo",930,"cancelled",1,0.00,"2023-10-04","2024-07-28","monthly","Too expensive","Free","free",0.00
612,"Hub Solutions","E-commerce","small","JP","Asia/Tokyo",931,"active",2,12.00,"2024-07-28",NULL,"monthly",NULL,"Starter","starter",12.00
613,"MistStudio","Legal","medium","DE","Europe/Berlin",932,"cancelled",6,82.50,"2024-10-02","2025-09-10","annual","Budget cuts","Enterprise","enterprise",99.00
613,"MistStudio","Legal","medium","DE","Europe/Berlin",933,"expired",3,19.00,"2025-09-10","2025-11-09","monthly","Not using it","Starter Plus","starter",19.00
613,"MistStudio","Legal","medium","DE","Europe/Berlin",934,"active",4,39.00,"2025-11-09",NULL,"monthly",NULL,"Professional","professional",39.00
614,"QuestHub","Real Estate","small","FR","Europe/Paris",935,"active",2,9.60,"2025-04-16",NULL,"monthly",NULL,"Starter","starter",12.00
615,"Unit Corp","Marketing","small","CA","America/Toronto",936,"active",2,12.00,"2024-05-17",NULL,"monthly",NULL,"Starter","starter",12.00
616,"KiteSolutions","Logistics","medium","GB","Europe/London",937,"expired",6,82.50,"2024-06-23","2025-02-10","annual","Switched competitor","Enterprise","enterprise",99.00
616,"KiteSolutions","Logistics","medium","GB","Europe/London",938,"cancelled",7,165.83,"2025-02-10","2024-08-01","annual","Not using it","Enterprise Custom","enterprise",199.00
617,"AcmeHub","Telecommunications","small","US","America/Los_Angeles",939,"cancelled",2,12.00,"2025-09-16","2025-11-15","monthly","Too expensive","Starter","starter",12.00
617,"AcmeHub","Telecommunications","small","US","America/Los_Angeles",940,"cancelled",1,0.00,"2025-11-15","2025-10-18","monthly","Too expensive","Free","free",0.00
618,"Echo Hub","Real Estate","medium","US","America/Los_Angeles",941,"active",3,19.00,"2024-10-04",NULL,"monthly",NULL,"Starter Plus","starter",19.00
619,"Orbit Labs","E-commerce","medium","AU","Australia/Sydney",942,"cancelled",1,0.00,"2025-01-02","2025-03-03","annual","Too expensive","Free","free",0.00
619,"Orbit Labs","E-commerce","medium","AU","Australia/Sydney",943,"active",3,15.20,"2025-03-03",NULL,"monthly",NULL,"Starter Plus","starter",19.00
620,"OrbitSystems","Education","small","US","America/Chicago",944,"cancelled",1,0.00,"2024-09-11","2025-01-02","annual","Company reorganization","Free","free",0.00
620,"OrbitSystems","Education","small","US","America/Chicago",945,"cancelled",3,15.83,"2025-01-02","2025-03-26","annual","Switched competitor","Starter Plus","starter",19.00
621,"NexusCloud","Healthcare","small","CA","America/Toronto",946,"cancelled",1,0.00,"2025-06-01","2025-10-03","monthly",NULL,"Free","free",0.00
621,"NexusCloud","Healthcare","small","CA","America/Toronto",947,"active",2,12.00,"2025-10-03",NULL,"monthly",NULL,"Starter","starter",12.00
622,"JetLogic","Insurance","enterprise","CA","America/Toronto",948,"active",1,0.00,"2023-11-27",NULL,"monthly",NULL,"Free","free",0.00
623,"FluxCorp","Manufacturing","medium","SG","Asia/Singapore",949,"expired",6,74.25,"2024-07-16","2025-05-16","annual","Company reorganization","Enterprise","enterprise",99.00
623,"FluxCorp","Manufacturing","medium","SG","Asia/Singapore",950,"expired",2,12.00,"2025-05-16","2025-08-13","monthly","Budget cuts","Starter","starter",12.00
623,"FluxCorp","Manufacturing","medium","SG","Asia/Singapore",951,"active",4,32.50,"2025-08-13",NULL,"annual",NULL,"Professional","professional",39.00
624,"ArcDev","Legal","enterprise","FR","Europe/Paris",952,"active",1,0.00,"2023-01-18",NULL,"monthly",NULL,"Free","free",0.00
625,"DataStudio","Retail","enterprise","US","America/Los_Angeles",953,"active",6,89.10,"2025-04-27",NULL,"monthly",NULL,"Enterprise","enterprise",99.00
626,"Unit Labs","Legal","medium","IN","Asia/Kolkata",954,"cancelled",2,12.00,"2025-06-10","2025-08-07","monthly","Company reorganization","Starter","starter",12.00
627,"Luna IO","Legal","small","FR","Europe/Paris",955,"cancelled",5,59.00,"2024-10-22","2025-01-13","monthly","Budget cuts","Professional Plus","professional",59.00
627,"Luna IO","Legal","small","FR","Europe/Paris",956,"active",2,12.00,"2025-01-13",NULL,"monthly",NULL,"Starter","starter",12.00
628,"Kite Labs","Manufacturing","enterprise","AU","Australia/Sydney",957,"active",3,14.25,"2024-12-27",NULL,"annual",NULL,"Starter Plus","starter",19.00
629,"FlowDev","Finance","large","GB","Europe/London",958,"cancelled",2,7.50,"2023-03-21","2023-06-05","annual","Company reorganization","Starter","starter",12.00
629,"FlowDev","Finance","large","GB","Europe/London",959,"cancelled",2,10.00,"2023-06-05","2023-10-01","annual","Budget cuts","Starter","starter",12.00
629,"FlowDev","Finance","large","GB","Europe/London",960,"active",6,82.50,"2023-10-01",NULL,"annual",NULL,"Enterprise","enterprise",99.00
630,"Xenon Stack","Manufacturing","small","DE","Europe/Berlin",961,"expired",1,0.00,"2023-10-16","2024-05-25","monthly","Missing features","Free","free",0.00
630,"Xenon Stack","Manufacturing","small","DE","Europe/Berlin",962,"expired",4,39.00,"2024-05-25","2024-10-02","monthly","Missing features","Professional","professional",39.00
630,"Xenon Stack","Manufacturing","small","DE","Europe/Berlin",963,"cancelled",4,39.00,"2024-10-02","2024-02-05","monthly","Company reorganization","Professional","professional",39.00
631,"Cloud Platform","Education","small","BR","America/Sao_Paulo",964,"expired",3,19.00,"2023-04-06","2023-06-17","monthly","Missing features","Starter Plus","starter",19.00
631,"Cloud Platform","Education","small","BR","America/Sao_Paulo",965,"active",1,0.00,"2023-06-17",NULL,"monthly",NULL,"Free","free",0.00
632,"Warp Logic","Legal","small","US","America/Los_Angeles",966,"active",2,12.00,"2025-04-06",NULL,"monthly",NULL,"Starter","starter",12.00
633,"Jet Ops","Consulting","small","SG","Asia/Singapore",967,"cancelled",5,59.00,"2023-06-14","2023-09-24","monthly",NULL,"Professional Plus","professional",59.00
633,"Jet Ops","Consulting","small","SG","Asia/Singapore",968,"active",2,8.00,"2023-09-24",NULL,"annual",NULL,"Starter","starter",12.00
634,"CoreDigital","Marketing","medium","AU","Australia/Sydney",969,"cancelled",4,39.00,"2024-09-13","2024-12-11","monthly",NULL,"Professional","professional",39.00
635,"Tidal Dynamics","Retail","enterprise","US","America/Chicago",970,"active",1,0.00,"2023-10-14",NULL,"annual",NULL,"Free","free",0.00
636,"QuarkIO","Insurance","medium","SG","Asia/Singapore",971,"active",2,12.00,"2024-02-15",NULL,"monthly",NULL,"Starter","starter",12.00
637,"CoreStudio","Real Estate","small","IN","Asia/Kolkata",972,"cancelled",1,0.00,"2024-10-21","2025-09-23","monthly","Switched competitor","Free","free",0.00
638,"Kite Ventures","Manufacturing","enterprise","US","America/Chicago",973,"active",1,0.00,"2024-10-19",NULL,"annual",NULL,"Free","free",0.00
639,"ZenHub","Manufacturing","small","US","America/Chicago",974,"cancelled",1,0.00,"2024-04-10","2024-09-07","monthly","Company reorganization","Free","free",0.00
640,"MistHub","Telecommunications","enterprise","IN","Asia/Kolkata",975,"expired",1,0.00,"2025-09-02","2025-11-01","annual","Company reorganization","Free","free",0.00
640,"MistHub","Telecommunications","enterprise","IN","Asia/Kolkata",976,"active",1,0.00,"2025-11-01",NULL,"monthly",NULL,"Free","free",0.00
641,"Zen Tech","Education","enterprise","FR","Europe/Paris",977,"cancelled",1,0.00,"2023-02-25","2023-07-24","monthly","Not using it","Free","free",0.00
641,"Zen Tech","Education","enterprise","FR","Europe/Paris",978,"cancelled",3,19.00,"2023-07-24","2024-01-09","monthly","Too expensive","Starter Plus","starter",19.00
641,"Zen Tech","Education","enterprise","FR","Europe/Paris",979,"cancelled",1,0.00,"2024-01-09","2025-01-20","annual","Missing features","Free","free",0.00
642,"KiteSoftware","Manufacturing","medium","CA","America/Toronto",980,"active",5,59.00,"2024-12-10",NULL,"monthly",NULL,"Professional Plus","professional",59.00
643,"EdgePro","Real Estate","small","IN","Asia/Kolkata",981,"cancelled",5,49.17,"2025-07-07","2025-10-15","annual","Company reorganization","Professional Plus","professional",59.00
643,"EdgePro","Real Estate","small","IN","Asia/Kolkata",982,"cancelled",6,84.15,"2025-10-15","2025-12-14","monthly","Missing features","Enterprise","enterprise",99.00
643,"EdgePro","Real Estate","small","IN","Asia/Kolkata",983,"active",5,59.00,"2025-12-14",NULL,"monthly",NULL,"Professional Plus","professional",59.00
644,"Nova Pro","E-commerce","medium","FR","Europe/Paris",984,"active",2,12.00,"2023-07-15",NULL,"monthly",NULL,"Starter","starter",12.00
645,"BoltCloud","Media","enterprise","US","America/Chicago",985,"cancelled",1,0.00,"2025-04-28","2025-10-24","annual","Too expensive","Free","free",0.00
645,"BoltCloud","Media","enterprise","US","America/Chicago",986,"active",2,12.00,"2025-10-24",NULL,"monthly",NULL,"Starter","starter",12.00
646,"LunaDynamics","Media","medium","AU","Australia/Sydney",987,"cancelled",2,12.00,"2025-08-18","2025-10-24","monthly","Budget cuts","Starter","starter",12.00
646,"LunaDynamics","Media","medium","AU","Australia/Sydney",988,"active",3,15.83,"2025-10-24",NULL,"annual",NULL,"Starter Plus","starter",19.00
647,"Vine Hub","Real Estate","medium","US","America/Chicago",989,"expired",2,10.00,"2023-08-05","2024-05-01","annual","Too expensive","Starter","starter",12.00
647,"Vine Hub","Real Estate","medium","US","America/Chicago",990,"expired",2,10.00,"2024-05-01","2024-12-19","annual","Budget cuts","Starter","starter",12.00
647,"Vine Hub","Real Estate","medium","US","America/Chicago",991,"active",5,59.00,"2024-12-19",NULL,"monthly",NULL,"Professional Plus","professional",59.00
648,"DriftCorp","Logistics","large","FR","Europe/Paris",992,"active",2,12.00,"2025-06-19",NULL,"monthly",NULL,"Starter","starter",12.00
649,"Arc AI","Technology","small","US","America/Los_Angeles",993,"active",5,59.00,"2023-06-24",NULL,"monthly",NULL,"Professional Plus","professional",59.00
650,"Peak Logic","Retail","small","BR","America/Sao_Paulo",994,"active",3,15.83,"2023-11-22",NULL,"annual",NULL,"Starter Plus","starter",19.00
651,"Ultra Software","Healthcare","small","US","America/New_York",995,"cancelled",2,10.00,"2024-07-10","2025-05-21","annual","Missing features","Starter","starter",12.00
651,"Ultra Software","Healthcare","small","US","America/New_York",996,"active",3,15.83,"2025-05-21",NULL,"annual",NULL,"Starter Plus","starter",19.00
652,"DriftStack","Marketing","small","GB","Europe/London",997,"expired",3,15.83,"2025-04-06","2025-06-11","annual","Not using it","Starter Plus","starter",19.00
652,"DriftStack","Marketing","small","GB","Europe/London",998,"active",3,15.83,"2025-06-11",NULL,"annual",NULL,"Starter Plus","starter",19.00
653,"RushTech","Logistics","small","SG","Asia/Singapore",999,"active",1,0.00,"2023-10-17",NULL,"annual",NULL,"Free","free",0.00
654,"Bolt Corp","Healthcare","medium","SG","Asia/Singapore",1000,"expired",3,14.25,"2024-04-06","2025-03-24","monthly","Budget cuts","Starter Plus","starter",19.00
654,"Bolt Corp","Healthcare","medium","SG","Asia/Singapore",1001,"expired",6,99.00,"2025-03-24","2025-08-25","monthly","Company reorganization","Enterprise","enterprise",99.00
654,"Bolt Corp","Healthcare","medium","SG","Asia/Singapore",1002,"active",4,39.00,"2025-08-25",NULL,"monthly",NULL,"Professional","professional",39.00
655,"QuestVentures","Retail","small","US","America/Chicago",1003,"expired",3,19.00,"2024-06-18","2025-01-29","monthly","Missing features","Starter Plus","starter",19.00
655,"QuestVentures","Retail","small","US","America/Chicago",1004,"active",7,199.00,"2025-01-29",NULL,"monthly",NULL,"Enterprise Custom","enterprise",199.00
656,"MistLabs","Media","medium","US","America/Los_Angeles",1005,"active",1,0.00,"2023-03-27",NULL,"annual",NULL,"Free","free",0.00
657,"Flow Studio","Legal","medium","SG","Asia/Singapore",1006,"cancelled",2,8.50,"2025-08-02","2025-10-21","annual","Switched competitor","Starter","starter",12.00
657,"Flow Studio","Legal","medium","SG","Asia/Singapore",1007,"cancelled",4,29.25,"2025-10-21","2025-09-17","annual","Too expensive","Professional","professional",39.00
658,"ZenSystems","Insurance","medium","DE","Europe/Berlin",1008,"expired",1,0.00,"2024-03-09","2024-09-18","monthly","Switched competitor","Free","free",0.00
658,"ZenSystems","Insurance","medium","DE","Europe/Berlin",1009,"active",5,59.00,"2024-09-18",NULL,"monthly",NULL,"Professional Plus","professional",59.00
659,"MistLogic","Real Estate","small","IN","Asia/Kolkata",1010,"expired",3,19.00,"2023-09-17","2024-04-05","monthly",NULL,"Starter Plus","starter",19.00
659,"MistLogic","Real Estate","small","IN","Asia/Kolkata",1011,"active",5,59.00,"2024-04-05",NULL,"monthly",NULL,"Professional Plus","professional",59.00
660,"Nova Ops","Marketing","small","US","America/Los_Angeles",1012,"active",2,12.00,"2023-08-07",NULL,"monthly",NULL,"Starter","starter",12.00
661,"MistSoftware","Healthcare","medium","DE","Europe/Berlin",1013,"expired",4,29.25,"2024-10-23","2025-05-23","annual","Too expensive","Professional","professional",39.00
661,"MistSoftware","Healthcare","medium","DE","Europe/Berlin",1014,"active",7,179.10,"2025-05-23",NULL,"monthly",NULL,"Enterprise Custom","enterprise",199.00
662,"Flux IO","Technology","small","AU","Australia/Sydney",1015,"cancelled",1,0.00,"2024-08-13","2024-09-25","monthly","Company reorganization","Free","free",0.00
663,"Peak Labs","Healthcare","medium","US","America/Chicago",1016,"cancelled",5,49.17,"2024-02-14","2024-11-13","annual","Not using it","Professional Plus","professional",59.00
664,"FluxStack","Healthcare","enterprise","IN","Asia/Kolkata",1017,"active",3,19.00,"2023-11-27",NULL,"monthly",NULL,"Starter Plus","starter",19.00
665,"Xenon Dynamics","Technology","large","US","America/New_York",1018,"cancelled",2,12.00,"2023-12-04","2024-11-24","monthly","Missing features","Starter","starter",12.00
665,"Xenon Dynamics","Technology","large","US","America/New_York",1019,"active",6,99.00,"2024-11-24",NULL,"monthly",NULL,"Enterprise","enterprise",99.00
666,"Ion Ventures","Consulting","small","US","America/Los_Angeles",1020,"expired",4,32.50,"2024-11-15","2025-02-14","annual",NULL,"Professional","professional",39.00
666,"Ion Ventures","Consulting","small","US","America/Los_Angeles",1021,"cancelled",5,59.00,"2025-02-14","2025-07-07","monthly","Missing features","Professional Plus","professional",59.00
667,"PulseOps","Retail","small","FR","Europe/Paris",1022,"cancelled",2,12.00,"2024-04-24","2024-07-18","monthly","Missing features","Starter","starter",12.00
667,"PulseOps","Retail","small","FR","Europe/Paris",1023,"active",1,0.00,"2024-07-18",NULL,"annual",NULL,"Free","free",0.00
668,"LinkHub","Retail","small","DE","Europe/Berlin",1024,"expired",2,10.20,"2023-08-13","2024-06-10","monthly","Missing features","Starter","starter",12.00
668,"LinkHub","Retail","small","DE","Europe/Berlin",1025,"expired",5,49.17,"2024-06-10","2024-11-19","annual",NULL,"Professional Plus","professional",59.00
668,"LinkHub","Retail","small","DE","Europe/Berlin",1026,"active",4,32.50,"2024-11-19",NULL,"annual",NULL,"Professional","professional",39.00
669,"Rush Corp","Finance","large","DE","Europe/Berlin",1027,"cancelled",1,0.00,"2023-09-04","2024-09-25","monthly","Not using it","Free","free",0.00
670,"Jade Tech","Marketing","medium","GB","Europe/London",1028,"cancelled",1,0.00,"2024-01-14","2025-06-30","monthly","Not using it","Free","free",0.00
671,"Luna Group","Education","medium","BR","America/Sao_Paulo",1029,"expired",2,12.00,"2023-08-13","2023-11-16","monthly","Budget cuts","Starter","starter",12.00
671,"Luna Group","Education","medium","BR","America/Sao_Paulo",1030,"expired",1,0.00,"2023-11-16","2024-10-06","monthly","Not using it","Free","free",0.00
671,"Luna Group","Education","medium","BR","America/Sao_Paulo",1031,"cancelled",2,12.00,"2024-10-06","2023-11-06","monthly","Too expensive","Starter","starter",12.00
672,"RushPlatform","Legal","large","AU","Australia/Sydney",1032,"active",2,12.00,"2023-06-25",NULL,"monthly",NULL,"Starter","starter",12.00
673,"Glow Net","Real Estate","medium","FR","Europe/Paris",1033,"active",5,53.10,"2023-12-07",NULL,"monthly",NULL,"Professional Plus","professional",59.00
674,"Quark Tech","Finance","large","US","America/New_York",1034,"cancelled",2,12.00,"2024-04-28","2024-06-10","monthly","Missing features","Starter","starter",12.00
675,"OrbitDev","Insurance","small","US","America/Chicago",1035,"active",2,10.00,"2024-07-12",NULL,"annual",NULL,"Starter","starter",12.00
676,"WaveCloud","Telecommunications","medium","SG","Asia/Singapore",1036,"cancelled",1,0.00,"2023-01-22","2024-11-19","annual","Company reorganization","Free","free",0.00
677,"SageCorp","Legal","small","GB","Europe/London",1037,"active",5,59.00,"2024-04-05",NULL,"monthly",NULL,"Professional Plus","professional",59.00
678,"QuarkOps","Marketing","medium","BR","America/Sao_Paulo",1038,"active",3,13.46,"2025-05-04",NULL,"annual",NULL,"Starter Plus","starter",19.00
679,"Rift Digital","Media","small","BR","America/Sao_Paulo",1039,"expired",2,12.00,"2023-01-16","2023-07-05","monthly","Switched competitor","Starter","starter",12.00
679,"Rift Digital","Media","small","BR","America/Sao_Paulo",1040,"cancelled",2,12.00,"2023-07-05","2024-05-19","monthly","Switched competitor","Starter","starter",12.00
679,"Rift Digital","Media","small","BR","America/Sao_Paulo",1041,"active",4,39.00,"2024-05-19",NULL,"monthly",NULL,"Professional","professional",39.00
680,"DataIO","Manufacturing","small","SG","Asia/Singapore",1042,"active",2,12.00,"2024-05-29",NULL,"monthly",NULL,"Starter","starter",12.00
681,"Unit Software","Manufacturing","medium","US","America/Chicago",1043,"active",1,0.00,"2024-10-14",NULL,"annual",NULL,"Free","free",0.00
682,"KeenCorp","Marketing","enterprise","BR","America/Sao_Paulo",1044,"cancelled",3,16.15,"2023-11-05","2024-05-26","monthly","Missing features","Starter Plus","starter",19.00
682,"KeenCorp","Marketing","enterprise","BR","America/Sao_Paulo",1045,"active",6,99.00,"2024-05-26",NULL,"monthly",NULL,"Enterprise","enterprise",99.00
683,"Core Net","Marketing","medium","SG","Asia/Singapore",1046,"expired",1,0.00,"2024-04-17","2025-02-27","annual","Budget cuts","Free","free",0.00
683,"Core Net","Marketing","medium","SG","Asia/Singapore",1047,"cancelled",5,44.25,"2025-02-27","2025-07-25","annual","Missing features","Professional Plus","professional",59.00
684,"Tidal Platform","Real Estate","medium","IN","Asia/Kolkata",1048,"active",2,12.00,"2025-05-15",NULL,"monthly",NULL,"Starter","starter",12.00
685,"Peak Systems","Marketing","medium","US","America/Chicago",1049,"active",3,15.83,"2024-08-21",NULL,"annual",NULL,"Starter Plus","starter",19.00
686,"SageSoftware","Media","large","CA","America/Toronto",1050,"active",1,0.00,"2023-11-15",NULL,"annual",NULL,"Free","free",0.00
687,"Edge Labs","Finance","medium","US","America/Chicago",1051,"expired",1,0.00,"2024-03-30","2024-09-02","monthly","Too expensive","Free","free",0.00
687,"Edge Labs","Finance","medium","US","America/Chicago",1052,"cancelled",3,17.10,"2024-09-02","2025-05-09","monthly","Missing features","Starter Plus","starter",19.00
687,"Edge Labs","Finance","medium","US","America/Chicago",1053,"active",6,82.50,"2025-05-09",NULL,"annual",NULL,"Enterprise","enterprise",99.00
688,"ZenIO","Retail","small","JP","Asia/Tokyo",1054,"active",1,0.00,"2023-05-30",NULL,"monthly",NULL,"Free","free",0.00
689,"KiteDev","Media","small","CA","America/Toronto",1055,"expired",1,0.00,"2024-11-14","2025-06-27","monthly","Missing features","Free","free",0.00
689,"KiteDev","Media","small","CA","America/Toronto",1056,"active",1,0.00,"2025-06-27",NULL,"monthly",NULL,"Free","free",0.00
690,"HubVentures","Real Estate","small","US","America/New_York",1057,"expired",4,39.00,"2023-12-30","2024-06-01","monthly","Company reorganization","Professional","professional",39.00
690,"HubVentures","Real Estate","small","US","America/New_York",1058,"active",3,12.67,"2024-06-01",NULL,"annual",NULL,"Starter Plus","starter",19.00
691,"AcmeSolutions","Retail","enterprise","JP","Asia/Tokyo",1059,"expired",4,32.50,"2024-11-02","2025-02-15","annual","Not using it","Professional","professional",39.00
691,"AcmeSolutions","Retail","enterprise","JP","Asia/Tokyo",1060,"cancelled",5,49.17,"2025-02-15","2025-08-13","annual","Budget cuts","Professional Plus","professional",59.00
692,"RushHub","Telecommunications","medium","US","America/Chicago",1061,"cancelled",6,82.50,"2024-08-12","2025-07-31","annual","Company reorganization","Enterprise","enterprise",99.00
692,"RushHub","Telecommunications","medium","US","America/Chicago",1062,"active",1,0.00,"2025-07-31",NULL,"monthly",NULL,"Free","free",0.00
693,"IonNet","Real Estate","small","BR","America/Sao_Paulo",1063,"cancelled",1,0.00,"2024-11-12","2025-09-01","monthly","Too expensive","Free","free",0.00
694,"GridSolutions","Manufacturing","enterprise","AU","Australia/Sydney",1064,"active",1,0.00,"2024-01-19",NULL,"monthly",NULL,"Free","free",0.00
695,"YieldDigital","Real Estate","medium","GB","Europe/London",1065,"expired",6,82.50,"2023-06-15","2023-12-27","annual","Company reorganization","Enterprise","enterprise",99.00
695,"YieldDigital","Real Estate","medium","GB","Europe/London",1066,"active",4,31.20,"2023-12-27",NULL,"monthly",NULL,"Professional","professional",39.00
696,"LinkLabs","Logistics","small","GB","Europe/London",1067,"cancelled",4,39.00,"2023-03-15","2023-06-19","monthly","Company reorganization","Professional","professional",39.00
696,"LinkLabs","Logistics","small","GB","Europe/London",1068,"cancelled",2,10.00,"2023-06-19","2023-09-28","annual","Missing features","Starter","starter",12.00
696,"LinkLabs","Logistics","small","GB","Europe/London",1069,"active",4,32.50,"2023-09-28",NULL,"annual",NULL,"Professional","professional",39.00
697,"EchoDev","Real Estate","medium","US","America/Los_Angeles",1070,"cancelled",2,10.00,"2023-05-11","2024-02-16","annual","Not using it","Starter","starter",12.00
697,"EchoDev","Real Estate","medium","US","America/Los_Angeles",1071,"active",7,149.25,"2024-02-16",NULL,"monthly",NULL,"Enterprise Custom","enterprise",199.00
698,"DataGroup","Technology","small","DE","Europe/Berlin",1072,"active",5,49.17,"2023-03-18",NULL,"annual",NULL,"Professional Plus","professional",59.00
699,"Sage Systems","Real Estate","medium","DE","Europe/Berlin",1073,"cancelled",1,0.00,"2025-02-22","2025-06-11","annual","Company reorganization","Free","free",0.00
700,"WarpOps","Technology","small","CA","America/Toronto",1074,"active",5,49.17,"2023-03-14",NULL,"annual",NULL,"Professional Plus","professional",59.00
701,"Cloud IO","Media","small","SG","Asia/Singapore",1075,"expired",5,59.00,"2023-02-26","2023-07-14","monthly","Switched competitor","Professional Plus","professional",59.00
701,"Cloud IO","Media","small","SG","Asia/Singapore",1076,"cancelled",5,49.17,"2023-07-14","2024-01-26","annual","Switched competitor","Professional Plus","professional",59.00
702,"RiftOps","Media","medium","US","America/New_York",1077,"active",1,0.00,"2023-04-29",NULL,"monthly",NULL,"Free","free",0.00
1135,"CoreAnalytics","Telecommunications","enterprise","GB","Europe/London",1743,"cancelled",1,0.00,"2025-05-02","2025-03-19","monthly",NULL,"Free","free",0.00
703,"WaveSoftware","Telecommunications","small","GB","Europe/London",1078,"cancelled",1,0.00,"2025-04-01","2025-09-17","monthly","Switched competitor","Free","free",0.00
704,"DataDigital","Education","small","IN","Asia/Kolkata",1079,"expired",4,39.00,"2024-02-12","2024-04-19","monthly","Too expensive","Professional","professional",39.00
704,"DataDigital","Education","small","IN","Asia/Kolkata",1080,"active",6,99.00,"2024-04-19",NULL,"monthly",NULL,"Enterprise","enterprise",99.00
705,"IrisSoftware","Legal","enterprise","IN","Asia/Kolkata",1081,"cancelled",3,15.20,"2023-10-27","2024-02-17","monthly","Not using it","Starter Plus","starter",19.00
705,"IrisSoftware","Legal","enterprise","IN","Asia/Kolkata",1082,"active",5,59.00,"2024-02-17",NULL,"monthly",NULL,"Professional Plus","professional",59.00
706,"TrekGroup","Healthcare","small","US","America/Los_Angeles",1083,"paused",1,0.00,"2025-01-12",NULL,"annual",NULL,"Free","free",0.00
707,"PeakHub","Healthcare","small","CA","America/Toronto",1084,"expired",3,17.10,"2023-03-28","2023-11-26","monthly","Not using it","Starter Plus","starter",19.00
707,"PeakHub","Healthcare","small","CA","America/Toronto",1085,"cancelled",2,10.00,"2023-11-26","2024-12-13","annual","Company reorganization","Starter","starter",12.00
708,"Luna Ops","Manufacturing","medium","US","America/New_York",1086,"active",4,29.25,"2025-02-11",NULL,"annual",NULL,"Professional","professional",39.00
709,"UnitGroup","Manufacturing","enterprise","FR","Europe/Paris",1087,"expired",3,15.83,"2025-08-12","2025-10-14","annual","Missing features","Starter Plus","starter",19.00
709,"UnitGroup","Manufacturing","enterprise","FR","Europe/Paris",1088,"active",3,19.00,"2025-10-14",NULL,"monthly",NULL,"Starter Plus","starter",19.00
710,"BeamVentures","Insurance","medium","DE","Europe/Berlin",1089,"paused",3,19.00,"2023-01-16",NULL,"monthly",NULL,"Starter Plus","starter",19.00
711,"FlowPlatform","Education","small","BR","America/Sao_Paulo",1090,"expired",3,14.25,"2025-04-09","2025-10-17","monthly",NULL,"Starter Plus","starter",19.00
711,"FlowPlatform","Education","small","BR","America/Sao_Paulo",1091,"active",4,39.00,"2025-10-17",NULL,"monthly",NULL,"Professional","professional",39.00
712,"Cloud Studio","Consulting","large","JP","Asia/Tokyo",1092,"active",6,99.00,"2024-07-18",NULL,"monthly",NULL,"Enterprise","enterprise",99.00
713,"Onyx Solutions","Finance","enterprise","BR","America/Sao_Paulo",1093,"expired",4,32.50,"2025-05-31","2025-10-03","annual","Budget cuts","Professional","professional",39.00
713,"Onyx Solutions","Finance","enterprise","BR","America/Sao_Paulo",1094,"active",4,39.00,"2025-10-03",NULL,"monthly",NULL,"Professional","professional",39.00
714,"DataNet","Education","small","SG","Asia/Singapore",1095,"active",2,10.20,"2023-03-21",NULL,"monthly",NULL,"Starter","starter",12.00
715,"Beam Cloud","Finance","small","IN","Asia/Kolkata",1096,"expired",2,12.00,"2025-09-23","2025-11-22","monthly","Missing features","Starter","starter",12.00
715,"Beam Cloud","Finance","small","IN","Asia/Kolkata",1097,"cancelled",2,12.00,"2025-11-22","2026-01-21","monthly","Not using it","Starter","starter",12.00
715,"Beam Cloud","Finance","small","IN","Asia/Kolkata",1098,"active",5,49.17,"2026-01-21",NULL,"annual",NULL,"Professional Plus","professional",59.00
716,"Mist Software","Insurance","small","JP","Asia/Tokyo",1099,"cancelled",5,49.17,"2024-01-23","2024-12-16","annual","Too expensive","Professional Plus","professional",59.00
716,"Mist Software","Insurance","small","JP","Asia/Tokyo",1100,"active",4,39.00,"2024-12-16",NULL,"monthly",NULL,"Professional","professional",39.00
717,"Edge Platform","Real Estate","medium","BR","America/Sao_Paulo",1101,"active",5,59.00,"2024-06-24",NULL,"monthly",NULL,"Professional Plus","professional",59.00
718,"Keen Cloud","Telecommunications","small","IN","Asia/Kolkata",1102,"cancelled",4,32.50,"2025-09-22","2025-11-22","annual","Switched competitor","Professional","professional",39.00
718,"Keen Cloud","Telecommunications","small","IN","Asia/Kolkata",1103,"cancelled",6,82.50,"2025-11-22","2025-10-24","annual","Missing features","Enterprise","enterprise",99.00
719,"GlowTech","Logistics","medium","BR","America/Sao_Paulo",1104,"active",2,12.00,"2023-09-08",NULL,"monthly",NULL,"Starter","starter",12.00
720,"MistAnalytics","Marketing","small","US","America/Chicago",1105,"active",1,0.00,"2025-06-21",NULL,"monthly",NULL,"Free","free",0.00
721,"Quark Hub","Media","large","CA","America/Toronto",1106,"expired",2,12.00,"2023-06-20","2024-03-13","monthly","Switched competitor","Starter","starter",12.00
721,"Quark Hub","Media","large","CA","America/Toronto",1107,"active",7,199.00,"2024-03-13",NULL,"monthly",NULL,"Enterprise Custom","enterprise",199.00
722,"Sage Dynamics","E-commerce","large","DE","Europe/Berlin",1108,"expired",1,0.00,"2023-04-21","2023-10-04","monthly","Company reorganization","Free","free",0.00
722,"Sage Dynamics","E-commerce","large","DE","Europe/Berlin",1109,"active",4,32.50,"2023-10-04",NULL,"annual",NULL,"Professional","professional",39.00
723,"CoreCorp","Legal","enterprise","AU","Australia/Sydney",1110,"cancelled",4,32.50,"2024-08-26","2025-01-11","annual","Not using it","Professional","professional",39.00
723,"CoreCorp","Legal","enterprise","AU","Australia/Sydney",1111,"expired",5,49.17,"2025-01-11","2025-08-30","annual","Missing features","Professional Plus","professional",59.00
723,"CoreCorp","Legal","enterprise","AU","Australia/Sydney",1112,"paused",6,99.00,"2025-08-30",NULL,"monthly",NULL,"Enterprise","enterprise",99.00
724,"JetLabs","Marketing","large","SG","Asia/Singapore",1113,"expired",2,8.50,"2025-03-02","2025-09-03","annual",NULL,"Starter","starter",12.00
724,"JetLabs","Marketing","large","SG","Asia/Singapore",1114,"cancelled",5,59.00,"2025-09-03","2025-07-25","monthly","Company reorganization","Professional Plus","professional",59.00
725,"SyncWorks","Insurance","small","US","America/Los_Angeles",1115,"active",1,0.00,"2023-10-12",NULL,"annual",NULL,"Free","free",0.00
726,"Kite Cloud","Telecommunications","small","BR","America/Sao_Paulo",1116,"expired",2,12.00,"2024-07-19","2024-11-01","monthly","Too expensive","Starter","starter",12.00
726,"Kite Cloud","Telecommunications","small","BR","America/Sao_Paulo",1117,"active",5,59.00,"2024-11-01",NULL,"monthly",NULL,"Professional Plus","professional",59.00
727,"MistAI","Media","medium","GB","Europe/London",1118,"active",1,0.00,"2024-08-07",NULL,"annual",NULL,"Free","free",0.00
728,"HubHQ","Consulting","small","US","America/Chicago",1119,"expired",2,10.20,"2025-04-02","2025-09-18","monthly","Company reorganization","Starter","starter",12.00
728,"HubHQ","Consulting","small","US","America/Chicago",1120,"cancelled",6,99.00,"2025-09-18","2025-11-18","monthly","Switched competitor","Enterprise","enterprise",99.00
728,"HubHQ","Consulting","small","US","America/Chicago",1121,"cancelled",5,39.33,"2025-11-18","2025-10-03","annual","Too expensive","Professional Plus","professional",59.00
729,"Sage Works","Telecommunications","small","AU","Australia/Sydney",1122,"active",3,19.00,"2025-06-17",NULL,"monthly",NULL,"Starter Plus","starter",19.00
730,"Echo Digital","Consulting","enterprise","US","America/Los_Angeles",1123,"expired",5,53.10,"2025-05-27","2025-09-04","monthly","Missing features","Professional Plus","professional",59.00
730,"Echo Digital","Consulting","enterprise","US","America/Los_Angeles",1124,"active",2,12.00,"2025-09-04",NULL,"monthly",NULL,"Starter","starter",12.00
731,"Yield Stack","Real Estate","small","SG","Asia/Singapore",1125,"expired",4,32.50,"2025-06-15","2025-09-19","annual",NULL,"Professional","professional",39.00
731,"Yield Stack","Real Estate","small","SG","Asia/Singapore",1126,"active",7,199.00,"2025-09-19",NULL,"monthly",NULL,"Enterprise Custom","enterprise",199.00
732,"SyncCorp","Marketing","small","SG","Asia/Singapore",1127,"active",1,0.00,"2024-02-12",NULL,"monthly",NULL,"Free","free",0.00
733,"FluxGroup","E-commerce","small","DE","Europe/Berlin",1128,"expired",6,84.15,"2025-03-01","2025-09-24","monthly","Too expensive","Enterprise","enterprise",99.00
733,"FluxGroup","E-commerce","small","DE","Europe/Berlin",1129,"active",2,10.80,"2025-09-24",NULL,"monthly",NULL,"Starter","starter",12.00
734,"KeenSolutions","Insurance","large","US","America/Chicago",1130,"active",5,36.88,"2023-01-22",NULL,"annual",NULL,"Professional Plus","professional",59.00
735,"ZealHub","Logistics","small","JP","Asia/Tokyo",1131,"active",2,10.00,"2025-01-05",NULL,"annual",NULL,"Starter","starter",12.00
736,"AcmeAI","Insurance","medium","US","America/Chicago",1132,"cancelled",3,15.20,"2023-08-24","2023-12-19","monthly","Missing features","Starter Plus","starter",19.00
736,"AcmeAI","Insurance","medium","US","America/Chicago",1133,"expired",2,10.00,"2023-12-19","2024-10-09","annual",NULL,"Starter","starter",12.00
736,"AcmeAI","Insurance","medium","US","America/Chicago",1134,"active",5,59.00,"2024-10-09",NULL,"monthly",NULL,"Professional Plus","professional",59.00
737,"ZenDigital","Telecommunications","small","US","America/Chicago",1135,"cancelled",1,0.00,"2025-01-30","2025-05-22","annual","Switched competitor","Free","free",0.00
737,"ZenDigital","Telecommunications","small","US","America/Chicago",1136,"paused",7,165.83,"2025-05-22",NULL,"annual",NULL,"Enterprise Custom","enterprise",199.00
738,"GridPro","Manufacturing","small","BR","America/Sao_Paulo",1137,"active",2,12.00,"2024-04-14",NULL,"monthly",NULL,"Starter","starter",12.00
739,"YieldCloud","E-commerce","medium","JP","Asia/Tokyo",1138,"active",2,10.00,"2023-01-18",NULL,"annual",NULL,"Starter","starter",12.00
740,"CorePlatform","Technology","medium","GB","Europe/London",1139,"cancelled",4,39.00,"2025-04-09","2025-08-17","monthly","Too expensive","Professional","professional",39.00
740,"CorePlatform","Technology","medium","GB","Europe/London",1140,"active",7,199.00,"2025-08-17",NULL,"monthly",NULL,"Enterprise Custom","enterprise",199.00
741,"Jet Logic","Real Estate","enterprise","CA","America/Toronto",1141,"active",1,0.00,"2023-09-16",NULL,"monthly",NULL,"Free","free",0.00
742,"CloudWorks","Real Estate","medium","US","America/New_York",1142,"cancelled",4,29.25,"2023-11-17","2024-09-27","monthly","Missing features","Professional","professional",39.00
742,"CloudWorks","Real Estate","medium","US","America/New_York",1143,"active",4,39.00,"2024-09-27",NULL,"monthly",NULL,"Professional","professional",39.00
743,"GlowDynamics","Legal","small","US","America/Chicago",1144,"cancelled",2,7.50,"2025-02-05","2025-04-28","annual","Too expensive","Starter","starter",12.00
743,"GlowDynamics","Legal","small","US","America/Chicago",1145,"cancelled",1,0.00,"2025-04-28","2025-05-22","monthly","Not using it","Free","free",0.00
744,"CloudCorp","Logistics","enterprise","JP","Asia/Tokyo",1146,"expired",1,0.00,"2023-05-01","2023-12-27","monthly","Not using it","Free","free",0.00
744,"CloudCorp","Logistics","enterprise","JP","Asia/Tokyo",1147,"active",6,89.10,"2023-12-27",NULL,"monthly",NULL,"Enterprise","enterprise",99.00
745,"NovaGroup","Marketing","medium","BR","America/Sao_Paulo",1148,"active",1,0.00,"2025-01-02",NULL,"annual",NULL,"Free","free",0.00
746,"EchoTech","Technology","small","FR","Europe/Paris",1149,"active",3,19.00,"2024-10-01",NULL,"monthly",NULL,"Starter Plus","starter",19.00
747,"Meta Analytics","Education","enterprise","AU","Australia/Sydney",1150,"cancelled",4,32.50,"2024-07-28","2025-04-02","annual",NULL,"Professional","professional",39.00
747,"Meta Analytics","Education","enterprise","AU","Australia/Sydney",1151,"active",4,33.15,"2025-04-02",NULL,"monthly",NULL,"Professional","professional",39.00
748,"Nova Analytics","Finance","small","BR","America/Sao_Paulo",1152,"expired",2,12.00,"2025-03-01","2025-09-02","monthly",NULL,"Starter","starter",12.00
748,"Nova Analytics","Finance","small","BR","America/Sao_Paulo",1153,"expired",7,165.83,"2025-09-02","2025-11-01","annual","Budget cuts","Enterprise Custom","enterprise",199.00
748,"Nova Analytics","Finance","small","BR","America/Sao_Paulo",1154,"active",2,10.00,"2025-11-01",NULL,"annual",NULL,"Starter","starter",12.00
749,"Orbit Software","Healthcare","enterprise","BR","America/Sao_Paulo",1155,"cancelled",3,15.83,"2025-09-20","2025-11-19","annual","Not using it","Starter Plus","starter",19.00
749,"Orbit Software","Healthcare","enterprise","BR","America/Sao_Paulo",1156,"cancelled",5,59.00,"2025-11-19","2026-01-18","monthly","Switched competitor","Professional Plus","professional",59.00
749,"Orbit Software","Healthcare","enterprise","BR","America/Sao_Paulo",1157,"cancelled",3,19.00,"2026-01-18","2025-10-26","monthly","Budget cuts","Starter Plus","starter",19.00
750,"TidalDev","E-commerce","medium","AU","Australia/Sydney",1158,"active",1,0.00,"2023-11-21",NULL,"annual",NULL,"Free","free",0.00
751,"Xenon HQ","Insurance","large","IN","Asia/Kolkata",1159,"expired",1,0.00,"2023-07-03","2023-09-17","annual","Missing features","Free","free",0.00
751,"Xenon HQ","Insurance","large","IN","Asia/Kolkata",1160,"active",3,19.00,"2023-09-17",NULL,"monthly",NULL,"Starter Plus","starter",19.00
752,"AcmeVentures","Healthcare","small","DE","Europe/Berlin",1161,"cancelled",4,39.00,"2024-02-12","2025-09-04","monthly","Not using it","Professional","professional",39.00
753,"TrekIO","Logistics","medium","CA","America/Toronto",1162,"active",2,12.00,"2023-02-09",NULL,"monthly",NULL,"Starter","starter",12.00
754,"Ion Tech","Manufacturing","enterprise","US","America/Chicago",1163,"active",1,0.00,"2023-10-12",NULL,"monthly",NULL,"Free","free",0.00
755,"VertexOps","Marketing","large","US","America/Los_Angeles",1164,"cancelled",5,59.00,"2024-11-14","2025-05-23","monthly","Missing features","Professional Plus","professional",59.00
755,"VertexOps","Marketing","large","US","America/Los_Angeles",1165,"active",1,0.00,"2025-05-23",NULL,"monthly",NULL,"Free","free",0.00
756,"Core AI","Education","medium","GB","Europe/London",1166,"active",1,0.00,"2024-07-28",NULL,"annual",NULL,"Free","free",0.00
757,"Link Stack","Technology","enterprise","US","America/Los_Angeles",1167,"expired",3,14.25,"2025-08-23","2025-10-30","monthly","Not using it","Starter Plus","starter",19.00
757,"Link Stack","Technology","enterprise","US","America/Los_Angeles",1168,"expired",4,39.00,"2025-10-30","2025-12-30","monthly",NULL,"Professional","professional",39.00
757,"Link Stack","Technology","enterprise","US","America/Los_Angeles",1169,"active",5,49.17,"2025-12-30",NULL,"annual",NULL,"Professional Plus","professional",59.00
758,"VineHub","Education","small","AU","Australia/Sydney",1170,"cancelled",3,19.00,"2025-05-05","2025-09-20","monthly","Not using it","Starter Plus","starter",19.00
758,"VineHub","Education","small","AU","Australia/Sydney",1171,"expired",6,99.00,"2025-09-20","2025-11-19","monthly","Company reorganization","Enterprise","enterprise",99.00
758,"VineHub","Education","small","AU","Australia/Sydney",1172,"cancelled",5,49.17,"2025-11-19","2025-07-12","annual","Missing features","Professional Plus","professional",59.00
759,"LinkStudio","Logistics","medium","CA","America/Toronto",1173,"active",1,0.00,"2024-07-04",NULL,"monthly",NULL,"Free","free",0.00
760,"SyncSoftware","Media","medium","FR","Europe/Paris",1174,"expired",1,0.00,"2023-09-25","2024-09-22","annual","Budget cuts","Free","free",0.00
760,"SyncSoftware","Media","medium","FR","Europe/Paris",1175,"cancelled",3,19.00,"2024-09-22","2024-01-22","monthly","Switched competitor","Starter Plus","starter",19.00
761,"EchoDigital","Marketing","small","BR","America/Sao_Paulo",1176,"expired",1,0.00,"2025-06-09","2025-10-11","monthly","Too expensive","Free","free",0.00
761,"EchoDigital","Marketing","small","BR","America/Sao_Paulo",1177,"active",2,12.00,"2025-10-11",NULL,"monthly",NULL,"Starter","starter",12.00
762,"Wave Cloud","Finance","medium","JP","Asia/Tokyo",1178,"active",3,19.00,"2024-12-12",NULL,"monthly",NULL,"Starter Plus","starter",19.00
763,"CloudPlatform","Telecommunications","medium","US","America/Chicago",1179,"expired",4,32.50,"2023-06-17","2024-04-10","annual","Company reorganization","Professional","professional",39.00
763,"CloudPlatform","Telecommunications","medium","US","America/Chicago",1180,"active",6,99.00,"2024-04-10",NULL,"monthly",NULL,"Enterprise","enterprise",99.00
764,"Quest Works","Insurance","small","US","America/Chicago",1181,"cancelled",5,53.10,"2024-04-16","2024-09-07","monthly","Company reorganization","Professional Plus","professional",59.00
765,"Nova Corp","Healthcare","large","GB","Europe/London",1182,"cancelled",1,0.00,"2023-12-19","2025-03-20","monthly","Missing features","Free","free",0.00
766,"QuestLogic","Legal","small","US","America/Chicago",1183,"active",5,59.00,"2025-07-08",NULL,"monthly",NULL,"Professional Plus","professional",59.00
767,"Mist Solutions","Insurance","small","IN","Asia/Kolkata",1184,"expired",4,35.10,"2024-10-23","2025-06-28","monthly","Too expensive","Professional","professional",39.00
767,"Mist Solutions","Insurance","small","IN","Asia/Kolkata",1185,"active",7,199.00,"2025-06-28",NULL,"monthly",NULL,"Enterprise Custom","enterprise",199.00
768,"BeamTech","Logistics","small","AU","Australia/Sydney",1186,"expired",4,24.38,"2025-09-08","2025-11-08","annual","Switched competitor","Professional","professional",39.00
768,"BeamTech","Logistics","small","AU","Australia/Sydney",1187,"active",3,15.83,"2025-11-08",NULL,"annual",NULL,"Starter Plus","starter",19.00
769,"UnitSystems","Manufacturing","enterprise","US","America/New_York",1188,"cancelled",1,0.00,"2024-10-31","2025-08-31","monthly","Company reorganization","Free","free",0.00
769,"UnitSystems","Manufacturing","enterprise","US","America/New_York",1189,"active",6,89.10,"2025-08-31",NULL,"monthly",NULL,"Enterprise","enterprise",99.00
770,"BeamAnalytics","Healthcare","medium","CA","America/Toronto",1190,"active",4,39.00,"2023-04-25",NULL,"monthly",NULL,"Professional","professional",39.00
771,"Vertex Net","Real Estate","small","GB","Europe/London",1191,"expired",2,10.00,"2023-10-16","2024-04-12","annual","Missing features","Starter","starter",12.00
771,"Vertex Net","Real Estate","small","GB","Europe/London",1192,"cancelled",5,59.00,"2024-04-12","2025-09-19","monthly","Budget cuts","Professional Plus","professional",59.00
772,"SyncHub","Media","small","US","America/Los_Angeles",1193,"cancelled",1,0.00,"2024-09-02","2024-10-30","annual","Budget cuts","Free","free",0.00
773,"Flux Corp","Telecommunications","small","IN","Asia/Kolkata",1194,"expired",2,12.00,"2023-02-11","2024-02-02","monthly","Budget cuts","Starter","starter",12.00
773,"Flux Corp","Telecommunications","small","IN","Asia/Kolkata",1195,"cancelled",2,10.00,"2024-02-02","2024-10-12","annual","Company reorganization","Starter","starter",12.00
774,"YieldDev","Healthcare","small","SG","Asia/Singapore",1196,"active",1,0.00,"2025-01-30",NULL,"annual",NULL,"Free","free",0.00
775,"HubSoftware","Education","medium","JP","Asia/Tokyo",1197,"active",2,12.00,"2023-08-09",NULL,"monthly",NULL,"Starter","starter",12.00
776,"Arc Software","Technology","enterprise","AU","Australia/Sydney",1198,"cancelled",2,12.00,"2023-08-19","2024-05-27","monthly","Switched competitor","Starter","starter",12.00
777,"LinkCorp","Marketing","medium","AU","Australia/Sydney",1199,"active",2,12.00,"2023-06-05",NULL,"monthly",NULL,"Starter","starter",12.00
778,"Yield Analytics","Manufacturing","small","SG","Asia/Singapore",1200,"cancelled",3,19.00,"2023-03-27","2024-02-12","monthly","Too expensive","Starter Plus","starter",19.00
778,"Yield Analytics","Manufacturing","small","SG","Asia/Singapore",1201,"cancelled",2,12.00,"2024-02-12","2024-10-07","monthly","Switched competitor","Starter","starter",12.00
778,"Yield Analytics","Manufacturing","small","SG","Asia/Singapore",1202,"active",3,19.00,"2024-10-07",NULL,"monthly",NULL,"Starter Plus","starter",19.00
779,"TidalCloud","Consulting","large","CA","America/Toronto",1203,"expired",4,39.00,"2024-03-01","2025-02-15","monthly",NULL,"Professional","professional",39.00
779,"TidalCloud","Consulting","large","CA","America/Toronto",1204,"active",6,89.10,"2025-02-15",NULL,"monthly",NULL,"Enterprise","enterprise",99.00
780,"IonLogic","Retail","small","US","America/Chicago",1205,"expired",3,15.83,"2023-06-12","2024-02-07","annual",NULL,"Starter Plus","starter",19.00
780,"IonLogic","Retail","small","US","America/Chicago",1206,"active",2,10.80,"2024-02-07",NULL,"monthly",NULL,"Starter","starter",12.00
781,"JadeCorp","E-commerce","medium","BR","America/Sao_Paulo",1207,"expired",2,10.20,"2024-06-29","2025-02-17","monthly",NULL,"Starter","starter",12.00
781,"JadeCorp","E-commerce","medium","BR","America/Sao_Paulo",1208,"active",3,15.83,"2025-02-17",NULL,"annual",NULL,"Starter Plus","starter",19.00
782,"Core Solutions","Telecommunications","enterprise","US","America/Los_Angeles",1209,"active",1,0.00,"2024-11-30",NULL,"annual",NULL,"Free","free",0.00
783,"Nexus Dev","Healthcare","medium","BR","America/Sao_Paulo",1210,"active",1,0.00,"2024-10-02",NULL,"annual",NULL,"Free","free",0.00
784,"TrekSoftware","Education","small","US","America/New_York",1211,"cancelled",6,82.50,"2023-09-05","2024-04-18","annual",NULL,"Enterprise","enterprise",99.00
784,"TrekSoftware","Education","small","US","America/New_York",1212,"cancelled",5,49.17,"2024-04-18","2025-03-21","annual","Switched competitor","Professional Plus","professional",59.00
784,"TrekSoftware","Education","small","US","America/New_York",1213,"active",3,16.15,"2025-03-21",NULL,"monthly",NULL,"Starter Plus","starter",19.00
785,"MistWorks","Telecommunications","small","GB","Europe/London",1214,"active",4,39.00,"2024-04-26",NULL,"monthly",NULL,"Professional","professional",39.00
786,"Zeal Group","Logistics","medium","FR","Europe/Paris",1215,"expired",4,39.00,"2025-04-28","2025-10-17","monthly","Budget cuts","Professional","professional",39.00
786,"Zeal Group","Logistics","medium","FR","Europe/Paris",1216,"cancelled",3,15.83,"2025-10-17","2025-12-16","annual","Budget cuts","Starter Plus","starter",19.00
786,"Zeal Group","Logistics","medium","FR","Europe/Paris",1217,"active",3,14.25,"2025-12-16",NULL,"monthly",NULL,"Starter Plus","starter",19.00
787,"UnitSolutions","Logistics","small","US","America/Los_Angeles",1218,"active",2,10.00,"2023-03-17",NULL,"annual",NULL,"Starter","starter",12.00
788,"WarpAnalytics","Legal","medium","IN","Asia/Kolkata",1219,"cancelled",1,0.00,"2023-05-24","2024-09-13","annual","Not using it","Free","free",0.00
789,"TrekSolutions","Education","medium","FR","Europe/Paris",1220,"active",4,39.00,"2023-10-27",NULL,"monthly",NULL,"Professional","professional",39.00
790,"Acme Analytics","Marketing","large","JP","Asia/Tokyo",1221,"cancelled",2,12.00,"2024-10-21","2025-10-17","monthly","Not using it","Starter","starter",12.00
791,"EchoSolutions","Manufacturing","small","SG","Asia/Singapore",1222,"active",4,32.50,"2025-03-07",NULL,"annual",NULL,"Professional","professional",39.00
792,"Onyx Systems","Marketing","medium","US","America/Chicago",1223,"active",4,32.50,"2025-09-20",NULL,"annual",NULL,"Professional","professional",39.00
793,"Peak Platform","E-commerce","large","FR","Europe/Paris",1224,"cancelled",2,12.00,"2025-01-30","2025-10-25","monthly","Budget cuts","Starter","starter",12.00
793,"Peak Platform","E-commerce","large","FR","Europe/Paris",1225,"cancelled",2,12.00,"2025-10-25","2025-12-25","monthly","Company reorganization","Starter","starter",12.00
793,"Peak Platform","E-commerce","large","FR","Europe/Paris",1226,"cancelled",6,82.50,"2025-12-25","2025-03-25","annual",NULL,"Enterprise","enterprise",99.00
794,"PulseVentures","Consulting","medium","US","America/Chicago",1227,"active",5,49.17,"2023-04-30",NULL,"annual",NULL,"Professional Plus","professional",59.00
795,"Acme Ventures","Manufacturing","enterprise","US","America/Chicago",1228,"active",5,49.17,"2023-01-01",NULL,"annual",NULL,"Professional Plus","professional",59.00
796,"Iris Platform","Marketing","small","SG","Asia/Singapore",1229,"active",1,0.00,"2023-11-23",NULL,"annual",NULL,"Free","free",0.00
797,"EdgeHub","Education","small","CA","America/Toronto",1230,"active",2,12.00,"2025-02-20",NULL,"monthly",NULL,"Starter","starter",12.00
798,"NexusSoftware","Finance","small","US","America/Los_Angeles",1231,"cancelled",2,9.60,"2023-06-10","2024-02-08","monthly","Missing features","Starter","starter",12.00
798,"NexusSoftware","Finance","small","US","America/Los_Angeles",1232,"active",3,19.00,"2024-02-08",NULL,"monthly",NULL,"Starter Plus","starter",19.00
799,"Quark IO","Telecommunications","enterprise","DE","Europe/Berlin",1233,"cancelled",2,12.00,"2024-03-11","2025-01-16","monthly","Budget cuts","Starter","starter",12.00
799,"Quark IO","Telecommunications","enterprise","DE","Europe/Berlin",1234,"active",5,49.17,"2025-01-16",NULL,"annual",NULL,"Professional Plus","professional",59.00
800,"Arc Studio","Logistics","enterprise","US","America/Los_Angeles",1235,"cancelled",5,49.17,"2025-01-03","2025-03-08","annual","Budget cuts","Professional Plus","professional",59.00
800,"Arc Studio","Logistics","enterprise","US","America/Los_Angeles",1236,"cancelled",5,59.00,"2025-03-08","2025-10-26","monthly","Not using it","Professional Plus","professional",59.00
800,"Arc Studio","Logistics","enterprise","US","America/Los_Angeles",1237,"active",5,59.00,"2025-10-26",NULL,"monthly",NULL,"Professional Plus","professional",59.00
801,"UltraCorp","Marketing","medium","JP","Asia/Tokyo",1238,"cancelled",5,59.00,"2023-04-20","2024-01-24","monthly","Too expensive","Professional Plus","professional",59.00
802,"CloudHub","Legal","large","CA","America/Toronto",1239,"active",4,32.50,"2024-10-16",NULL,"annual",NULL,"Professional","professional",39.00
803,"Vine Tech","Marketing","enterprise","FR","Europe/Paris",1240,"cancelled",4,32.50,"2024-07-29","2025-03-06","annual","Missing features","Professional","professional",39.00
804,"Zeal Tech","Retail","enterprise","FR","Europe/Paris",1241,"cancelled",1,0.00,"2023-08-08","2025-09-03","monthly","Company reorganization","Free","free",0.00
805,"Arc Corp","Manufacturing","enterprise","CA","America/Toronto",1242,"cancelled",2,12.00,"2024-08-02","2024-11-03","monthly","Missing features","Starter","starter",12.00
805,"Arc Corp","Manufacturing","enterprise","CA","America/Toronto",1243,"expired",2,10.00,"2024-11-03","2025-08-18","annual","Too expensive","Starter","starter",12.00
805,"Arc Corp","Manufacturing","enterprise","CA","America/Toronto",1244,"active",4,32.50,"2025-08-18",NULL,"annual",NULL,"Professional","professional",39.00
806,"Vertex Stack","Healthcare","large","US","America/Chicago",1245,"expired",4,32.50,"2024-06-09","2024-08-12","annual","Budget cuts","Professional","professional",39.00
806,"Vertex Stack","Healthcare","large","US","America/Chicago",1246,"active",3,19.00,"2024-08-12",NULL,"monthly",NULL,"Starter Plus","starter",19.00
807,"WarpTech","Manufacturing","enterprise","DE","Europe/Berlin",1247,"cancelled",6,84.15,"2023-03-16","2025-09-24","monthly",NULL,"Enterprise","enterprise",99.00
808,"BoltLogic","Technology","medium","AU","Australia/Sydney",1248,"cancelled",1,0.00,"2024-08-21","2025-06-24","annual","Company reorganization","Free","free",0.00
808,"BoltLogic","Technology","medium","AU","Australia/Sydney",1249,"active",3,15.83,"2025-06-24",NULL,"annual",NULL,"Starter Plus","starter",19.00
809,"Zeal Digital","E-commerce","small","US","America/Los_Angeles",1250,"active",4,39.00,"2024-07-07",NULL,"monthly",NULL,"Professional","professional",39.00
810,"Kite Corp","Education","small","GB","Europe/London",1251,"expired",2,10.00,"2025-08-28","2025-10-29","annual","Budget cuts","Starter","starter",12.00
810,"Kite Corp","Education","small","GB","Europe/London",1252,"active",4,32.50,"2025-10-29",NULL,"annual",NULL,"Professional","professional",39.00
811,"Yield Ventures","Retail","small","US","America/Chicago",1253,"cancelled",1,0.00,"2023-08-03","2025-09-30","monthly","Missing features","Free","free",0.00
812,"BoltLabs","Manufacturing","medium","US","America/Chicago",1254,"paused",4,33.15,"2024-10-29",NULL,"monthly",NULL,"Professional","professional",39.00
813,"EchoLabs","Education","large","SG","Asia/Singapore",1255,"expired",1,0.00,"2024-06-15","2024-08-19","monthly","Not using it","Free","free",0.00
813,"EchoLabs","Education","large","SG","Asia/Singapore",1256,"cancelled",2,12.00,"2024-08-19","2025-07-14","monthly","Switched competitor","Starter","starter",12.00
814,"Nexus Corp","Retail","small","AU","Australia/Sydney",1257,"cancelled",1,0.00,"2025-08-05","2025-09-19","annual",NULL,"Free","free",0.00
815,"Echo AI","Legal","enterprise","US","America/Los_Angeles",1258,"cancelled",2,9.00,"2023-04-13","2024-04-22","annual","Missing features","Starter","starter",12.00
816,"Mist Stack","Technology","small","CA","America/Toronto",1259,"active",4,39.00,"2024-11-15",NULL,"monthly",NULL,"Professional","professional",39.00
817,"IonPlatform","Insurance","small","GB","Europe/London",1260,"active",2,12.00,"2023-04-18",NULL,"monthly",NULL,"Starter","starter",12.00
818,"KeenAnalytics","Finance","small","AU","Australia/Sydney",1261,"active",2,9.00,"2025-03-29",NULL,"monthly",NULL,"Starter","starter",12.00
819,"AcmeDigital","Retail","enterprise","GB","Europe/London",1262,"active",4,39.00,"2023-07-12",NULL,"monthly",NULL,"Professional","professional",39.00
820,"CoreSoftware","Education","medium","CA","America/Toronto",1263,"cancelled",4,39.00,"2025-07-02","2025-09-03","monthly","Not using it","Professional","professional",39.00
821,"VertexHub","Healthcare","enterprise","IN","Asia/Kolkata",1264,"expired",2,10.00,"2024-04-13","2024-10-05","annual","Switched competitor","Starter","starter",12.00
821,"VertexHub","Healthcare","enterprise","IN","Asia/Kolkata",1265,"active",4,32.50,"2024-10-05",NULL,"annual",NULL,"Professional","professional",39.00
822,"GlowSolutions","Telecommunications","medium","GB","Europe/London",1266,"active",2,10.00,"2023-12-29",NULL,"annual",NULL,"Starter","starter",12.00
823,"IrisStudio","Legal","medium","US","America/Los_Angeles",1267,"cancelled",2,12.00,"2025-08-10","2025-10-19","monthly",NULL,"Starter","starter",12.00
823,"IrisStudio","Legal","medium","US","America/Los_Angeles",1268,"active",5,49.17,"2025-10-19",NULL,"annual",NULL,"Professional Plus","professional",59.00
824,"Zen Cloud","Manufacturing","medium","AU","Australia/Sydney",1269,"cancelled",1,0.00,"2023-09-15","2024-06-30","monthly","Switched competitor","Free","free",0.00
824,"Zen Cloud","Manufacturing","medium","AU","Australia/Sydney",1270,"expired",3,19.00,"2024-06-30","2024-12-29","monthly",NULL,"Starter Plus","starter",19.00
824,"Zen Cloud","Manufacturing","medium","AU","Australia/Sydney",1271,"active",6,82.50,"2024-12-29",NULL,"annual",NULL,"Enterprise","enterprise",99.00
825,"KiteHub","E-commerce","medium","US","America/Los_Angeles",1272,"active",6,82.50,"2025-09-13",NULL,"annual",NULL,"Enterprise","enterprise",99.00
826,"UltraLabs","Media","small","JP","Asia/Tokyo",1273,"expired",5,59.00,"2023-05-08","2024-01-24","monthly","Budget cuts","Professional Plus","professional",59.00
826,"UltraLabs","Media","small","JP","Asia/Tokyo",1274,"cancelled",5,53.10,"2024-01-24","2024-09-26","monthly","Missing features","Professional Plus","professional",59.00
826,"UltraLabs","Media","small","JP","Asia/Tokyo",1275,"active",5,49.17,"2024-09-26",NULL,"annual",NULL,"Professional Plus","professional",59.00
827,"VertexAnalytics","Technology","medium","DE","Europe/Berlin",1276,"expired",4,39.00,"2023-08-19","2024-03-18","monthly","Too expensive","Professional","professional",39.00
827,"VertexAnalytics","Technology","medium","DE","Europe/Berlin",1277,"expired",3,19.00,"2024-03-18","2025-03-15","monthly","Switched competitor","Starter Plus","starter",19.00
827,"VertexAnalytics","Technology","medium","DE","Europe/Berlin",1278,"active",2,10.00,"2025-03-15",NULL,"annual",NULL,"Starter","starter",12.00
828,"OnyxSystems","Education","enterprise","FR","Europe/Paris",1279,"active",1,0.00,"2025-05-06",NULL,"monthly",NULL,"Free","free",0.00
829,"Grid Ventures","Retail","enterprise","SG","Asia/Singapore",1280,"expired",1,0.00,"2024-11-19","2025-05-25","monthly","Budget cuts","Free","free",0.00
829,"Grid Ventures","Retail","enterprise","SG","Asia/Singapore",1281,"active",3,15.83,"2025-05-25",NULL,"annual",NULL,"Starter Plus","starter",19.00
830,"Peak HQ","Retail","medium","BR","America/Sao_Paulo",1282,"active",1,0.00,"2023-01-27",NULL,"monthly",NULL,"Free","free",0.00
831,"BoltPro","Telecommunications","small","IN","Asia/Kolkata",1283,"expired",1,0.00,"2025-03-13","2025-05-26","monthly","Missing features","Free","free",0.00
831,"BoltPro","Telecommunications","small","IN","Asia/Kolkata",1284,"cancelled",1,0.00,"2025-05-26","2025-10-06","monthly",NULL,"Free","free",0.00
832,"WarpStudio","Finance","enterprise","CA","America/Toronto",1285,"cancelled",1,0.00,"2023-11-10","2024-07-19","monthly","Budget cuts","Free","free",0.00
832,"WarpStudio","Finance","enterprise","CA","America/Toronto",1286,"cancelled",4,39.00,"2024-07-19","2025-06-22","monthly","Company reorganization","Professional","professional",39.00
833,"NexusIO","Insurance","medium","GB","Europe/London",1287,"cancelled",6,79.20,"2025-02-11","2025-05-30","monthly","Company reorganization","Enterprise","enterprise",99.00
833,"NexusIO","Insurance","medium","GB","Europe/London",1288,"cancelled",2,10.00,"2025-05-30","2025-05-17","annual","Missing features","Starter","starter",12.00
834,"Trek Group","Telecommunications","large","AU","Australia/Sydney",1289,"active",2,12.00,"2025-08-01",NULL,"monthly",NULL,"Starter","starter",12.00
835,"Orbit Net","E-commerce","small","GB","Europe/London",1290,"expired",2,12.00,"2023-01-22","2023-10-16","monthly","Switched competitor","Starter","starter",12.00
835,"Orbit Net","E-commerce","small","GB","Europe/London",1291,"cancelled",5,49.17,"2023-10-16","2024-10-02","annual","Missing features","Professional Plus","professional",59.00
835,"Orbit Net","E-commerce","small","GB","Europe/London",1292,"active",4,39.00,"2024-10-02",NULL,"monthly",NULL,"Professional","professional",39.00
836,"Xenon Analytics","Manufacturing","small","IN","Asia/Kolkata",1293,"cancelled",1,0.00,"2025-04-27","2025-10-12","annual","Too expensive","Free","free",0.00
836,"Xenon Analytics","Manufacturing","small","IN","Asia/Kolkata",1294,"expired",7,199.00,"2025-10-12","2025-12-11","monthly",NULL,"Enterprise Custom","enterprise",199.00
836,"Xenon Analytics","Manufacturing","small","IN","Asia/Kolkata",1295,"active",5,49.17,"2025-12-11",NULL,"annual",NULL,"Professional Plus","professional",59.00
837,"Mist Platform","Legal","small","FR","Europe/Paris",1296,"active",1,0.00,"2024-08-11",NULL,"annual",NULL,"Free","free",0.00
838,"Core Dynamics","Logistics","small","IN","Asia/Kolkata",1297,"cancelled",3,19.00,"2023-10-10","2024-07-13","monthly","Too expensive","Starter Plus","starter",19.00
838,"Core Dynamics","Logistics","small","IN","Asia/Kolkata",1298,"active",4,29.25,"2024-07-13",NULL,"annual",NULL,"Professional","professional",39.00
839,"TrekHub","Manufacturing","small","SG","Asia/Singapore",1299,"expired",2,10.00,"2025-03-28","2025-10-26","annual","Company reorganization","Starter","starter",12.00
839,"TrekHub","Manufacturing","small","SG","Asia/Singapore",1300,"cancelled",4,39.00,"2025-10-26","2025-12-25","monthly","Not using it","Professional","professional",39.00
839,"TrekHub","Manufacturing","small","SG","Asia/Singapore",1301,"active",3,19.00,"2025-12-25",NULL,"monthly",NULL,"Starter Plus","starter",19.00
840,"ZealDynamics","Real Estate","small","US","America/New_York",1302,"active",3,15.83,"2023-03-14",NULL,"annual",NULL,"Starter Plus","starter",19.00
841,"PulseGroup","Finance","enterprise","US","America/Los_Angeles",1303,"active",5,59.00,"2025-08-26",NULL,"monthly",NULL,"Professional Plus","professional",59.00
842,"Tidal Studio","Finance","large","AU","Australia/Sydney",1304,"expired",4,39.00,"2024-10-24","2025-09-01","monthly","Switched competitor","Professional","professional",39.00
842,"Tidal Studio","Finance","large","AU","Australia/Sydney",1305,"active",4,39.00,"2025-09-01",NULL,"monthly",NULL,"Professional","professional",39.00
843,"Jade AI","Logistics","small","US","America/Chicago",1306,"cancelled",4,32.50,"2023-11-10","2024-03-27","annual","Company reorganization","Professional","professional",39.00
843,"Jade AI","Logistics","small","US","America/Chicago",1307,"cancelled",4,33.15,"2024-03-27","2025-02-23","monthly","Budget cuts","Professional","professional",39.00
844,"MetaStack","Finance","medium","GB","Europe/London",1308,"active",2,10.00,"2023-07-01",NULL,"annual",NULL,"Starter","starter",12.00
845,"CoreLabs","Telecommunications","medium","US","America/Chicago",1309,"active",3,19.00,"2023-06-21",NULL,"monthly",NULL,"Starter Plus","starter",19.00
846,"YieldHQ","Logistics","medium","US","America/Chicago",1310,"cancelled",4,32.50,"2024-02-18","2024-05-03","annual",NULL,"Professional","professional",39.00
847,"HiveTech","Marketing","medium","BR","America/Sao_Paulo",1311,"cancelled",2,10.00,"2023-10-17","2024-03-25","annual",NULL,"Starter","starter",12.00
847,"HiveTech","Marketing","medium","BR","America/Sao_Paulo",1312,"active",2,12.00,"2024-03-25",NULL,"monthly",NULL,"Starter","starter",12.00
848,"ZenCorp","Consulting","small","CA","America/Toronto",1313,"active",2,12.00,"2025-03-16",NULL,"monthly",NULL,"Starter","starter",12.00
849,"Flow Cloud","Telecommunications","medium","FR","Europe/Paris",1314,"active",6,99.00,"2023-02-18",NULL,"monthly",NULL,"Enterprise","enterprise",99.00
850,"RiftCorp","Media","enterprise","US","America/Los_Angeles",1315,"cancelled",3,15.83,"2025-08-30","2025-10-09","annual","Too expensive","Starter Plus","starter",19.00
851,"NovaVentures","Technology","small","AU","Australia/Sydney",1316,"active",2,12.00,"2025-07-26",NULL,"monthly",NULL,"Starter","starter",12.00
852,"OrbitStudio","Manufacturing","small","US","America/Los_Angeles",1317,"active",5,59.00,"2024-12-28",NULL,"monthly",NULL,"Professional Plus","professional",59.00
853,"PeakPro","Manufacturing","large","US","America/New_York",1318,"cancelled",5,49.17,"2024-05-14","2025-03-30","annual","Switched competitor","Professional Plus","professional",59.00
853,"PeakPro","Manufacturing","large","US","America/New_York",1319,"active",2,12.00,"2025-03-30",NULL,"monthly",NULL,"Starter","starter",12.00
854,"VineAnalytics","Legal","large","AU","Australia/Sydney",1320,"cancelled",3,19.00,"2023-05-03","2024-03-03","monthly","Switched competitor","Starter Plus","starter",19.00
854,"VineAnalytics","Legal","large","AU","Australia/Sydney",1321,"active",5,59.00,"2024-03-03",NULL,"monthly",NULL,"Professional Plus","professional",59.00
855,"FlowDynamics","E-commerce","small","JP","Asia/Tokyo",1322,"expired",3,19.00,"2023-07-08","2024-05-16","monthly",NULL,"Starter Plus","starter",19.00
855,"FlowDynamics","E-commerce","small","JP","Asia/Tokyo",1323,"cancelled",2,12.00,"2024-05-16","2023-11-19","monthly","Budget cuts","Starter","starter",12.00
856,"QuestDev","E-commerce","enterprise","GB","Europe/London",1324,"active",1,0.00,"2023-09-14",NULL,"annual",NULL,"Free","free",0.00
857,"Sync Dev","Healthcare","small","US","America/Los_Angeles",1325,"active",5,47.20,"2023-03-13",NULL,"monthly",NULL,"Professional Plus","professional",59.00
858,"Ultra AI","Healthcare","large","US","America/Chicago",1326,"expired",3,19.00,"2023-11-26","2024-07-13","monthly","Company reorganization","Starter Plus","starter",19.00
858,"Ultra AI","Healthcare","large","US","America/Chicago",1327,"expired",4,39.00,"2024-07-13","2025-06-26","monthly","Too expensive","Professional","professional",39.00
858,"Ultra AI","Healthcare","large","US","America/Chicago",1328,"active",2,10.00,"2025-06-26",NULL,"annual",NULL,"Starter","starter",12.00
859,"Orbit Hub","Logistics","small","BR","America/Sao_Paulo",1329,"active",3,19.00,"2024-10-22",NULL,"monthly",NULL,"Starter Plus","starter",19.00
860,"Flux Group","Education","small","SG","Asia/Singapore",1330,"cancelled",4,32.50,"2023-08-18","2025-01-23","annual","Budget cuts","Professional","professional",39.00
861,"KiteStudio","Manufacturing","enterprise","DE","Europe/Berlin",1331,"cancelled",2,10.00,"2024-02-16","2025-07-16","annual","Budget cuts","Starter","starter",12.00
862,"Nova Net","E-commerce","medium","GB","Europe/London",1332,"active",1,0.00,"2025-02-21",NULL,"annual",NULL,"Free","free",0.00
863,"TidalHub","Manufacturing","small","GB","Europe/London",1333,"cancelled",4,32.50,"2024-03-18","2025-03-27","annual","Too expensive","Professional","professional",39.00
864,"Zen Ventures","Insurance","enterprise","GB","Europe/London",1334,"expired",3,19.00,"2024-05-13","2025-01-31","monthly","Switched competitor","Starter Plus","starter",19.00
864,"Zen Ventures","Insurance","enterprise","GB","Europe/London",1335,"active",2,9.00,"2025-01-31",NULL,"annual",NULL,"Starter","starter",12.00
865,"FlowWorks","Marketing","small","FR","Europe/Paris",1336,"expired",3,16.15,"2024-08-20","2025-02-27","monthly","Company reorganization","Starter Plus","starter",19.00
865,"FlowWorks","Marketing","small","FR","Europe/Paris",1337,"active",3,15.83,"2025-02-27",NULL,"annual",NULL,"Starter Plus","starter",19.00
866,"Jade Solutions","Telecommunications","small","US","America/Los_Angeles",1338,"active",5,59.00,"2024-10-05",NULL,"monthly",NULL,"Professional Plus","professional",59.00
867,"HubOps","Telecommunications","medium","US","America/Chicago",1339,"expired",1,0.00,"2025-02-24","2025-10-08","annual","Too expensive","Free","free",0.00
867,"HubOps","Telecommunications","medium","US","America/Chicago",1340,"cancelled",4,24.38,"2025-10-08","2025-08-13","annual","Too expensive","Professional","professional",39.00
868,"Tidal Ops","Manufacturing","small","US","America/Chicago",1341,"active",4,39.00,"2025-08-29",NULL,"monthly",NULL,"Professional","professional",39.00
869,"BoltGroup","Manufacturing","small","IN","Asia/Kolkata",1342,"active",3,15.83,"2023-01-25",NULL,"annual",NULL,"Starter Plus","starter",19.00
870,"QuarkHQ","Marketing","small","DE","Europe/Berlin",1343,"active",4,39.00,"2023-05-14",NULL,"monthly",NULL,"Professional","professional",39.00
871,"Yield Software","Telecommunications","medium","AU","Australia/Sydney",1344,"cancelled",2,10.00,"2025-04-02","2025-07-16","annual","Company reorganization","Starter","starter",12.00
871,"Yield Software","Telecommunications","medium","AU","Australia/Sydney",1345,"active",2,9.00,"2025-07-16",NULL,"monthly",NULL,"Starter","starter",12.00
872,"Meta IO","Education","small","US","America/Chicago",1346,"cancelled",6,82.50,"2025-07-06","2025-10-02","annual","Too expensive","Enterprise","enterprise",99.00
872,"Meta IO","Education","small","US","America/Chicago",1347,"cancelled",3,19.00,"2025-10-02","2025-12-01","monthly","Too expensive","Starter Plus","starter",19.00
872,"Meta IO","Education","small","US","America/Chicago",1348,"cancelled",7,165.83,"2025-12-01","2025-10-22","annual","Switched competitor","Enterprise Custom","enterprise",199.00
873,"EdgeLabs","Legal","enterprise","IN","Asia/Kolkata",1349,"active",1,0.00,"2023-12-05",NULL,"monthly",NULL,"Free","free",0.00
874,"MetaPro","Finance","small","FR","Europe/Paris",1350,"expired",3,15.83,"2023-03-23","2024-02-24","annual","Company reorganization","Starter Plus","starter",19.00
874,"MetaPro","Finance","small","FR","Europe/Paris",1351,"active",2,12.00,"2024-02-24",NULL,"monthly",NULL,"Starter","starter",12.00
875,"JetDynamics","E-commerce","large","US","America/Chicago",1352,"expired",1,0.00,"2023-08-22","2023-10-24","monthly","Too expensive","Free","free",0.00
875,"JetDynamics","E-commerce","large","US","America/Chicago",1353,"cancelled",5,59.00,"2023-10-24","2025-01-26","monthly","Too expensive","Professional Plus","professional",59.00
876,"Wave Pro","E-commerce","medium","US","America/New_York",1354,"active",2,8.00,"2024-05-20",NULL,"annual",NULL,"Starter","starter",12.00
877,"FlowOps","Legal","medium","US","America/New_York",1355,"active",6,61.88,"2024-09-12",NULL,"annual",NULL,"Enterprise","enterprise",99.00
878,"EchoStudio","Insurance","medium","IN","Asia/Kolkata",1356,"expired",1,0.00,"2024-02-24","2024-05-29","monthly","Not using it","Free","free",0.00
878,"EchoStudio","Insurance","medium","IN","Asia/Kolkata",1357,"active",2,12.00,"2024-05-29",NULL,"monthly",NULL,"Starter","starter",12.00
879,"DriftHQ","Finance","large","AU","Australia/Sydney",1358,"cancelled",2,10.00,"2024-10-09","2025-02-03","annual","Too expensive","Starter","starter",12.00
879,"DriftHQ","Finance","large","AU","Australia/Sydney",1359,"cancelled",1,0.00,"2025-02-03","2025-03-30","monthly","Company reorganization","Free","free",0.00
880,"JetVentures","E-commerce","small","US","America/New_York",1360,"expired",4,39.00,"2023-06-12","2023-08-31","monthly","Budget cuts","Professional","professional",39.00
880,"JetVentures","E-commerce","small","US","America/New_York",1361,"active",1,0.00,"2023-08-31",NULL,"monthly",NULL,"Free","free",0.00
881,"OrbitSoftware","Legal","medium","AU","Australia/Sydney",1362,"active",1,0.00,"2023-03-10",NULL,"annual",NULL,"Free","free",0.00
882,"JetPlatform","Consulting","enterprise","GB","Europe/London",1363,"expired",2,12.00,"2023-11-15","2024-05-15","monthly","Company reorganization","Starter","starter",12.00
882,"JetPlatform","Consulting","enterprise","GB","Europe/London",1364,"expired",3,13.46,"2024-05-15","2025-04-16","annual","Company reorganization","Starter Plus","starter",19.00
882,"JetPlatform","Consulting","enterprise","GB","Europe/London",1365,"active",5,49.17,"2025-04-16",NULL,"annual",NULL,"Professional Plus","professional",59.00
883,"OrbitWorks","Telecommunications","medium","DE","Europe/Berlin",1366,"cancelled",2,10.00,"2025-09-15","2025-11-15","annual","Budget cuts","Starter","starter",12.00
883,"OrbitWorks","Telecommunications","medium","DE","Europe/Berlin",1367,"active",7,199.00,"2025-11-15",NULL,"monthly",NULL,"Enterprise Custom","enterprise",199.00
884,"PulseIO","Telecommunications","small","IN","Asia/Kolkata",1368,"active",1,0.00,"2024-05-17",NULL,"annual",NULL,"Free","free",0.00
885,"Jet Studio","Retail","enterprise","US","America/New_York",1369,"expired",6,82.50,"2023-05-30","2024-03-02","annual","Missing features","Enterprise","enterprise",99.00
885,"Jet Studio","Retail","enterprise","US","America/New_York",1370,"cancelled",3,12.67,"2024-03-02","2024-07-10","annual",NULL,"Starter Plus","starter",19.00
885,"Jet Studio","Retail","enterprise","US","America/New_York",1371,"active",1,0.00,"2024-07-10",NULL,"annual",NULL,"Free","free",0.00
886,"Mist Group","Healthcare","small","FR","Europe/Paris",1372,"expired",1,0.00,"2025-03-20","2025-08-02","annual",NULL,"Free","free",0.00
886,"Mist Group","Healthcare","small","FR","Europe/Paris",1373,"active",3,14.25,"2025-08-02",NULL,"annual",NULL,"Starter Plus","starter",19.00
887,"Sync Labs","Technology","large","SG","Asia/Singapore",1374,"active",3,15.83,"2024-01-27",NULL,"annual",NULL,"Starter Plus","starter",19.00
888,"Ultra Dynamics","Consulting","small","US","America/Los_Angeles",1375,"cancelled",5,59.00,"2024-02-10","2025-06-30","monthly",NULL,"Professional Plus","professional",59.00
889,"GlowAI","Legal","small","CA","America/Toronto",1376,"cancelled",1,0.00,"2023-08-29","2024-07-03","monthly","Company reorganization","Free","free",0.00
890,"Flow Software","Consulting","small","US","America/Chicago",1377,"active",4,35.10,"2024-10-20",NULL,"monthly",NULL,"Professional","professional",39.00
891,"WarpPlatform","Retail","small","JP","Asia/Tokyo",1378,"expired",3,19.00,"2025-02-22","2025-07-17","monthly","Not using it","Starter Plus","starter",19.00
891,"WarpPlatform","Retail","small","JP","Asia/Tokyo",1379,"active",3,19.00,"2025-07-17",NULL,"monthly",NULL,"Starter Plus","starter",19.00
892,"Link AI","E-commerce","small","BR","America/Sao_Paulo",1380,"cancelled",3,15.83,"2025-04-28","2025-07-08","annual","Missing features","Starter Plus","starter",19.00
893,"RushDynamics","Manufacturing","small","GB","Europe/London",1381,"cancelled",3,15.83,"2024-10-28","2025-08-17","annual",NULL,"Starter Plus","starter",19.00
893,"RushDynamics","Manufacturing","small","GB","Europe/London",1382,"active",4,39.00,"2025-08-17",NULL,"monthly",NULL,"Professional","professional",39.00
894,"Yield Systems","Legal","enterprise","GB","Europe/London",1383,"active",4,39.00,"2025-04-17",NULL,"monthly",NULL,"Professional","professional",39.00
895,"Bolt Cloud","Technology","small","US","America/Los_Angeles",1384,"active",2,12.00,"2024-04-13",NULL,"monthly",NULL,"Starter","starter",12.00
896,"FluxIO","Education","enterprise","SG","Asia/Singapore",1385,"cancelled",3,19.00,"2024-09-26","2025-04-09","monthly","Switched competitor","Starter Plus","starter",19.00
896,"FluxIO","Education","enterprise","SG","Asia/Singapore",1386,"cancelled",6,99.00,"2025-04-09","2024-10-30","monthly","Company reorganization","Enterprise","enterprise",99.00
897,"CoreLogic","Finance","small","US","America/New_York",1387,"expired",5,49.17,"2024-03-03","2024-05-12","annual","Not using it","Professional Plus","professional",59.00
897,"CoreLogic","Finance","small","US","America/New_York",1388,"active",1,0.00,"2024-05-12",NULL,"annual",NULL,"Free","free",0.00
898,"Nova Systems","Telecommunications","large","FR","Europe/Paris",1389,"cancelled",4,32.50,"2023-04-26","2024-05-24","annual","Budget cuts","Professional","professional",39.00
899,"Rift Logic","Technology","small","CA","America/Toronto",1390,"active",1,0.00,"2023-02-15",NULL,"monthly",NULL,"Free","free",0.00
900,"Rush Software","E-commerce","large","CA","America/Toronto",1391,"active",2,10.00,"2024-03-21",NULL,"annual",NULL,"Starter","starter",12.00
901,"Xenon Tech","Real Estate","small","CA","America/Toronto",1392,"cancelled",2,12.00,"2024-07-07","2025-05-02","monthly","Too expensive","Starter","starter",12.00
902,"Rift Hub","Telecommunications","medium","SG","Asia/Singapore",1393,"active",3,19.00,"2023-05-21",NULL,"monthly",NULL,"Starter Plus","starter",19.00
903,"OnyxDigital","Media","large","FR","Europe/Paris",1394,"cancelled",2,10.00,"2024-02-10","2025-01-30","annual","Not using it","Starter","starter",12.00
904,"QuarkDynamics","Finance","large","GB","Europe/London",1395,"active",3,19.00,"2025-03-27",NULL,"monthly",NULL,"Starter Plus","starter",19.00
905,"OrbitVentures","Manufacturing","large","US","America/Chicago",1396,"cancelled",3,11.88,"2025-07-03","2025-10-26","annual","Switched competitor","Starter Plus","starter",19.00
905,"OrbitVentures","Manufacturing","large","US","America/Chicago",1397,"active",4,39.00,"2025-10-26",NULL,"monthly",NULL,"Professional","professional",39.00
906,"EdgeNet","E-commerce","enterprise","AU","Australia/Sydney",1398,"active",5,59.00,"2023-02-01",NULL,"monthly",NULL,"Professional Plus","professional",59.00
907,"EdgeAnalytics","Healthcare","medium","IN","Asia/Kolkata",1399,"active",5,59.00,"2023-08-02",NULL,"monthly",NULL,"Professional Plus","professional",59.00
908,"OnyxGroup","Logistics","medium","US","America/New_York",1400,"expired",5,44.25,"2024-01-28","2024-12-06","monthly","Budget cuts","Professional Plus","professional",59.00
908,"OnyxGroup","Logistics","medium","US","America/New_York",1401,"active",4,39.00,"2024-12-06",NULL,"monthly",NULL,"Professional","professional",39.00
909,"SageVentures","Marketing","large","CA","America/Toronto",1402,"cancelled",4,32.50,"2024-07-10","2024-10-31","annual","Too expensive","Professional","professional",39.00
909,"SageVentures","Marketing","large","CA","America/Toronto",1403,"cancelled",5,44.25,"2024-10-31","2025-06-30","monthly","Budget cuts","Professional Plus","professional",59.00
909,"SageVentures","Marketing","large","CA","America/Toronto",1404,"cancelled",7,199.00,"2025-06-30","2025-02-15","monthly","Budget cuts","Enterprise Custom","enterprise",199.00
910,"DriftLogic","E-commerce","medium","CA","America/Toronto",1405,"cancelled",1,0.00,"2024-02-25","2025-09-08","annual","Too expensive","Free","free",0.00
911,"Luna HQ","Education","large","BR","America/Sao_Paulo",1406,"active",4,39.00,"2023-05-01",NULL,"monthly",NULL,"Professional","professional",39.00
912,"Vertex Corp","Healthcare","large","US","America/Los_Angeles",1407,"active",1,0.00,"2025-02-01",NULL,"monthly",NULL,"Free","free",0.00
913,"Vertex Ops","Real Estate","enterprise","CA","America/Toronto",1408,"cancelled",3,15.83,"2023-05-23","2023-12-31","annual","Too expensive","Starter Plus","starter",19.00
913,"Vertex Ops","Real Estate","enterprise","CA","America/Toronto",1409,"expired",1,0.00,"2023-12-31","2024-03-05","monthly","Too expensive","Free","free",0.00
913,"Vertex Ops","Real Estate","enterprise","CA","America/Toronto",1410,"cancelled",5,59.00,"2024-03-05","2023-07-28","monthly","Company reorganization","Professional Plus","professional",59.00
914,"RushCorp","Manufacturing","small","US","America/Chicago",1411,"active",1,0.00,"2025-07-30",NULL,"annual",NULL,"Free","free",0.00
915,"Keen Solutions","Logistics","small","CA","America/Toronto",1412,"cancelled",1,0.00,"2024-11-03","2025-05-12","annual","Switched competitor","Free","free",0.00
916,"TidalDigital","Manufacturing","small","IN","Asia/Kolkata",1413,"active",1,0.00,"2023-01-10",NULL,"monthly",NULL,"Free","free",0.00
917,"MetaOps","Consulting","small","US","America/Chicago",1414,"active",6,99.00,"2023-05-11",NULL,"monthly",NULL,"Enterprise","enterprise",99.00
918,"PulseStack","Retail","large","IN","Asia/Kolkata",1415,"expired",6,99.00,"2023-11-25","2024-11-15","monthly","Budget cuts","Enterprise","enterprise",99.00
918,"PulseStack","Retail","large","IN","Asia/Kolkata",1416,"active",4,39.00,"2024-11-15",NULL,"monthly",NULL,"Professional","professional",39.00
919,"OrbitPro","Consulting","medium","JP","Asia/Tokyo",1417,"cancelled",3,14.25,"2023-10-22","2024-01-05","annual","Too expensive","Starter Plus","starter",19.00
919,"OrbitPro","Consulting","medium","JP","Asia/Tokyo",1418,"cancelled",7,165.83,"2024-01-05","2024-09-23","annual","Company reorganization","Enterprise Custom","enterprise",199.00
919,"OrbitPro","Consulting","medium","JP","Asia/Tokyo",1419,"active",6,79.20,"2024-09-23",NULL,"monthly",NULL,"Enterprise","enterprise",99.00
920,"Rush Logic","Education","medium","SG","Asia/Singapore",1420,"expired",1,0.00,"2025-05-25","2025-09-25","monthly","Switched competitor","Free","free",0.00
920,"Rush Logic","Education","medium","SG","Asia/Singapore",1421,"active",5,59.00,"2025-09-25",NULL,"monthly",NULL,"Professional Plus","professional",59.00
921,"Flux Works","Media","medium","BR","America/Sao_Paulo",1422,"cancelled",1,0.00,"2024-08-31","2025-07-24","monthly","Missing features","Free","free",0.00
921,"Flux Works","Media","medium","BR","America/Sao_Paulo",1423,"expired",3,19.00,"2025-07-24","2025-09-29","monthly",NULL,"Starter Plus","starter",19.00
921,"Flux Works","Media","medium","BR","America/Sao_Paulo",1424,"active",3,19.00,"2025-09-29",NULL,"monthly",NULL,"Starter Plus","starter",19.00
922,"HiveOps","Education","medium","AU","Australia/Sydney",1425,"active",1,0.00,"2024-12-05",NULL,"annual",NULL,"Free","free",0.00
923,"TrekDynamics","E-commerce","enterprise","CA","America/Toronto",1426,"active",4,35.10,"2023-07-30",NULL,"monthly",NULL,"Professional","professional",39.00
924,"LunaStack","Marketing","small","AU","Australia/Sydney",1427,"active",1,0.00,"2023-09-18",NULL,"monthly",NULL,"Free","free",0.00
925,"DriftDynamics","Education","medium","BR","America/Sao_Paulo",1428,"active",1,0.00,"2024-05-02",NULL,"monthly",NULL,"Free","free",0.00
926,"XenonHub","Technology","small","US","America/Chicago",1429,"active",1,0.00,"2024-12-04",NULL,"annual",NULL,"Free","free",0.00
927,"Beam Platform","E-commerce","small","BR","America/Sao_Paulo",1430,"cancelled",5,59.00,"2023-06-05","2024-11-08","monthly","Company reorganization","Professional Plus","professional",59.00
928,"KiteTech","Real Estate","small","CA","America/Toronto",1431,"active",5,49.17,"2023-06-19",NULL,"annual",NULL,"Professional Plus","professional",59.00
929,"Tidal Corp","Real Estate","enterprise","BR","America/Sao_Paulo",1432,"expired",1,0.00,"2024-03-30","2025-03-19","monthly","Not using it","Free","free",0.00
929,"Tidal Corp","Real Estate","enterprise","BR","America/Sao_Paulo",1433,"active",5,59.00,"2025-03-19",NULL,"monthly",NULL,"Professional Plus","professional",59.00
930,"Rift IO","Manufacturing","enterprise","JP","Asia/Tokyo",1434,"active",1,0.00,"2024-09-13",NULL,"annual",NULL,"Free","free",0.00
931,"Ultra Studio","Manufacturing","small","GB","Europe/London",1435,"active",1,0.00,"2024-12-03",NULL,"monthly",NULL,"Free","free",0.00
932,"TrekLabs","Marketing","small","AU","Australia/Sydney",1436,"active",1,0.00,"2023-09-19",NULL,"annual",NULL,"Free","free",0.00
933,"HiveGroup","E-commerce","enterprise","US","America/New_York",1437,"cancelled",4,39.00,"2024-12-13","2025-08-29","monthly",NULL,"Professional","professional",39.00
933,"HiveGroup","E-commerce","enterprise","US","America/New_York",1438,"expired",6,84.15,"2025-08-29","2025-10-29","monthly",NULL,"Enterprise","enterprise",99.00
933,"HiveGroup","E-commerce","enterprise","US","America/New_York",1439,"active",2,12.00,"2025-10-29",NULL,"monthly",NULL,"Starter","starter",12.00
934,"Beam Analytics","Retail","small","GB","Europe/London",1440,"cancelled",5,49.17,"2024-08-09","2025-05-07","annual",NULL,"Professional Plus","professional",59.00
934,"Beam Analytics","Retail","small","GB","Europe/London",1441,"active",6,61.88,"2025-05-07",NULL,"annual",NULL,"Enterprise","enterprise",99.00
935,"SyncDynamics","Manufacturing","small","GB","Europe/London",1442,"active",4,32.50,"2023-04-14",NULL,"annual",NULL,"Professional","professional",39.00
936,"ZealHQ","Marketing","large","US","America/Los_Angeles",1443,"active",1,0.00,"2023-06-25",NULL,"monthly",NULL,"Free","free",0.00
937,"DriftPlatform","Legal","small","FR","Europe/Paris",1444,"cancelled",1,0.00,"2023-05-20","2023-11-19","monthly","Missing features","Free","free",0.00
937,"DriftPlatform","Legal","small","FR","Europe/Paris",1445,"expired",2,12.00,"2023-11-19","2024-10-23","monthly","Missing features","Starter","starter",12.00
937,"DriftPlatform","Legal","small","FR","Europe/Paris",1446,"cancelled",1,0.00,"2024-10-23","2025-06-03","monthly","Not using it","Free","free",0.00
938,"JadeDynamics","Telecommunications","medium","CA","America/Toronto",1447,"cancelled",4,31.20,"2024-06-20","2025-04-18","monthly",NULL,"Professional","professional",39.00
938,"JadeDynamics","Telecommunications","medium","CA","America/Toronto",1448,"active",4,35.10,"2025-04-18",NULL,"monthly",NULL,"Professional","professional",39.00
939,"HubGroup","Manufacturing","medium","DE","Europe/Berlin",1449,"active",1,0.00,"2025-03-04",NULL,"annual",NULL,"Free","free",0.00
940,"PeakCloud","Finance","small","GB","Europe/London",1450,"active",2,12.00,"2023-07-29",NULL,"monthly",NULL,"Starter","starter",12.00
941,"Data Studio","Consulting","medium","SG","Asia/Singapore",1451,"active",1,0.00,"2023-02-11",NULL,"annual",NULL,"Free","free",0.00
942,"EdgeStudio","Education","medium","US","America/Los_Angeles",1452,"expired",6,70.12,"2024-06-05","2024-11-12","annual","Budget cuts","Enterprise","enterprise",99.00
942,"EdgeStudio","Education","medium","US","America/Los_Angeles",1453,"expired",3,15.83,"2024-11-12","2025-02-25","annual",NULL,"Starter Plus","starter",19.00
942,"EdgeStudio","Education","medium","US","America/Los_Angeles",1454,"active",5,59.00,"2025-02-25",NULL,"monthly",NULL,"Professional Plus","professional",59.00
943,"VertexGroup","Real Estate","small","DE","Europe/Berlin",1455,"expired",4,27.62,"2024-03-19","2024-06-29","annual","Budget cuts","Professional","professional",39.00
943,"VertexGroup","Real Estate","small","DE","Europe/Berlin",1456,"active",4,35.10,"2024-06-29",NULL,"monthly",NULL,"Professional","professional",39.00
944,"TrekHQ","Logistics","small","US","America/Los_Angeles",1457,"cancelled",1,0.00,"2023-08-14","2024-12-26","monthly","Missing features","Free","free",0.00
945,"Jet Corp","Media","medium","DE","Europe/Berlin",1458,"active",5,49.17,"2024-05-09",NULL,"annual",NULL,"Professional Plus","professional",59.00
946,"XenonIO","Education","medium","JP","Asia/Tokyo",1459,"cancelled",2,12.00,"2024-11-14","2025-05-08","monthly","Budget cuts","Starter","starter",12.00
946,"XenonIO","Education","medium","JP","Asia/Tokyo",1460,"active",5,36.88,"2025-05-08",NULL,"annual",NULL,"Professional Plus","professional",59.00
947,"OrbitLabs","Education","small","JP","Asia/Tokyo",1461,"expired",5,59.00,"2023-11-04","2024-08-24","monthly","Missing features","Professional Plus","professional",59.00
947,"OrbitLabs","Education","small","JP","Asia/Tokyo",1462,"paused",5,49.17,"2024-08-24",NULL,"annual",NULL,"Professional Plus","professional",59.00
948,"OrbitPlatform","Finance","small","FR","Europe/Paris",1463,"expired",4,35.10,"2023-11-03","2024-01-20","monthly","Budget cuts","Professional","professional",39.00
948,"OrbitPlatform","Finance","small","FR","Europe/Paris",1464,"cancelled",6,99.00,"2024-01-20","2024-04-07","monthly",NULL,"Enterprise","enterprise",99.00
949,"ZealWorks","Technology","medium","AU","Australia/Sydney",1465,"cancelled",5,49.17,"2024-01-15","2024-08-15","annual","Too expensive","Professional Plus","professional",59.00
950,"Ultra Ventures","Manufacturing","enterprise","US","America/Chicago",1466,"expired",5,59.00,"2024-05-19","2024-08-23","monthly","Company reorganization","Professional Plus","professional",59.00
950,"Ultra Ventures","Manufacturing","enterprise","US","America/Chicago",1467,"expired",4,35.10,"2024-08-23","2025-04-19","monthly","Too expensive","Professional","professional",39.00
950,"Ultra Ventures","Manufacturing","enterprise","US","America/Chicago",1468,"active",4,32.50,"2025-04-19",NULL,"annual",NULL,"Professional","professional",39.00
951,"DataLabs","Technology","small","DE","Europe/Berlin",1469,"cancelled",4,29.25,"2023-03-31","2024-08-23","monthly",NULL,"Professional","professional",39.00
952,"Link Cloud","Real Estate","enterprise","JP","Asia/Tokyo",1470,"cancelled",5,59.00,"2023-09-24","2024-04-19","monthly","Not using it","Professional Plus","professional",59.00
952,"Link Cloud","Real Estate","enterprise","JP","Asia/Tokyo",1471,"cancelled",7,199.00,"2024-04-19","2024-12-15","monthly","Budget cuts","Enterprise Custom","enterprise",199.00
952,"Link Cloud","Real Estate","enterprise","JP","Asia/Tokyo",1472,"cancelled",6,70.12,"2024-12-15","2025-06-17","annual","Too expensive","Enterprise","enterprise",99.00
953,"KiteNet","Consulting","small","JP","Asia/Tokyo",1473,"expired",6,82.50,"2023-08-29","2024-06-13","annual","Missing features","Enterprise","enterprise",99.00
953,"KiteNet","Consulting","small","JP","Asia/Tokyo",1474,"active",7,199.00,"2024-06-13",NULL,"monthly",NULL,"Enterprise Custom","enterprise",199.00
954,"Data Ventures","Telecommunications","small","US","America/Los_Angeles",1475,"active",1,0.00,"2024-12-05",NULL,"annual",NULL,"Free","free",0.00
955,"HubStack","Logistics","medium","FR","Europe/Paris",1476,"cancelled",1,0.00,"2024-01-08","2024-07-04","monthly","Budget cuts","Free","free",0.00
956,"YieldSolutions","Consulting","large","AU","Australia/Sydney",1477,"cancelled",2,12.00,"2024-12-25","2025-08-28","monthly","Budget cuts","Starter","starter",12.00
956,"YieldSolutions","Consulting","large","AU","Australia/Sydney",1478,"active",2,8.50,"2025-08-28",NULL,"annual",NULL,"Starter","starter",12.00
957,"ArcTech","Marketing","small","US","America/New_York",1479,"cancelled",6,99.00,"2025-01-08","2025-02-21","monthly","Budget cuts","Enterprise","enterprise",99.00
958,"GridIO","Media","small","GB","Europe/London",1480,"active",5,59.00,"2024-02-05",NULL,"monthly",NULL,"Professional Plus","professional",59.00
959,"BeamHub","Insurance","small","CA","America/Toronto",1481,"cancelled",2,12.00,"2023-12-07","2024-07-23","monthly","Switched competitor","Starter","starter",12.00
959,"BeamHub","Insurance","small","CA","America/Toronto",1482,"cancelled",4,39.00,"2024-07-23","2025-04-07","monthly","Not using it","Professional","professional",39.00
960,"Peak AI","Retail","small","SG","Asia/Singapore",1483,"active",6,70.12,"2025-04-21",NULL,"annual",NULL,"Enterprise","enterprise",99.00
961,"Unit Hub","Logistics","enterprise","DE","Europe/Berlin",1484,"active",2,9.60,"2024-11-08",NULL,"monthly",NULL,"Starter","starter",12.00
962,"YieldDynamics","Finance","medium","SG","Asia/Singapore",1485,"cancelled",5,50.15,"2023-01-22","2024-03-28","monthly","Not using it","Professional Plus","professional",59.00
963,"Grid Hub","Telecommunications","small","DE","Europe/Berlin",1486,"active",4,39.00,"2025-05-23",NULL,"monthly",NULL,"Professional","professional",39.00
964,"Core Works","Healthcare","medium","JP","Asia/Tokyo",1487,"active",3,19.00,"2023-12-31",NULL,"monthly",NULL,"Starter Plus","starter",19.00
965,"IrisAnalytics","Telecommunications","medium","US","America/Chicago",1488,"active",4,27.62,"2025-08-04",NULL,"annual",NULL,"Professional","professional",39.00
966,"Glow Hub","Insurance","medium","GB","Europe/London",1489,"expired",1,0.00,"2023-03-10","2023-11-22","annual","Not using it","Free","free",0.00
966,"Glow Hub","Insurance","medium","GB","Europe/London",1490,"active",1,0.00,"2023-11-22",NULL,"annual",NULL,"Free","free",0.00
967,"JadeHub","Marketing","large","IN","Asia/Kolkata",1491,"cancelled",1,0.00,"2024-11-11","2025-05-16","annual","Too expensive","Free","free",0.00
967,"JadeHub","Marketing","large","IN","Asia/Kolkata",1492,"cancelled",4,39.00,"2025-05-16","2025-07-24","monthly","Too expensive","Professional","professional",39.00
967,"JadeHub","Marketing","large","IN","Asia/Kolkata",1493,"active",6,99.00,"2025-07-24",NULL,"monthly",NULL,"Enterprise","enterprise",99.00
968,"Grid Group","Media","medium","US","America/Chicago",1494,"cancelled",6,82.50,"2023-12-15","2024-03-29","annual","Not using it","Enterprise","enterprise",99.00
968,"Grid Group","Media","medium","US","America/Chicago",1495,"expired",1,0.00,"2024-03-29","2024-11-20","monthly","Budget cuts","Free","free",0.00
968,"Grid Group","Media","medium","US","America/Chicago",1496,"cancelled",4,39.00,"2024-11-20","2025-10-04","monthly",NULL,"Professional","professional",39.00
969,"PulseCloud","Manufacturing","small","US","America/New_York",1497,"expired",5,49.17,"2025-04-15","2025-08-14","annual","Not using it","Professional Plus","professional",59.00
969,"PulseCloud","Manufacturing","small","US","America/New_York",1498,"active",4,32.50,"2025-08-14",NULL,"annual",NULL,"Professional","professional",39.00
970,"Ion Dev","Real Estate","medium","US","America/Chicago",1499,"cancelled",2,12.00,"2023-05-07","2024-04-30","monthly",NULL,"Starter","starter",12.00
971,"FlowNet","Real Estate","enterprise","FR","Europe/Paris",1500,"expired",1,0.00,"2025-02-09","2025-09-01","monthly","Switched competitor","Free","free",0.00
971,"FlowNet","Real Estate","enterprise","FR","Europe/Paris",1501,"active",2,12.00,"2025-09-01",NULL,"monthly",NULL,"Starter","starter",12.00
972,"Data Digital","Healthcare","small","BR","America/Sao_Paulo",1502,"expired",5,59.00,"2023-04-20","2023-11-16","monthly","Switched competitor","Professional Plus","professional",59.00
972,"Data Digital","Healthcare","small","BR","America/Sao_Paulo",1503,"expired",4,35.10,"2023-11-16","2024-06-01","monthly",NULL,"Professional","professional",39.00
972,"Data Digital","Healthcare","small","BR","America/Sao_Paulo",1504,"active",1,0.00,"2024-06-01",NULL,"monthly",NULL,"Free","free",0.00
973,"Peak Ventures","Legal","enterprise","US","America/Chicago",1505,"active",3,15.83,"2025-09-07",NULL,"annual",NULL,"Starter Plus","starter",19.00
974,"ArcLabs","Telecommunications","small","BR","America/Sao_Paulo",1506,"active",1,0.00,"2024-03-16",NULL,"monthly",NULL,"Free","free",0.00
975,"Nexus Systems","Legal","medium","DE","Europe/Berlin",1507,"active",3,19.00,"2025-02-03",NULL,"monthly",NULL,"Starter Plus","starter",19.00
976,"Edge Ops","Manufacturing","small","GB","Europe/London",1508,"active",2,10.00,"2023-01-15",NULL,"annual",NULL,"Starter","starter",12.00
977,"YieldOps","Education","medium","SG","Asia/Singapore",1509,"expired",2,12.00,"2025-05-28","2025-08-11","monthly","Not using it","Starter","starter",12.00
977,"YieldOps","Education","medium","SG","Asia/Singapore",1510,"active",6,99.00,"2025-08-11",NULL,"monthly",NULL,"Enterprise","enterprise",99.00
978,"Beam HQ","Finance","small","US","America/New_York",1511,"cancelled",3,19.00,"2023-05-25","2023-11-27","monthly",NULL,"Starter Plus","starter",19.00
978,"Beam HQ","Finance","small","US","America/New_York",1512,"active",4,27.62,"2023-11-27",NULL,"annual",NULL,"Professional","professional",39.00
979,"Drift Studio","Education","large","GB","Europe/London",1513,"cancelled",2,12.00,"2023-10-04","2024-04-22","monthly","Not using it","Starter","starter",12.00
980,"ZealPlatform","Manufacturing","small","JP","Asia/Tokyo",1514,"expired",2,10.80,"2024-12-07","2025-07-10","monthly","Switched competitor","Starter","starter",12.00
980,"ZealPlatform","Manufacturing","small","JP","Asia/Tokyo",1515,"cancelled",5,49.17,"2025-07-10","2025-09-18","annual","Too expensive","Professional Plus","professional",59.00
981,"QuarkPlatform","Logistics","medium","BR","America/Sao_Paulo",1516,"expired",4,39.00,"2023-01-04","2023-11-09","monthly","Budget cuts","Professional","professional",39.00
981,"QuarkPlatform","Logistics","medium","BR","America/Sao_Paulo",1517,"cancelled",7,149.25,"2023-11-09","2023-03-05","monthly","Company reorganization","Enterprise Custom","enterprise",199.00
982,"Rush Ventures","E-commerce","large","AU","Australia/Sydney",1518,"active",6,99.00,"2024-04-28",NULL,"monthly",NULL,"Enterprise","enterprise",99.00
983,"OrbitCorp","E-commerce","medium","AU","Australia/Sydney",1519,"active",4,32.50,"2023-05-19",NULL,"annual",NULL,"Professional","professional",39.00
984,"QuarkLabs","Manufacturing","small","DE","Europe/Berlin",1520,"expired",4,39.00,"2023-08-31","2023-11-05","monthly","Missing features","Professional","professional",39.00
984,"QuarkLabs","Manufacturing","small","DE","Europe/Berlin",1521,"active",4,32.50,"2023-11-05",NULL,"annual",NULL,"Professional","professional",39.00
985,"CloudIO","Media","small","SG","Asia/Singapore",1522,"active",2,10.00,"2023-08-10",NULL,"annual",NULL,"Starter","starter",12.00
986,"Sage Studio","Telecommunications","small","CA","America/Toronto",1523,"cancelled",1,0.00,"2023-10-09","2024-01-22","monthly",NULL,"Free","free",0.00
986,"Sage Studio","Telecommunications","small","CA","America/Toronto",1524,"cancelled",3,19.00,"2024-01-22","2025-08-07","monthly","Not using it","Starter Plus","starter",19.00
987,"DataOps","Real Estate","small","US","America/New_York",1525,"expired",3,19.00,"2024-03-18","2024-12-24","monthly","Too expensive","Starter Plus","starter",19.00
987,"DataOps","Real Estate","small","US","America/New_York",1526,"cancelled",2,12.00,"2024-12-24","2024-06-05","monthly","Budget cuts","Starter","starter",12.00
988,"Arc Systems","Healthcare","enterprise","US","America/Los_Angeles",1527,"expired",1,0.00,"2023-06-20","2024-03-10","monthly","Budget cuts","Free","free",0.00
988,"Arc Systems","Healthcare","enterprise","US","America/Los_Angeles",1528,"expired",4,32.50,"2024-03-10","2025-03-10","annual","Company reorganization","Professional","professional",39.00
988,"Arc Systems","Healthcare","enterprise","US","America/Los_Angeles",1529,"active",4,32.50,"2025-03-10",NULL,"annual",NULL,"Professional","professional",39.00
989,"MistDynamics","E-commerce","medium","AU","Australia/Sydney",1530,"active",3,16.15,"2023-08-08",NULL,"monthly",NULL,"Starter Plus","starter",19.00
990,"Data Platform","Legal","large","JP","Asia/Tokyo",1531,"cancelled",2,9.00,"2025-04-16","2025-10-08","annual","Not using it","Starter","starter",12.00
990,"Data Platform","Legal","large","JP","Asia/Tokyo",1532,"cancelled",5,59.00,"2025-10-08","2025-12-08","monthly",NULL,"Professional Plus","professional",59.00
990,"Data Platform","Legal","large","JP","Asia/Tokyo",1533,"cancelled",6,66.00,"2025-12-08","2025-08-24","annual","Company reorganization","Enterprise","enterprise",99.00
991,"PulseDynamics","Marketing","medium","JP","Asia/Tokyo",1534,"cancelled",1,0.00,"2024-05-17","2025-02-27","annual","Budget cuts","Free","free",0.00
991,"PulseDynamics","Marketing","medium","JP","Asia/Tokyo",1535,"cancelled",5,59.00,"2025-02-27","2025-09-12","monthly","Budget cuts","Professional Plus","professional",59.00
991,"PulseDynamics","Marketing","medium","JP","Asia/Tokyo",1536,"active",2,9.00,"2025-09-12",NULL,"annual",NULL,"Starter","starter",12.00
992,"Jet Group","Consulting","small","AU","Australia/Sydney",1537,"active",1,0.00,"2024-11-28",NULL,"monthly",NULL,"Free","free",0.00
993,"Bolt Hub","Logistics","large","US","America/New_York",1538,"active",4,39.00,"2025-04-07",NULL,"monthly",NULL,"Professional","professional",39.00
994,"OnyxPro","Technology","large","US","America/Los_Angeles",1539,"cancelled",5,50.15,"2025-02-09","2025-05-15","monthly","Too expensive","Professional Plus","professional",59.00
994,"OnyxPro","Technology","large","US","America/Los_Angeles",1540,"expired",2,12.00,"2025-05-15","2025-10-24","monthly",NULL,"Starter","starter",12.00
994,"OnyxPro","Technology","large","US","America/Los_Angeles",1541,"active",5,59.00,"2025-10-24",NULL,"monthly",NULL,"Professional Plus","professional",59.00
995,"Warp Cloud","Media","medium","US","America/New_York",1542,"cancelled",2,10.00,"2024-09-05","2025-04-25","annual","Not using it","Starter","starter",12.00
996,"XenonPro","Media","small","AU","Australia/Sydney",1543,"paused",2,12.00,"2023-11-26",NULL,"monthly",NULL,"Starter","starter",12.00
997,"Edge AI","Education","enterprise","US","America/New_York",1544,"cancelled",1,0.00,"2025-01-26","2025-10-25","annual","Company reorganization","Free","free",0.00
998,"Trek Hub","E-commerce","medium","SG","Asia/Singapore",1545,"active",2,12.00,"2024-02-14",NULL,"monthly",NULL,"Starter","starter",12.00
999,"Pulse Corp","Insurance","large","US","America/Los_Angeles",1546,"active",1,0.00,"2025-09-10",NULL,"monthly",NULL,"Free","free",0.00
1000,"SyncStack","Marketing","enterprise","IN","Asia/Kolkata",1547,"active",1,0.00,"2025-01-08",NULL,"annual",NULL,"Free","free",0.00
1001,"Flow IO","Manufacturing","small","AU","Australia/Sydney",1548,"cancelled",1,0.00,"2025-07-29","2025-10-30","annual","Too expensive","Free","free",0.00
1001,"Flow IO","Manufacturing","small","AU","Australia/Sydney",1549,"cancelled",4,39.00,"2025-10-30","2025-09-18","monthly","Company reorganization","Professional","professional",39.00
1002,"RushWorks","Finance","medium","BR","America/Sao_Paulo",1550,"expired",4,39.00,"2024-10-16","2025-06-28","monthly","Missing features","Professional","professional",39.00
1002,"RushWorks","Finance","medium","BR","America/Sao_Paulo",1551,"cancelled",6,79.20,"2025-06-28","2025-10-20","monthly","Not using it","Enterprise","enterprise",99.00
1002,"RushWorks","Finance","medium","BR","America/Sao_Paulo",1552,"cancelled",4,31.20,"2025-10-20","2025-10-12","monthly","Switched competitor","Professional","professional",39.00
1003,"LinkWorks","Healthcare","medium","FR","Europe/Paris",1553,"active",3,19.00,"2024-04-10",NULL,"monthly",NULL,"Starter Plus","starter",19.00
1004,"MetaPlatform","Logistics","large","GB","Europe/London",1554,"cancelled",1,0.00,"2024-02-21","2024-08-25","annual","Switched competitor","Free","free",0.00
1004,"MetaPlatform","Logistics","large","GB","Europe/London",1555,"expired",3,15.83,"2024-08-25","2025-05-04","annual","Missing features","Starter Plus","starter",19.00
1004,"MetaPlatform","Logistics","large","GB","Europe/London",1556,"active",5,53.10,"2025-05-04",NULL,"monthly",NULL,"Professional Plus","professional",59.00
1005,"WarpGroup","Consulting","enterprise","IN","Asia/Kolkata",1557,"active",6,99.00,"2025-01-07",NULL,"monthly",NULL,"Enterprise","enterprise",99.00
1006,"LunaSoftware","Insurance","small","BR","America/Sao_Paulo",1558,"active",4,39.00,"2024-06-20",NULL,"monthly",NULL,"Professional","professional",39.00
1007,"OnyxNet","Legal","small","BR","America/Sao_Paulo",1559,"active",2,10.00,"2024-02-06",NULL,"annual",NULL,"Starter","starter",12.00
1008,"DataTech","Healthcare","enterprise","US","America/Chicago",1560,"active",1,0.00,"2023-08-20",NULL,"monthly",NULL,"Free","free",0.00
1009,"LinkDigital","Manufacturing","small","US","America/Los_Angeles",1561,"active",2,10.20,"2023-03-17",NULL,"monthly",NULL,"Starter","starter",12.00
1010,"FlowAnalytics","Legal","large","FR","Europe/Paris",1562,"cancelled",1,0.00,"2024-10-07","2025-09-09","monthly","Too expensive","Free","free",0.00
1011,"Zeal Labs","Technology","small","US","America/New_York",1563,"active",1,0.00,"2025-06-11",NULL,"annual",NULL,"Free","free",0.00
1012,"Luna Hub","E-commerce","small","IN","Asia/Kolkata",1564,"expired",6,82.50,"2023-04-22","2023-09-22","annual","Missing features","Enterprise","enterprise",99.00
1012,"Luna Hub","E-commerce","small","IN","Asia/Kolkata",1565,"expired",4,39.00,"2023-09-22","2023-12-22","monthly",NULL,"Professional","professional",39.00
1012,"Luna Hub","E-commerce","small","IN","Asia/Kolkata",1566,"active",5,49.17,"2023-12-22",NULL,"annual",NULL,"Professional Plus","professional",59.00
1013,"SyncPro","Healthcare","small","DE","Europe/Berlin",1567,"active",5,59.00,"2023-09-01",NULL,"monthly",NULL,"Professional Plus","professional",59.00
1014,"Peak Studio","Real Estate","large","US","America/Chicago",1568,"active",1,0.00,"2023-02-18",NULL,"annual",NULL,"Free","free",0.00
1015,"QuarkVentures","Manufacturing","enterprise","BR","America/Sao_Paulo",1569,"active",3,19.00,"2024-01-20",NULL,"monthly",NULL,"Starter Plus","starter",19.00
1016,"Iris Studio","Real Estate","medium","SG","Asia/Singapore",1570,"cancelled",2,10.00,"2024-05-27","2025-02-10","annual",NULL,"Starter","starter",12.00
1016,"Iris Studio","Real Estate","medium","SG","Asia/Singapore",1571,"active",5,53.10,"2025-02-10",NULL,"monthly",NULL,"Professional Plus","professional",59.00
1017,"Zeal Platform","Education","enterprise","US","America/Los_Angeles",1572,"expired",1,0.00,"2024-12-17","2025-08-29","monthly","Budget cuts","Free","free",0.00
1017,"Zeal Platform","Education","enterprise","US","America/Los_Angeles",1573,"cancelled",4,39.00,"2025-08-29","2025-08-20","monthly","Not using it","Professional","professional",39.00
1018,"BoltStack","Legal","small","DE","Europe/Berlin",1574,"expired",6,82.50,"2024-09-08","2025-01-23","annual","Switched competitor","Enterprise","enterprise",99.00
1018,"BoltStack","Legal","small","DE","Europe/Berlin",1575,"expired",3,12.67,"2025-01-23","2025-08-28","annual","Missing features","Starter Plus","starter",19.00
1018,"BoltStack","Legal","small","DE","Europe/Berlin",1576,"active",2,10.00,"2025-08-28",NULL,"annual",NULL,"Starter","starter",12.00
1019,"Jet Net","Real Estate","medium","AU","Australia/Sydney",1577,"active",3,15.83,"2025-02-20",NULL,"annual",NULL,"Starter Plus","starter",19.00
1020,"Jade Logic","Real Estate","medium","IN","Asia/Kolkata",1578,"cancelled",1,0.00,"2025-04-08","2025-09-30","monthly","Missing features","Free","free",0.00
1020,"Jade Logic","Real Estate","medium","IN","Asia/Kolkata",1579,"active",5,49.17,"2025-09-30",NULL,"annual",NULL,"Professional Plus","professional",59.00
1021,"ZealSoftware","Marketing","medium","IN","Asia/Kolkata",1580,"active",4,39.00,"2023-06-02",NULL,"monthly",NULL,"Professional","professional",39.00
1022,"GlowAnalytics","Technology","enterprise","US","America/New_York",1581,"active",1,0.00,"2024-06-10",NULL,"annual",NULL,"Free","free",0.00
1023,"DataSystems","Insurance","medium","JP","Asia/Tokyo",1582,"active",6,99.00,"2025-09-19",NULL,"monthly",NULL,"Enterprise","enterprise",99.00
1024,"Arc Hub","Finance","enterprise","SG","Asia/Singapore",1583,"active",1,0.00,"2023-02-21",NULL,"annual",NULL,"Free","free",0.00
1025,"FluxHQ","Education","medium","US","America/Los_Angeles",1584,"expired",1,0.00,"2024-02-26","2024-12-25","annual","Too expensive","Free","free",0.00
1025,"FluxHQ","Education","medium","US","America/Los_Angeles",1585,"active",5,49.17,"2024-12-25",NULL,"annual",NULL,"Professional Plus","professional",59.00
1026,"VineIO","Retail","medium","AU","Australia/Sydney",1586,"cancelled",1,0.00,"2023-09-27","2025-10-23","monthly","Missing features","Free","free",0.00
1027,"Drift Platform","Healthcare","small","IN","Asia/Kolkata",1587,"expired",2,12.00,"2024-07-11","2025-06-25","monthly",NULL,"Starter","starter",12.00
1027,"Drift Platform","Healthcare","small","IN","Asia/Kolkata",1588,"active",6,74.25,"2025-06-25",NULL,"monthly",NULL,"Enterprise","enterprise",99.00
1028,"GlowOps","Consulting","medium","JP","Asia/Tokyo",1589,"active",3,15.83,"2024-11-14",NULL,"annual",NULL,"Starter Plus","starter",19.00
1029,"GridLogic","Healthcare","small","CA","America/Toronto",1590,"cancelled",5,59.00,"2025-05-03","2025-06-19","monthly",NULL,"Professional Plus","professional",59.00
1030,"Hive Corp","Finance","medium","JP","Asia/Tokyo",1591,"expired",3,15.83,"2025-02-15","2025-08-11","annual","Not using it","Starter Plus","starter",19.00
1030,"Hive Corp","Finance","medium","JP","Asia/Tokyo",1592,"active",5,49.17,"2025-08-11",NULL,"annual",NULL,"Professional Plus","professional",59.00
1031,"Rift Works","Manufacturing","small","IN","Asia/Kolkata",1593,"active",2,12.00,"2024-12-20",NULL,"monthly",NULL,"Starter","starter",12.00
1032,"ZenOps","Healthcare","medium","CA","America/Toronto",1594,"active",1,0.00,"2024-06-14",NULL,"monthly",NULL,"Free","free",0.00
1033,"WarpLabs","Finance","small","SG","Asia/Singapore",1595,"active",4,32.50,"2023-03-30",NULL,"annual",NULL,"Professional","professional",39.00
1034,"CoreSystems","Manufacturing","medium","US","America/Los_Angeles",1596,"cancelled",1,0.00,"2024-08-07","2025-07-12","monthly","Missing features","Free","free",0.00
1035,"JadeVentures","Logistics","small","GB","Europe/London",1597,"expired",2,12.00,"2025-09-02","2025-11-02","monthly",NULL,"Starter","starter",12.00
1035,"JadeVentures","Logistics","small","GB","Europe/London",1598,"cancelled",6,74.25,"2025-11-02","2025-10-03","annual","Not using it","Enterprise","enterprise",99.00
1036,"Mist Works","Retail","large","BR","America/Sao_Paulo",1599,"active",5,59.00,"2024-10-03",NULL,"monthly",NULL,"Professional Plus","professional",59.00
1037,"SageStack","Marketing","small","GB","Europe/London",1600,"cancelled",3,13.46,"2024-11-03","2025-07-30","annual","Company reorganization","Starter Plus","starter",19.00
1038,"DriftIO","Consulting","medium","JP","Asia/Tokyo",1601,"active",1,0.00,"2023-06-07",NULL,"annual",NULL,"Free","free",0.00
1039,"Peak Dynamics","Marketing","large","JP","Asia/Tokyo",1602,"active",3,19.00,"2024-12-13",NULL,"monthly",NULL,"Starter Plus","starter",19.00
1040,"Vine Works","Retail","small","DE","Europe/Berlin",1603,"active",3,19.00,"2023-05-24",NULL,"monthly",NULL,"Starter Plus","starter",19.00
1041,"Ion Ops","Media","large","BR","America/Sao_Paulo",1604,"active",1,0.00,"2023-07-19",NULL,"monthly",NULL,"Free","free",0.00
1042,"Warp Works","Legal","medium","US","America/Los_Angeles",1605,"cancelled",3,15.83,"2023-08-15","2024-04-10","annual","Too expensive","Starter Plus","starter",19.00
1042,"Warp Works","Legal","medium","US","America/Los_Angeles",1606,"expired",4,39.00,"2024-04-10","2024-12-20","monthly","Budget cuts","Professional","professional",39.00
1042,"Warp Works","Legal","medium","US","America/Los_Angeles",1607,"active",5,47.20,"2024-12-20",NULL,"monthly",NULL,"Professional Plus","professional",59.00
1043,"NexusSystems","Telecommunications","medium","BR","America/Sao_Paulo",1608,"active",1,0.00,"2023-07-23",NULL,"annual",NULL,"Free","free",0.00
1044,"Xenon Software","Manufacturing","small","US","America/Chicago",1609,"expired",2,12.00,"2023-08-10","2024-07-22","monthly","Switched competitor","Starter","starter",12.00
1044,"Xenon Software","Manufacturing","small","US","America/Chicago",1610,"cancelled",1,0.00,"2024-07-22","2025-04-17","monthly",NULL,"Free","free",0.00
1044,"Xenon Software","Manufacturing","small","US","America/Chicago",1611,"active",3,19.00,"2025-04-17",NULL,"monthly",NULL,"Starter Plus","starter",19.00
1045,"Nexus Analytics","Retail","small","FR","Europe/Paris",1612,"cancelled",2,10.00,"2023-12-29","2024-11-20","annual","Missing features","Starter","starter",12.00
1046,"JadeAI","Retail","small","CA","America/Toronto",1613,"active",1,0.00,"2025-05-27",NULL,"monthly",NULL,"Free","free",0.00
1047,"DataWorks","Real Estate","medium","AU","Australia/Sydney",1614,"expired",3,12.67,"2023-05-22","2024-03-31","annual",NULL,"Starter Plus","starter",19.00
1047,"DataWorks","Real Estate","medium","AU","Australia/Sydney",1615,"active",5,59.00,"2024-03-31",NULL,"monthly",NULL,"Professional Plus","professional",59.00
1048,"UltraNet","Education","small","JP","Asia/Tokyo",1616,"active",1,0.00,"2024-03-14",NULL,"annual",NULL,"Free","free",0.00
1049,"OnyxPlatform","Telecommunications","small","US","America/Chicago",1617,"active",2,10.00,"2025-06-08",NULL,"annual",NULL,"Starter","starter",12.00
1050,"Grid Cloud","Education","small","JP","Asia/Tokyo",1618,"cancelled",4,32.50,"2025-09-13","2025-11-12","annual","Budget cuts","Professional","professional",39.00
1050,"Grid Cloud","Education","small","JP","Asia/Tokyo",1619,"active",5,47.20,"2025-11-12",NULL,"monthly",NULL,"Professional Plus","professional",59.00
1051,"BeamHQ","Insurance","medium","FR","Europe/Paris",1620,"active",6,82.50,"2024-06-11",NULL,"annual",NULL,"Enterprise","enterprise",99.00
1052,"Luna Net","Media","enterprise","US","America/Chicago",1621,"active",1,0.00,"2025-06-18",NULL,"annual",NULL,"Free","free",0.00
1053,"Kite Hub","Consulting","medium","JP","Asia/Tokyo",1622,"expired",1,0.00,"2024-05-06","2024-11-13","annual","Switched competitor","Free","free",0.00
1053,"Kite Hub","Consulting","medium","JP","Asia/Tokyo",1623,"active",3,17.10,"2024-11-13",NULL,"monthly",NULL,"Starter Plus","starter",19.00
1054,"NexusTech","Insurance","enterprise","SG","Asia/Singapore",1624,"expired",2,9.00,"2024-02-06","2024-11-24","annual","Company reorganization","Starter","starter",12.00
1054,"NexusTech","Insurance","enterprise","SG","Asia/Singapore",1625,"cancelled",2,9.00,"2024-11-24","2025-08-17","annual","Not using it","Starter","starter",12.00
1054,"NexusTech","Insurance","enterprise","SG","Asia/Singapore",1626,"cancelled",2,12.00,"2025-08-17","2024-07-26","monthly",NULL,"Starter","starter",12.00
1055,"NovaSoftware","Legal","large","GB","Europe/London",1627,"cancelled",1,0.00,"2023-06-26","2024-06-22","annual","Switched competitor","Free","free",0.00
1056,"UnitCorp","Logistics","enterprise","BR","America/Sao_Paulo",1628,"cancelled",3,19.00,"2023-06-20","2024-03-20","monthly","Budget cuts","Starter Plus","starter",19.00
1056,"UnitCorp","Logistics","enterprise","BR","America/Sao_Paulo",1629,"expired",1,0.00,"2024-03-20","2024-08-22","annual","Budget cuts","Free","free",0.00
1056,"UnitCorp","Logistics","enterprise","BR","America/Sao_Paulo",1630,"active",6,82.50,"2024-08-22",NULL,"annual",NULL,"Enterprise","enterprise",99.00
1057,"UltraDynamics","Education","medium","US","America/Chicago",1631,"cancelled",4,39.00,"2025-04-07","2025-10-13","monthly","Company reorganization","Professional","professional",39.00
1057,"UltraDynamics","Education","medium","US","America/Chicago",1632,"active",3,12.67,"2025-10-13",NULL,"annual",NULL,"Starter Plus","starter",19.00
1058,"QuarkAnalytics","Insurance","medium","BR","America/Sao_Paulo",1633,"active",1,0.00,"2025-05-31",NULL,"monthly",NULL,"Free","free",0.00
1059,"Pulse Ops","Telecommunications","medium","CA","America/Toronto",1634,"expired",5,49.17,"2025-07-05","2025-09-03","annual","Switched competitor","Professional Plus","professional",59.00
1059,"Pulse Ops","Telecommunications","medium","CA","America/Toronto",1635,"active",4,26.00,"2025-09-03",NULL,"annual",NULL,"Professional","professional",39.00
1060,"ZenPro","Retail","small","JP","Asia/Tokyo",1636,"active",1,0.00,"2025-04-10",NULL,"annual",NULL,"Free","free",0.00
1061,"Vine Pro","Legal","small","SG","Asia/Singapore",1637,"active",2,12.00,"2025-03-28",NULL,"monthly",NULL,"Starter","starter",12.00
1062,"WaveSolutions","Retail","large","BR","America/Sao_Paulo",1638,"expired",2,10.00,"2025-08-07","2025-10-25","annual","Budget cuts","Starter","starter",12.00
1062,"WaveSolutions","Retail","large","BR","America/Sao_Paulo",1639,"active",6,70.12,"2025-10-25",NULL,"annual",NULL,"Enterprise","enterprise",99.00
1063,"Rush Stack","Retail","large","JP","Asia/Tokyo",1640,"expired",5,49.17,"2024-04-26","2024-08-22","annual",NULL,"Professional Plus","professional",59.00
1063,"Rush Stack","Retail","large","JP","Asia/Tokyo",1641,"cancelled",1,0.00,"2024-08-22","2025-08-29","monthly","Not using it","Free","free",0.00
1064,"ZenAI","Legal","small","US","America/Chicago",1642,"expired",3,15.83,"2025-02-09","2025-06-02","annual","Not using it","Starter Plus","starter",19.00
1064,"ZenAI","Legal","small","US","America/Chicago",1643,"active",1,0.00,"2025-06-02",NULL,"annual",NULL,"Free","free",0.00
1065,"HubSystems","Healthcare","small","US","America/Los_Angeles",1644,"active",3,15.83,"2024-11-08",NULL,"annual",NULL,"Starter Plus","starter",19.00
1066,"MetaGroup","E-commerce","small","DE","Europe/Berlin",1645,"active",2,12.00,"2023-07-03",NULL,"monthly",NULL,"Starter","starter",12.00
1067,"RiftLogic","Finance","small","US","America/New_York",1646,"cancelled",1,0.00,"2023-05-12","2024-04-06","monthly","Company reorganization","Free","free",0.00
1068,"KeenGroup","Insurance","large","BR","America/Sao_Paulo",1647,"cancelled",4,31.20,"2023-10-10","2024-08-13","monthly","Missing features","Professional","professional",39.00
1069,"Bolt Analytics","Healthcare","large","US","America/Los_Angeles",1648,"cancelled",2,10.00,"2024-09-20","2024-12-12","annual",NULL,"Starter","starter",12.00
1069,"Bolt Analytics","Healthcare","large","US","America/Los_Angeles",1649,"cancelled",4,35.10,"2024-12-12","2025-01-17","monthly","Switched competitor","Professional","professional",39.00
1070,"CorePro","Healthcare","medium","AU","Australia/Sydney",1650,"cancelled",2,8.50,"2024-06-27","2024-12-09","annual",NULL,"Starter","starter",12.00
1070,"CorePro","Healthcare","medium","AU","Australia/Sydney",1651,"active",6,99.00,"2024-12-09",NULL,"monthly",NULL,"Enterprise","enterprise",99.00
1071,"UltraAnalytics","Finance","enterprise","SG","Asia/Singapore",1652,"cancelled",6,82.50,"2023-03-02","2023-11-16","annual",NULL,"Enterprise","enterprise",99.00
1071,"UltraAnalytics","Finance","enterprise","SG","Asia/Singapore",1653,"cancelled",2,10.00,"2023-11-16","2024-10-16","annual","Too expensive","Starter","starter",12.00
1072,"XenonCorp","Education","medium","US","America/Chicago",1654,"active",1,0.00,"2024-03-11",NULL,"annual",NULL,"Free","free",0.00
1073,"Quark HQ","Manufacturing","small","US","America/Chicago",1655,"cancelled",1,0.00,"2023-08-01","2025-06-01","monthly","Switched competitor","Free","free",0.00
1074,"Acme Dev","Healthcare","enterprise","FR","Europe/Paris",1656,"active",4,32.50,"2023-04-21",NULL,"annual",NULL,"Professional","professional",39.00
1075,"FlowSoftware","Manufacturing","medium","US","America/Chicago",1657,"active",2,10.20,"2025-04-12",NULL,"monthly",NULL,"Starter","starter",12.00
1076,"Zen Solutions","Healthcare","large","GB","Europe/London",1658,"cancelled",5,59.00,"2024-11-23","2025-03-13","monthly","Not using it","Professional Plus","professional",59.00
1076,"Zen Solutions","Healthcare","large","GB","Europe/London",1659,"cancelled",3,15.83,"2025-03-13","2025-09-16","annual","Missing features","Starter Plus","starter",19.00
1076,"Zen Solutions","Healthcare","large","GB","Europe/London",1660,"active",4,32.50,"2025-09-16",NULL,"annual",NULL,"Professional","professional",39.00
1077,"Jade Labs","Marketing","small","SG","Asia/Singapore",1661,"expired",4,39.00,"2025-05-08","2025-09-11","monthly","Switched competitor","Professional","professional",39.00
1077,"Jade Labs","Marketing","small","SG","Asia/Singapore",1662,"active",6,84.15,"2025-09-11",NULL,"monthly",NULL,"Enterprise","enterprise",99.00
1078,"Pulse Digital","Legal","enterprise","CA","America/Toronto",1663,"cancelled",1,0.00,"2023-11-15","2024-07-16","annual","Switched competitor","Free","free",0.00
1078,"Pulse Digital","Legal","enterprise","CA","America/Toronto",1664,"active",1,0.00,"2024-07-16",NULL,"annual",NULL,"Free","free",0.00
1079,"Quark AI","Technology","large","SG","Asia/Singapore",1665,"active",6,99.00,"2025-01-02",NULL,"monthly",NULL,"Enterprise","enterprise",99.00
1080,"KeenLabs","Logistics","large","US","America/Chicago",1666,"active",1,0.00,"2025-04-07",NULL,"monthly",NULL,"Free","free",0.00
1081,"Edge Software","Consulting","medium","CA","America/Toronto",1667,"active",3,19.00,"2023-04-15",NULL,"monthly",NULL,"Starter Plus","starter",19.00
1082,"WarpWorks","E-commerce","large","FR","Europe/Paris",1668,"active",2,12.00,"2024-09-17",NULL,"monthly",NULL,"Starter","starter",12.00
1083,"KiteCorp","Logistics","small","US","America/New_York",1669,"expired",2,12.00,"2023-04-19","2023-12-14","monthly","Company reorganization","Starter","starter",12.00
1083,"KiteCorp","Logistics","small","US","America/New_York",1670,"cancelled",5,49.17,"2023-12-14","2023-08-12","annual",NULL,"Professional Plus","professional",59.00
1084,"GlowGroup","Insurance","medium","CA","America/Toronto",1671,"active",2,12.00,"2024-07-04",NULL,"monthly",NULL,"Starter","starter",12.00
1085,"EdgeDynamics","Telecommunications","small","DE","Europe/Berlin",1672,"active",5,59.00,"2025-01-25",NULL,"monthly",NULL,"Professional Plus","professional",59.00
1086,"Cloud Corp","Consulting","small","CA","America/Toronto",1673,"active",4,39.00,"2023-03-29",NULL,"monthly",NULL,"Professional","professional",39.00
1087,"Kite Group","Logistics","medium","JP","Asia/Tokyo",1674,"active",5,49.17,"2024-11-17",NULL,"annual",NULL,"Professional Plus","professional",59.00
1088,"CloudVentures","Legal","small","DE","Europe/Berlin",1675,"active",3,15.83,"2024-05-21",NULL,"annual",NULL,"Starter Plus","starter",19.00
1089,"LinkOps","Manufacturing","small","DE","Europe/Berlin",1676,"cancelled",4,39.00,"2024-01-21","2024-12-31","monthly","Budget cuts","Professional","professional",39.00
1089,"LinkOps","Manufacturing","small","DE","Europe/Berlin",1677,"active",7,132.67,"2024-12-31",NULL,"annual",NULL,"Enterprise Custom","enterprise",199.00
1090,"Acme Digital","Media","small","US","America/Chicago",1678,"expired",2,10.00,"2025-04-25","2025-08-10","annual","Missing features","Starter","starter",12.00
1090,"Acme Digital","Media","small","US","America/Chicago",1679,"cancelled",5,59.00,"2025-08-10","2025-10-14","monthly",NULL,"Professional Plus","professional",59.00
1090,"Acme Digital","Media","small","US","America/Chicago",1680,"active",4,39.00,"2025-10-14",NULL,"monthly",NULL,"Professional","professional",39.00
1091,"GlowVentures","Insurance","small","DE","Europe/Berlin",1681,"expired",3,19.00,"2024-03-22","2024-07-06","monthly","Switched competitor","Starter Plus","starter",19.00
1091,"GlowVentures","Insurance","small","DE","Europe/Berlin",1682,"cancelled",4,39.00,"2024-07-06","2024-11-07","monthly",NULL,"Professional","professional",39.00
1092,"PulseStudio","Real Estate","large","US","America/Los_Angeles",1683,"active",2,12.00,"2024-02-22",NULL,"monthly",NULL,"Starter","starter",12.00
1093,"QuarkWorks","Healthcare","medium","IN","Asia/Kolkata",1684,"active",2,9.60,"2023-10-13",NULL,"monthly",NULL,"Starter","starter",12.00
1094,"BeamWorks","Retail","small","FR","Europe/Paris",1685,"cancelled",1,0.00,"2024-04-26","2024-09-25","monthly","Switched competitor","Free","free",0.00
1094,"BeamWorks","Retail","small","FR","Europe/Paris",1686,"active",4,39.00,"2024-09-25",NULL,"monthly",NULL,"Professional","professional",39.00
1095,"Quark Group","Media","medium","JP","Asia/Tokyo",1687,"active",5,49.17,"2024-04-17",NULL,"annual",NULL,"Professional Plus","professional",59.00
1096,"OnyxLogic","Media","medium","BR","America/Sao_Paulo",1688,"active",3,19.00,"2024-09-25",NULL,"monthly",NULL,"Starter Plus","starter",19.00
1097,"LinkAnalytics","Insurance","large","US","America/New_York",1689,"active",5,59.00,"2024-12-04",NULL,"monthly",NULL,"Professional Plus","professional",59.00
1098,"SageLogic","Technology","small","US","America/Chicago",1690,"active",3,15.83,"2024-09-02",NULL,"annual",NULL,"Starter Plus","starter",19.00
1099,"NovaCorp","Manufacturing","large","SG","Asia/Singapore",1691,"active",1,0.00,"2024-01-24",NULL,"monthly",NULL,"Free","free",0.00
1100,"Sync Logic","Manufacturing","large","DE","Europe/Berlin",1692,"active",5,49.17,"2023-02-21",NULL,"annual",NULL,"Professional Plus","professional",59.00
1101,"FluxHub","Media","small","BR","America/Sao_Paulo",1693,"active",4,39.00,"2024-06-02",NULL,"monthly",NULL,"Professional","professional",39.00
1102,"QuarkLogic","Insurance","small","SG","Asia/Singapore",1694,"active",2,12.00,"2024-10-09",NULL,"monthly",NULL,"Starter","starter",12.00
1103,"Luna Systems","Finance","small","DE","Europe/Berlin",1695,"active",2,12.00,"2024-04-30",NULL,"monthly",NULL,"Starter","starter",12.00
1104,"Luna Analytics","Legal","small","US","America/Chicago",1696,"cancelled",2,10.00,"2023-03-03","2025-07-13","annual","Budget cuts","Starter","starter",12.00
1105,"EchoNet","Media","small","GB","Europe/London",1697,"cancelled",5,49.17,"2025-03-15","2025-06-06","annual","Not using it","Professional Plus","professional",59.00
1105,"EchoNet","Media","small","GB","Europe/London",1698,"active",4,39.00,"2025-06-06",NULL,"monthly",NULL,"Professional","professional",39.00
1106,"ArcAnalytics","Logistics","enterprise","AU","Australia/Sydney",1699,"cancelled",1,0.00,"2023-09-15","2024-01-24","monthly","Budget cuts","Free","free",0.00
1106,"ArcAnalytics","Logistics","enterprise","AU","Australia/Sydney",1700,"active",4,35.10,"2024-01-24",NULL,"monthly",NULL,"Professional","professional",39.00
1107,"VertexPlatform","Legal","medium","FR","Europe/Paris",1701,"cancelled",5,59.00,"2024-10-12","2025-02-21","monthly","Switched competitor","Professional Plus","professional",59.00
1108,"GlowWorks","Marketing","enterprise","DE","Europe/Berlin",1702,"active",1,0.00,"2023-10-20",NULL,"annual",NULL,"Free","free",0.00
1109,"Iris Group","Insurance","large","FR","Europe/Paris",1703,"active",1,0.00,"2025-07-11",NULL,"monthly",NULL,"Free","free",0.00
1110,"QuestCloud","Logistics","large","US","America/Los_Angeles",1704,"cancelled",2,10.00,"2024-12-02","2025-01-29","annual","Missing features","Starter","starter",12.00
1111,"EdgeGroup","E-commerce","enterprise","US","America/New_York",1705,"cancelled",4,39.00,"2025-03-22","2025-09-12","monthly","Too expensive","Professional","professional",39.00
1111,"EdgeGroup","E-commerce","enterprise","US","America/New_York",1706,"active",5,49.17,"2025-09-12",NULL,"annual",NULL,"Professional Plus","professional",59.00
1112,"SyncDev","Retail","medium","IN","Asia/Kolkata",1707,"expired",3,19.00,"2024-03-13","2024-06-22","monthly","Missing features","Starter Plus","starter",19.00
1112,"SyncDev","Retail","medium","IN","Asia/Kolkata",1708,"cancelled",1,0.00,"2024-06-22","2025-05-30","annual","Budget cuts","Free","free",0.00
1113,"Rift Stack","Insurance","enterprise","FR","Europe/Paris",1709,"expired",5,49.17,"2025-09-10","2025-11-09","annual","Company reorganization","Professional Plus","professional",59.00
1113,"Rift Stack","Insurance","enterprise","FR","Europe/Paris",1710,"paused",2,12.00,"2025-11-09",NULL,"monthly",NULL,"Starter","starter",12.00
1114,"LinkDev","Finance","enterprise","FR","Europe/Paris",1711,"active",1,0.00,"2023-05-17",NULL,"monthly",NULL,"Free","free",0.00
1115,"Flow Pro","Real Estate","medium","FR","Europe/Paris",1712,"cancelled",1,0.00,"2024-10-26","2025-02-06","monthly","Budget cuts","Free","free",0.00
1115,"Flow Pro","Real Estate","medium","FR","Europe/Paris",1713,"active",6,82.50,"2025-02-06",NULL,"annual",NULL,"Enterprise","enterprise",99.00
1116,"Hub Stack","Logistics","medium","CA","America/Toronto",1714,"active",1,0.00,"2023-06-26",NULL,"annual",NULL,"Free","free",0.00
1117,"Acme Labs","Healthcare","large","JP","Asia/Tokyo",1715,"active",4,39.00,"2024-10-08",NULL,"monthly",NULL,"Professional","professional",39.00
1118,"JadeCloud","Logistics","small","SG","Asia/Singapore",1716,"active",1,0.00,"2025-03-12",NULL,"monthly",NULL,"Free","free",0.00
1119,"BoltHQ","Manufacturing","small","US","America/New_York",1717,"cancelled",1,0.00,"2025-05-04","2025-06-06","annual","Company reorganization","Free","free",0.00
1120,"Acme Stack","Manufacturing","small","DE","Europe/Berlin",1718,"active",2,10.00,"2023-01-02",NULL,"annual",NULL,"Starter","starter",12.00
1121,"ZealGroup","Media","medium","US","America/New_York",1719,"expired",4,39.00,"2023-10-29","2024-03-09","monthly","Not using it","Professional","professional",39.00
1121,"ZealGroup","Media","medium","US","America/New_York",1720,"active",7,199.00,"2024-03-09",NULL,"monthly",NULL,"Enterprise Custom","enterprise",199.00
1122,"KiteLogic","Insurance","small","JP","Asia/Tokyo",1721,"expired",3,15.83,"2024-06-25","2024-11-10","annual","Missing features","Starter Plus","starter",19.00
1122,"KiteLogic","Insurance","small","JP","Asia/Tokyo",1722,"expired",3,19.00,"2024-11-10","2025-05-14","monthly",NULL,"Starter Plus","starter",19.00
1122,"KiteLogic","Insurance","small","JP","Asia/Tokyo",1723,"active",5,59.00,"2025-05-14",NULL,"monthly",NULL,"Professional Plus","professional",59.00
1123,"IonLabs","Finance","medium","FR","Europe/Paris",1724,"cancelled",2,12.00,"2025-04-30","2025-06-29","monthly","Switched competitor","Starter","starter",12.00
1123,"IonLabs","Finance","medium","FR","Europe/Paris",1725,"active",5,59.00,"2025-06-29",NULL,"monthly",NULL,"Professional Plus","professional",59.00
1124,"KeenStudio","Healthcare","enterprise","CA","America/Toronto",1726,"active",5,49.17,"2024-04-12",NULL,"annual",NULL,"Professional Plus","professional",59.00
1125,"SyncLogic","Insurance","small","US","America/Chicago",1727,"expired",4,39.00,"2024-09-15","2025-06-11","monthly","Budget cuts","Professional","professional",39.00
1125,"SyncLogic","Insurance","small","US","America/Chicago",1728,"active",3,19.00,"2025-06-11",NULL,"monthly",NULL,"Starter Plus","starter",19.00
1126,"Echo Works","Media","medium","US","America/Chicago",1729,"active",2,10.00,"2024-01-11",NULL,"annual",NULL,"Starter","starter",12.00
1127,"RiftCloud","Retail","enterprise","US","America/New_York",1730,"active",1,0.00,"2025-05-14",NULL,"annual",NULL,"Free","free",0.00
1128,"Zen Platform","Telecommunications","large","IN","Asia/Kolkata",1731,"active",5,59.00,"2023-10-13",NULL,"monthly",NULL,"Professional Plus","professional",59.00
1129,"JadeGroup","Legal","enterprise","DE","Europe/Berlin",1732,"active",3,15.83,"2024-12-06",NULL,"annual",NULL,"Starter Plus","starter",19.00
1130,"EdgeLogic","Media","enterprise","IN","Asia/Kolkata",1733,"active",4,39.00,"2025-02-10",NULL,"monthly",NULL,"Professional","professional",39.00
1131,"Luna Corp","Healthcare","large","US","America/New_York",1734,"expired",2,9.60,"2024-08-06","2025-06-30","monthly","Company reorganization","Starter","starter",12.00
1131,"Luna Corp","Healthcare","large","US","America/New_York",1735,"cancelled",2,8.50,"2025-06-30","2024-10-09","annual","Budget cuts","Starter","starter",12.00
1132,"Echo Analytics","Telecommunications","large","SG","Asia/Singapore",1736,"cancelled",2,12.00,"2023-08-21","2024-04-14","monthly","Budget cuts","Starter","starter",12.00
1132,"Echo Analytics","Telecommunications","large","SG","Asia/Singapore",1737,"expired",4,39.00,"2024-04-14","2024-12-19","monthly","Too expensive","Professional","professional",39.00
1132,"Echo Analytics","Telecommunications","large","SG","Asia/Singapore",1738,"active",3,19.00,"2024-12-19",NULL,"monthly",NULL,"Starter Plus","starter",19.00
1133,"HubCorp","Healthcare","medium","FR","Europe/Paris",1739,"active",3,15.83,"2023-03-26",NULL,"annual",NULL,"Starter Plus","starter",19.00
1134,"CloudAnalytics","Finance","small","JP","Asia/Tokyo",1740,"active",1,0.00,"2023-10-31",NULL,"annual",NULL,"Free","free",0.00
1135,"CoreAnalytics","Telecommunications","enterprise","GB","Europe/London",1741,"expired",1,0.00,"2024-03-21","2025-02-07","monthly","Budget cuts","Free","free",0.00
1135,"CoreAnalytics","Telecommunications","enterprise","GB","Europe/London",1742,"cancelled",1,0.00,"2025-02-07","2025-05-02","monthly","Not using it","Free","free",0.00
1136,"TidalDynamics","Media","small","US","America/Los_Angeles",1744,"active",2,12.00,"2023-05-22",NULL,"monthly",NULL,"Starter","starter",12.00
1137,"UnitLabs","Media","small","IN","Asia/Kolkata",1745,"expired",2,10.20,"2024-09-06","2024-11-21","monthly","Too expensive","Starter","starter",12.00
1137,"UnitLabs","Media","small","IN","Asia/Kolkata",1746,"expired",5,49.17,"2024-11-21","2025-05-27","annual","Switched competitor","Professional Plus","professional",59.00
1137,"UnitLabs","Media","small","IN","Asia/Kolkata",1747,"cancelled",7,199.00,"2025-05-27","2025-04-05","monthly","Budget cuts","Enterprise Custom","enterprise",199.00
1138,"Onyx Labs","Manufacturing","large","BR","America/Sao_Paulo",1748,"cancelled",1,0.00,"2023-03-27","2023-08-26","monthly","Budget cuts","Free","free",0.00
1138,"Onyx Labs","Manufacturing","large","BR","America/Sao_Paulo",1749,"active",4,32.50,"2023-08-26",NULL,"annual",NULL,"Professional","professional",39.00
1139,"Hub Works","E-commerce","enterprise","FR","Europe/Paris",1750,"active",2,12.00,"2024-10-10",NULL,"monthly",NULL,"Starter","starter",12.00
1140,"WaveNet","Logistics","small","SG","Asia/Singapore",1751,"active",1,0.00,"2024-02-07",NULL,"annual",NULL,"Free","free",0.00
1141,"NovaNet","Healthcare","small","DE","Europe/Berlin",1752,"paused",3,15.83,"2024-09-18",NULL,"annual",NULL,"Starter Plus","starter",19.00
1142,"OrbitStack","Real Estate","medium","US","America/Los_Angeles",1753,"expired",3,14.25,"2023-12-15","2024-09-08","annual","Budget cuts","Starter Plus","starter",19.00
1142,"OrbitStack","Real Estate","medium","US","America/Los_Angeles",1754,"cancelled",5,59.00,"2024-09-08","2024-10-20","monthly","Missing features","Professional Plus","professional",59.00
1143,"Bolt Logic","Real Estate","medium","JP","Asia/Tokyo",1755,"active",5,59.00,"2025-03-07",NULL,"monthly",NULL,"Professional Plus","professional",59.00
1144,"Zen IO","Consulting","medium","US","America/Los_Angeles",1756,"cancelled",3,15.83,"2023-03-16","2023-08-26","annual","Budget cuts","Starter Plus","starter",19.00
1144,"Zen IO","Consulting","medium","US","America/Los_Angeles",1757,"expired",4,39.00,"2023-08-26","2024-07-10","monthly","Budget cuts","Professional","professional",39.00
1144,"Zen IO","Consulting","medium","US","America/Los_Angeles",1758,"active",5,49.17,"2024-07-10",NULL,"annual",NULL,"Professional Plus","professional",59.00
1145,"QuarkDigital","Finance","small","US","America/Chicago",1759,"active",4,39.00,"2024-08-09",NULL,"monthly",NULL,"Professional","professional",39.00
1146,"Vine AI","Real Estate","small","SG","Asia/Singapore",1760,"active",3,19.00,"2025-09-09",NULL,"monthly",NULL,"Starter Plus","starter",19.00
1147,"Hub Tech","Manufacturing","medium","CA","America/Toronto",1761,"active",3,19.00,"2023-12-09",NULL,"monthly",NULL,"Starter Plus","starter",19.00
1148,"KeenDynamics","Media","medium","IN","Asia/Kolkata",1762,"active",2,12.00,"2025-02-28",NULL,"monthly",NULL,"Starter","starter",12.00
1149,"ArcOps","Finance","enterprise","US","America/New_York",1763,"active",1,0.00,"2024-04-18",NULL,"monthly",NULL,"Free","free",0.00
1150,"Wave Solutions","E-commerce","large","JP","Asia/Tokyo",1764,"expired",2,10.20,"2025-03-25","2025-08-06","monthly","Budget cuts","Starter","starter",12.00
1150,"Wave Solutions","E-commerce","large","JP","Asia/Tokyo",1765,"cancelled",2,10.20,"2025-08-06","2025-10-08","monthly","Not using it","Starter","starter",12.00
1150,"Wave Solutions","E-commerce","large","JP","Asia/Tokyo",1766,"active",6,99.00,"2025-10-08",NULL,"monthly",NULL,"Enterprise","enterprise",99.00
1151,"WaveDev","Media","medium","CA","America/Toronto",1767,"active",2,12.00,"2023-04-25",NULL,"monthly",NULL,"Starter","starter",12.00
1152,"UnitVentures","Real Estate","large","CA","America/Toronto",1768,"active",2,12.00,"2023-02-15",NULL,"monthly",NULL,"Starter","starter",12.00
1153,"MistDigital","Real Estate","medium","US","America/Los_Angeles",1769,"cancelled",1,0.00,"2024-11-04","2025-06-21","monthly",NULL,"Free","free",0.00
1154,"Nova Group","Education","medium","US","America/Los_Angeles",1770,"active",2,12.00,"2023-04-01",NULL,"monthly",NULL,"Starter","starter",12.00
1155,"UnitDigital","Retail","medium","FR","Europe/Paris",1771,"cancelled",3,15.83,"2024-12-28","2025-01-30","annual","Not using it","Starter Plus","starter",19.00
1156,"Ion Digital","Legal","medium","CA","America/Toronto",1772,"active",1,0.00,"2023-02-12",NULL,"monthly",NULL,"Free","free",0.00
1157,"AcmeOps","Technology","small","FR","Europe/Paris",1773,"active",6,99.00,"2024-02-12",NULL,"monthly",NULL,"Enterprise","enterprise",99.00
1158,"ZealTech","Logistics","small","BR","America/Sao_Paulo",1774,"cancelled",4,32.50,"2024-01-23","2024-06-28","annual","Budget cuts","Professional","professional",39.00
1158,"ZealTech","Logistics","small","BR","America/Sao_Paulo",1775,"active",4,29.25,"2024-06-28",NULL,"annual",NULL,"Professional","professional",39.00
1159,"Vine Dynamics","Retail","small","US","America/Chicago",1776,"cancelled",2,12.00,"2023-07-27","2024-01-24","monthly","Too expensive","Starter","starter",12.00
1159,"Vine Dynamics","Retail","small","US","America/Chicago",1777,"active",3,12.67,"2024-01-24",NULL,"annual",NULL,"Starter Plus","starter",19.00
1160,"Zen Digital","Healthcare","medium","JP","Asia/Tokyo",1778,"paused",5,49.17,"2025-02-20",NULL,"annual",NULL,"Professional Plus","professional",59.00
1161,"ZenSoftware","Real Estate","enterprise","GB","Europe/London",1779,"cancelled",5,59.00,"2024-01-21","2024-07-16","monthly","Switched competitor","Professional Plus","professional",59.00
1162,"Jet Analytics","E-commerce","enterprise","AU","Australia/Sydney",1780,"cancelled",4,32.50,"2023-09-30","2024-03-20","annual","Too expensive","Professional","professional",39.00
1162,"Jet Analytics","E-commerce","enterprise","AU","Australia/Sydney",1781,"cancelled",5,44.25,"2024-03-20","2024-12-15","monthly","Missing features","Professional Plus","professional",59.00
1162,"Jet Analytics","E-commerce","enterprise","AU","Australia/Sydney",1782,"active",3,14.25,"2024-12-15",NULL,"annual",NULL,"Starter Plus","starter",19.00
1163,"IrisPro","Real Estate","large","BR","America/Sao_Paulo",1783,"active",4,39.00,"2025-07-18",NULL,"monthly",NULL,"Professional","professional",39.00
1164,"Vertex Platform","Telecommunications","small","FR","Europe/Paris",1784,"active",2,10.80,"2024-01-09",NULL,"monthly",NULL,"Starter","starter",12.00
1165,"Flow Net","Retail","small","SG","Asia/Singapore",1785,"active",2,10.00,"2024-04-23",NULL,"annual",NULL,"Starter","starter",12.00
1166,"FluxWorks","Manufacturing","medium","FR","Europe/Paris",1786,"active",1,0.00,"2024-01-05",NULL,"monthly",NULL,"Free","free",0.00
1167,"XenonLabs","Telecommunications","small","BR","America/Sao_Paulo",1787,"active",2,12.00,"2025-04-14",NULL,"monthly",NULL,"Starter","starter",12.00
1168,"ZenCloud","Finance","small","GB","Europe/London",1788,"expired",3,15.83,"2025-01-04","2025-05-30","annual",NULL,"Starter Plus","starter",19.00
1168,"ZenCloud","Finance","small","GB","Europe/London",1789,"active",4,39.00,"2025-05-30",NULL,"monthly",NULL,"Professional","professional",39.00
1169,"SyncAI","Education","large","JP","Asia/Tokyo",1790,"active",2,12.00,"2023-11-05",NULL,"monthly",NULL,"Starter","starter",12.00
1170,"Rift Labs","Technology","medium","SG","Asia/Singapore",1791,"cancelled",3,19.00,"2023-05-26","2023-11-13","monthly","Switched competitor","Starter Plus","starter",19.00
1170,"Rift Labs","Technology","medium","SG","Asia/Singapore",1792,"expired",3,15.83,"2023-11-13","2024-09-13","annual",NULL,"Starter Plus","starter",19.00
1170,"Rift Labs","Technology","medium","SG","Asia/Singapore",1793,"active",4,32.50,"2024-09-13",NULL,"annual",NULL,"Professional","professional",39.00
1171,"Kite Software","Marketing","enterprise","SG","Asia/Singapore",1794,"active",1,0.00,"2023-09-23",NULL,"monthly",NULL,"Free","free",0.00
1172,"RiftLabs","Manufacturing","enterprise","IN","Asia/Kolkata",1795,"active",4,32.50,"2024-08-14",NULL,"annual",NULL,"Professional","professional",39.00
1173,"PeakAI","Logistics","large","IN","Asia/Kolkata",1796,"active",5,59.00,"2025-08-16",NULL,"monthly",NULL,"Professional Plus","professional",59.00
1174,"TidalSolutions","Logistics","enterprise","GB","Europe/London",1797,"expired",1,0.00,"2023-05-07","2023-09-01","monthly","Budget cuts","Free","free",0.00
1174,"TidalSolutions","Logistics","enterprise","GB","Europe/London",1798,"expired",4,32.50,"2023-09-01","2024-01-16","annual","Budget cuts","Professional","professional",39.00
1174,"TidalSolutions","Logistics","enterprise","GB","Europe/London",1799,"active",6,82.50,"2024-01-16",NULL,"annual",NULL,"Enterprise","enterprise",99.00
1175,"Nexus Studio","Marketing","large","US","America/Los_Angeles",1800,"cancelled",1,0.00,"2023-07-10","2024-06-19","annual","Too expensive","Free","free",0.00
1175,"Nexus Studio","Marketing","large","US","America/Los_Angeles",1801,"cancelled",3,15.83,"2024-06-19","2025-02-01","annual","Too expensive","Starter Plus","starter",19.00
1175,"Nexus Studio","Marketing","large","US","America/Los_Angeles",1802,"active",7,199.00,"2025-02-01",NULL,"monthly",NULL,"Enterprise Custom","enterprise",199.00
1176,"Xenon Group","Marketing","enterprise","SG","Asia/Singapore",1803,"expired",1,0.00,"2025-02-28","2025-05-03","monthly",NULL,"Free","free",0.00
1176,"Xenon Group","Marketing","enterprise","SG","Asia/Singapore",1804,"cancelled",1,0.00,"2025-05-03","2025-09-12","annual","Too expensive","Free","free",0.00
1176,"Xenon Group","Marketing","enterprise","SG","Asia/Singapore",1805,"active",5,49.17,"2025-09-12",NULL,"annual",NULL,"Professional Plus","professional",59.00
1177,"AcmeCloud","Consulting","large","FR","Europe/Paris",1806,"expired",1,0.00,"2024-03-09","2024-06-03","annual",NULL,"Free","free",0.00
1177,"AcmeCloud","Consulting","large","FR","Europe/Paris",1807,"expired",3,15.83,"2024-06-03","2025-03-17","annual","Missing features","Starter Plus","starter",19.00
1177,"AcmeCloud","Consulting","large","FR","Europe/Paris",1808,"active",6,82.50,"2025-03-17",NULL,"annual",NULL,"Enterprise","enterprise",99.00
1178,"ZenTech","Media","medium","US","America/New_York",1809,"cancelled",1,0.00,"2025-04-06","2025-10-18","monthly","Company reorganization","Free","free",0.00
1179,"HubDigital","Marketing","large","JP","Asia/Tokyo",1810,"expired",2,9.00,"2025-09-13","2025-11-13","annual","Switched competitor","Starter","starter",12.00
1179,"HubDigital","Marketing","large","JP","Asia/Tokyo",1811,"active",5,59.00,"2025-11-13",NULL,"monthly",NULL,"Professional Plus","professional",59.00
1180,"Core Hub","Education","small","US","America/Los_Angeles",1812,"active",1,0.00,"2025-07-30",NULL,"monthly",NULL,"Free","free",0.00
1181,"QuestPro","Legal","enterprise","SG","Asia/Singapore",1813,"cancelled",2,10.00,"2024-01-22","2025-06-14","annual","Not using it","Starter","starter",12.00
1182,"RushSystems","Technology","medium","SG","Asia/Singapore",1814,"cancelled",2,12.00,"2023-11-28","2024-06-23","monthly","Company reorganization","Starter","starter",12.00
1182,"RushSystems","Technology","medium","SG","Asia/Singapore",1815,"cancelled",2,8.50,"2024-06-23","2025-05-23","annual","Too expensive","Starter","starter",12.00
1183,"QuestAI","Education","large","AU","Australia/Sydney",1816,"active",5,44.25,"2023-11-18",NULL,"annual",NULL,"Professional Plus","professional",59.00
1184,"Edge Solutions","Telecommunications","large","SG","Asia/Singapore",1817,"active",2,8.00,"2024-08-02",NULL,"annual",NULL,"Starter","starter",12.00
1185,"LunaAI","Technology","enterprise","US","America/Los_Angeles",1818,"active",3,15.83,"2025-06-06",NULL,"annual",NULL,"Starter Plus","starter",19.00
1186,"Meta Ventures","E-commerce","enterprise","FR","Europe/Paris",1819,"active",3,19.00,"2024-08-02",NULL,"monthly",NULL,"Starter Plus","starter",19.00
1187,"Mist Hub","Finance","small","CA","America/Toronto",1820,"cancelled",3,15.83,"2024-07-01","2024-09-17","annual","Too expensive","Starter Plus","starter",19.00
1187,"Mist Hub","Finance","small","CA","America/Toronto",1821,"active",2,10.00,"2024-09-17",NULL,"annual",NULL,"Starter","starter",12.00
1188,"WavePlatform","Telecommunications","small","SG","Asia/Singapore",1822,"cancelled",3,19.00,"2024-09-09","2025-08-04","monthly",NULL,"Starter Plus","starter",19.00
1189,"Cloud Solutions","Healthcare","medium","US","America/Chicago",1823,"active",5,59.00,"2023-10-17",NULL,"monthly",NULL,"Professional Plus","professional",59.00
1190,"Ion Corp","Media","medium","AU","Australia/Sydney",1824,"active",6,74.25,"2024-08-09",NULL,"annual",NULL,"Enterprise","enterprise",99.00
1191,"WaveWorks","Consulting","small","US","America/New_York",1825,"active",2,8.50,"2025-09-12",NULL,"annual",NULL,"Starter","starter",12.00
1192,"LinkHQ","Finance","small","IN","Asia/Kolkata",1826,"active",2,12.00,"2023-08-29",NULL,"monthly",NULL,"Starter","starter",12.00
1193,"KeenHub","Manufacturing","small","DE","Europe/Berlin",1827,"cancelled",1,0.00,"2025-06-14","2025-10-23","monthly","Missing features","Free","free",0.00
1193,"KeenHub","Manufacturing","small","DE","Europe/Berlin",1828,"active",3,15.83,"2025-10-23",NULL,"annual",NULL,"Starter Plus","starter",19.00
1194,"Edge Cloud","Real Estate","small","AU","Australia/Sydney",1829,"active",2,12.00,"2025-08-25",NULL,"monthly",NULL,"Starter","starter",12.00
1195,"Link Works","Media","medium","US","America/Los_Angeles",1830,"active",1,0.00,"2024-06-29",NULL,"annual",NULL,"Free","free",0.00
1196,"Acme Hub","Real Estate","medium","US","America/Los_Angeles",1831,"cancelled",1,0.00,"2023-11-05","2024-06-04","annual","Not using it","Free","free",0.00
1196,"Acme Hub","Real Estate","medium","US","America/Los_Angeles",1832,"active",5,59.00,"2024-06-04",NULL,"monthly",NULL,"Professional Plus","professional",59.00
1197,"Cloud Cloud","Education","medium","AU","Australia/Sydney",1833,"cancelled",3,15.83,"2023-02-25","2024-02-18","annual","Not using it","Starter Plus","starter",19.00
1197,"Cloud Cloud","Education","medium","AU","Australia/Sydney",1834,"active",2,12.00,"2024-02-18",NULL,"monthly",NULL,"Starter","starter",12.00
1198,"NovaPro","Marketing","enterprise","AU","Australia/Sydney",1835,"active",1,0.00,"2023-12-12",NULL,"annual",NULL,"Free","free",0.00
1199,"FlowVentures","Healthcare","small","FR","Europe/Paris",1836,"expired",3,11.88,"2023-08-15","2024-05-26","annual","Budget cuts","Starter Plus","starter",19.00
1199,"FlowVentures","Healthcare","small","FR","Europe/Paris",1837,"cancelled",3,15.83,"2024-05-26","2024-08-25","annual",NULL,"Starter Plus","starter",19.00
1200,"Arc Solutions","Telecommunications","large","FR","Europe/Paris",1838,"expired",1,0.00,"2023-09-29","2024-03-03","monthly","Not using it","Free","free",0.00
1200,"Arc Solutions","Telecommunications","large","FR","Europe/Paris",1839,"cancelled",5,53.10,"2024-03-03","2024-11-25","monthly","Too expensive","Professional Plus","professional",59.00
1200,"Arc Solutions","Telecommunications","large","FR","Europe/Paris",1840,"active",3,19.00,"2024-11-25",NULL,"monthly",NULL,"Starter Plus","starter",19.00
1201,"Acme Labs ","Technology","medium","US","America/New_York",NULL,NULL,NULL,NULL,NULL,NULL,NULL,NULL,NULL,NULL,NULL
1203,"Unknown Corp",NULL,NULL,NULL,NULL,NULL,NULL,NULL,NULL,NULL,NULL,NULL,NULL,NULL,NULL,NULL
1202,"AcmeLabs","Technology","medium","US","America/New_York",NULL,NULL,NULL,NULL,NULL,NULL,NULL,NULL,NULL,NULL,NULL
1204,"",NULL,NULL,NULL,NULL,NULL,NULL,NULL,NULL,NULL,NULL,NULL,NULL,NULL,NULL,NULL
