"ticket_id","customer_id","member_id","category","priority","status","subject","created_at","first_response_at","resolved_at","satisfaction_score","escalated","tags"
1,518,6603,"data_export","high","open","Account merge request","2025-05-19 03:43:53",NULL,NULL,NULL,True,NULL
2,810,NULL,"technical","medium","closed","Custom workflow automation broken","2025-09-22 07:22:01","2025-09-25 00:22:01","2025-09-27 07:22:01",4,False,"training,onboarding,gdpr"
3,1080,NULL,"onboarding","high","in_progress","Need help with API authentication","2025-10-29 11:11:29","2025-10-29 21:11:29",NULL,NULL,False,"integration"
4,1009,NULL,"technical","medium","open","Time tracking sync issues","2025-02-03 09:09:03",NULL,NULL,NULL,False,"onboarding,bug,security,integration"
5,840,NULL,"technical","medium","waiting_on_customer","SSO configuration help needed","2024-04-03 13:09:04","2024-04-03 20:09:04",NULL,NULL,False,NULL
6,1186,NULL,"feature_request","medium","resolved","Slow loading on project boards","2025-01-10 21:00:19","2025-01-13 08:00:19","2025-01-17 07:00:19",NULL,False,"performance"
7,490,6234,"technical","low","open","API rate limiting issues","2025-08-31 23:38:34",NULL,NULL,NULL,False,"integration, gdpr, documentation"
8,294,3951,"performance","medium","resolved","Export failing for large datasets","2025-09-07 08:38:29","2025-09-09 08:38:29","2025-09-09 22:38:29",NULL,False,"enterprise;bug;performance;technical;enterprise"
9,166,2446,"account","high","in_progress","Time tracking sync issues","2025-10-14 09:58:39","2025-10-14 21:58:39",NULL,NULL,False,"migration;gdpr;security"
10,1132,NULL,"security","medium","resolved","Permission settings not saving","2025-05-18 23:21:39","2025-05-20 03:21:39","2025-05-20 14:21:39",2,False,"gdpr;export"
11,775,NULL,"technical","low","waiting_on_customer","Cannot downgrade plan","2024-01-22 15:31:34","2024-01-25 15:31:34",NULL,NULL,False,"training , export , onboarding"
12,394,5019,"data_export","low","resolved","Need help with API authentication","2025-10-26 20:05:22","2025-10-29 17:05:22","2025-11-05 15:05:22",5,False,"training"
13,396,5055,"technical","medium","open","Custom workflow automation broken","2025-04-30 23:24:52",NULL,NULL,NULL,False,"enterprise , mobile , urgent , bug"
14,1145,NULL,"security","high","in_progress","Account merge request","2025-04-21 04:07:44","2025-04-21 07:07:44",NULL,NULL,False,"mobile;onboarding;export;migration"
15,128,1915,"billing","medium","waiting_on_customer","Need help with API authentication","2025-03-21 01:28:30","2025-03-21 19:28:30",NULL,NULL,False,"training"
16,899,NULL,"performance","medium","waiting_on_customer","SSO configuration help needed","2024-05-26 11:44:44","2024-05-26 13:44:44",NULL,NULL,False,NULL
17,222,3164,"feature_request","medium","in_progress","Export failing for large datasets","2025-08-03 09:51:49","2025-08-04 00:51:49",NULL,NULL,False,"feature , integration , ux , billing"
18,616,7839,"account","critical","resolved","Integration with Slack not working","2025-05-21 17:06:41","2025-05-21 18:46:41","2025-05-24 20:46:41",4,True,NULL
19,425,5400,"account","medium","resolved","Need to add more team members","2025-09-13 22:02:46","2025-09-16 11:02:46","2025-09-22 17:02:46",NULL,False,"feature;documentation;technical"
20,1175,NULL,"technical","critical","open","Data import from CSV failing","2023-07-10 06:50:23",NULL,NULL,NULL,False,"billing , technical , billing"
21,104,1500,"integration","high","in_progress","API rate limiting issues","2023-09-19 16:02:06","2023-09-19 22:02:06",NULL,NULL,False,"migration"
22,29,579,"integration","medium","in_progress","Cannot login to dashboard","2025-04-14 13:05:24","2025-04-15 21:05:24",NULL,NULL,False,"sso, integration, training, feature"
23,173,2548,"api","medium","in_progress","Integration with Slack not working","2024-12-18 11:43:44","2024-12-19 17:43:44",NULL,NULL,False,"api"
24,1003,NULL,"technical","high","resolved","API rate limiting issues","2025-01-04 00:55:21","2025-01-04 03:55:21","2025-01-10 01:55:21",3,False,"onboarding , export , ux , mobile"
25,815,NULL,"performance","medium","resolved","Duplicate notifications being sent","2023-07-25 12:17:02","2023-07-28 11:17:02","2023-07-29 19:17:02",NULL,False,"api, billing, feature, migration"
26,678,NULL,"technical","high","closed","Account merge request","2025-05-21 21:36:36","2025-05-22 03:36:36","2025-05-25 00:36:36",5,False,"training , technical , onboarding"
27,771,NULL,"technical","critical","closed","GDPR data export request","2024-03-02 23:05:20","2024-03-03 00:48:20","2024-03-09 09:48:20",4,True,NULL
28,360,4614,"billing","high","waiting_on_customer","Slow loading on project boards","2025-03-20 18:30:54","2025-03-20 22:30:54",NULL,NULL,False,"onboarding;security;billing"
29,141,2092,"billing","medium","in_progress","SSO configuration help needed","2025-07-25 17:40:39","2025-07-27 20:40:39",NULL,NULL,False,NULL
30,215,3114,"integration","low","waiting_on_customer","Report generation timeout","2025-01-26 07:19:45","2025-01-27 17:19:45",NULL,NULL,False,"sso"
31,1089,NULL,"account","high","resolved","Feature request: dark mode","2025-01-28 07:21:59","2025-01-28 18:21:59","2025-02-01 15:21:59",5,False,"sso;enterprise;migration;integration"
32,649,8412,"performance","high","resolved","Report generation timeout","2024-04-12 13:02:43","2024-04-12 18:02:43","2024-04-16 21:02:43",3,False,"feature, mobile, training"
33,603,7741,"api","medium","waiting_on_customer","Cannot login to dashboard","2025-05-14 23:42:39","2025-05-15 09:42:39",NULL,NULL,False,NULL
34,463,6012,"billing","critical","closed","Duplicate notifications being sent","2025-10-07 17:34:26","2025-10-07 19:05:26","2025-10-10 00:05:26",5,False,"ux, enterprise"
35,1179,NULL,"api","low","resolved","Data import from CSV failing","2025-10-02 05:14:31","2025-10-02 21:14:31","2025-10-06 04:14:31",NULL,False,"sso , mobile , integration , technical"
36,933,NULL,"security","low","in_progress","Webhook delivery failures","2025-06-25 20:01:22","2025-06-26 03:01:22",NULL,NULL,False,"training"
37,620,7878,"performance","critical","resolved","Billing discrepancy on latest invoice","2025-05-27 10:31:43","2025-05-27 11:56:43","2025-05-31 07:56:43",NULL,True,"gdpr"
38,93,1419,"feature_request","medium","resolved","Data import from CSV failing","2024-08-08 01:49:27","2024-08-09 07:49:27","2024-08-12 10:49:27",4,False,"api"
39,45,770,"data_export","low","waiting_on_customer","Audit log access denied","2024-10-03 10:42:03","2024-10-06 09:42:03",NULL,NULL,False,NULL
40,319,4152,"onboarding","high","closed","Report generation timeout","2025-01-17 16:38:42","2025-01-17 17:38:42","2025-01-20 17:38:42",NULL,True,"export , bug , enterprise , api"
41,62,1026,"billing","low","waiting_on_customer","White label logo not displaying","2025-09-03 13:03:49","2025-09-05 06:03:49",NULL,NULL,False,"security , billing , training , urgent , security"
42,210,3030,"technical","low","waiting_on_customer","Duplicate notifications being sent","2025-08-07 19:56:53","2025-08-10 13:56:53",NULL,NULL,False,"performance, enterprise, mobile, migration"
43,1089,NULL,"security","low","open","Integration with Slack not working","2024-10-05 04:08:51",NULL,NULL,NULL,False,"urgent,migration,enterprise,billing"
44,980,NULL,"technical","critical","resolved","Account merge request","2025-07-17 16:42:24","2025-07-17 18:19:24","2025-07-18 11:19:24",NULL,True,"migration,ux,bug"
45,106,1552,"integration","high","resolved","Mobile app crashes on Android","2024-12-04 19:56:50","2024-12-04 21:56:50","2024-12-09 15:56:50",4,False,"gdpr , training , export , ux"
46,289,3931,"feature_request","medium","in_progress","Export failing for large datasets","2025-04-28 17:37:48","2025-04-29 07:37:48",NULL,NULL,False,"integration"
47,55,912,"technical","high","in_progress","Report generation timeout","2025-01-08 08:12:04","2025-01-08 15:12:04",NULL,NULL,False,"urgent, gdpr, security"
48,1013,NULL,"technical","critical","in_progress","Mobile app crashes on Android","2024-05-20 05:55:14","2024-05-20 06:57:14",NULL,NULL,False,"export , enterprise , ux , api"
49,555,7099,"performance","medium","in_progress","Feature request: dark mode","2025-01-15 20:09:57","2025-01-17 22:09:57",NULL,NULL,False,"performance"
50,203,2887,"performance","low","open","Mobile app crashes on Android","2025-10-24 04:49:28",NULL,NULL,NULL,False,NULL
51,1051,NULL,"security","medium","closed","Account merge request","2024-12-11 16:16:50","2024-12-12 19:16:50","2024-12-13 05:16:50",4,False,NULL
52,544,6919,"performance","high","closed","Cannot downgrade plan","2025-04-08 03:51:53","2025-04-08 11:51:53","2025-04-11 06:51:53",3,False,"billing;export"
53,381,4837,"onboarding","high","resolved","Data import from CSV failing","2025-07-01 07:12:26","2025-07-01 15:12:26","2025-07-07 16:12:26",1,False,"migration;urgent"
54,3,29,"billing","critical","waiting_on_customer","Webhook delivery failures","2023-11-18 15:01:56","2023-11-18 15:34:56",NULL,NULL,False,NULL
55,843,NULL,"feature_request","low","in_progress","Billing discrepancy on latest invoice","2024-06-26 07:45:13","2024-06-29 07:45:13",NULL,NULL,False,NULL
56,401,5105,"onboarding","medium","waiting_on_customer","Duplicate notifications being sent","2025-09-07 05:50:36","2025-09-09 22:50:36",NULL,NULL,False,"api;bug;enterprise;billing"
57,1017,NULL,"integration","medium","closed","GDPR data export request","2025-01-22 22:51:43","2025-01-23 22:51:43","2025-01-27 03:51:43",NULL,False,"documentation, ux, api"
58,8,111,"onboarding","low","closed","Duplicate notifications being sent","2024-06-15 00:57:58","2024-06-17 13:57:58","2024-06-22 09:57:58",5,False,"urgent,api"
59,545,6930,"api","low","in_progress","SSO configuration help needed","2025-04-21 10:59:29","2025-04-24 03:59:29",NULL,NULL,False,"ux , onboarding , performance"
60,83,1291,"data_export","low","resolved","White label logo not displaying","2024-06-21 06:58:22","2024-06-24 04:58:22","2024-06-30 06:58:22",3,False,"training"
61,769,NULL,"api","medium","in_progress","Mobile app crashes on Android","2024-12-14 06:06:54","2024-12-14 14:06:54",NULL,NULL,False,"onboarding,ux,gdpr"
62,440,5607,"billing","high","open","Cannot login to dashboard","2024-03-10 18:44:36",NULL,NULL,NULL,False,NULL
63,739,NULL,"api","low","resolved","Slow loading on project boards","2024-10-09 15:29:46","2024-10-10 10:29:46","2024-10-14 11:29:46",4,False,"security, api, documentation"
64,982,NULL,"billing","high","in_progress","Billing discrepancy on latest invoice","2024-09-29 01:14:30","2024-09-29 12:14:30",NULL,NULL,False,"sso,feature,ux,migration"
65,475,6075,"technical","medium","resolved","Webhook delivery failures","2025-07-27 18:12:56","2025-07-28 17:12:56","2025-08-04 13:12:56",4,False,NULL
66,645,8357,"security","high","resolved","Audit log access denied","2025-10-27 08:56:04","2025-10-27 14:56:04","2025-10-29 00:56:04",5,True,"urgent"
67,167,2455,"performance","medium","open","Billing discrepancy on latest invoice","2025-10-09 12:37:38",NULL,NULL,NULL,False,NULL
68,654,8429,"account","medium","waiting_on_customer","Permission settings not saving","2025-04-02 19:02:50","2025-04-04 23:02:50",NULL,NULL,False,"billing;documentation;sso"
69,947,NULL,"data_export","medium","waiting_on_customer","Duplicate notifications being sent","2024-04-17 06:42:01","2024-04-19 07:42:01",NULL,NULL,False,"technical,documentation,billing,technical"
70,512,6504,"data_export","high","waiting_on_customer","Data import from CSV failing","2024-02-11 13:30:43","2024-02-11 22:30:43",NULL,NULL,False,"documentation,export,sso,technical"
71,729,NULL,"billing","low","closed","Cannot login to dashboard","2025-10-04 00:22:17","2025-10-05 12:22:17","2025-10-09 17:22:17",3,False,"bug , api , migration"
72,266,3703,"api","medium","resolved","Custom workflow automation broken","2024-08-29 21:37:52","2024-09-01 20:37:52","2024-09-08 09:37:52",4,False,"onboarding , documentation , performance"
73,168,2463,"integration","medium","resolved","White label logo not displaying","2025-06-19 20:36:40","2025-06-22 09:36:40","2025-06-26 10:36:40",4,False,"technical"
74,167,2457,"feature_request","high","in_progress","Audit log access denied","2025-08-19 04:51:58","2025-08-19 14:51:58",NULL,NULL,False,"performance"
75,253,3539,"account","medium","open","SSO configuration help needed","2025-04-06 09:28:02",NULL,NULL,NULL,False,"billing"
76,836,NULL,"integration","medium","open","Data import from CSV failing","2025-10-01 11:54:36",NULL,NULL,NULL,False,"performance , migration , enterprise"
77,925,NULL,"billing","low","in_progress","Cannot login to dashboard","2025-05-26 21:09:23","2025-05-27 11:09:23",NULL,NULL,False,NULL
78,1,1,"onboarding","low","resolved","Time tracking sync issues","2024-11-28 09:13:22","2024-11-30 21:13:22","2024-12-01 01:13:22",2,False,"technical, training"
79,720,NULL,"feature_request","low","closed","SSO configuration help needed","2025-07-09 05:43:06","2025-07-10 10:43:06","2025-07-13 00:43:06",1,False,"sso, mobile, billing, migration"
80,258,3581,"performance","high","in_progress","Billing discrepancy on latest invoice","2024-04-10 21:58:42","2024-04-10 23:58:42",NULL,NULL,False,"training;feature;mobile;training"
81,412,5204,"api","critical","open","Billing discrepancy on latest invoice","2025-10-13 09:11:22",NULL,NULL,NULL,False,"security"
82,1081,NULL,"billing","medium","resolved","GDPR data export request","2025-10-29 18:40:17","2025-10-31 15:40:17","2025-11-02 06:40:17",3,False,"api;billing;enterprise"
83,917,NULL,"technical","medium","waiting_on_customer","Account merge request","2024-11-04 03:41:00","2024-11-06 07:41:00",NULL,NULL,False,NULL
84,323,4182,"integration","low","closed","White label logo not displaying","2024-10-04 04:09:12","2024-10-06 22:09:12","2024-10-08 10:09:12",2,False,NULL
85,330,4218,"feature_request","low","in_progress","Data import from CSV failing","2025-10-30 07:21:07","2025-10-31 13:21:07",NULL,NULL,False,NULL
86,882,NULL,"api","critical","open","Duplicate notifications being sent","2025-02-13 18:00:25",NULL,NULL,NULL,False,"bug, performance"
87,1003,NULL,"api","medium","open","Custom workflow automation broken","2025-05-04 18:51:25",NULL,NULL,NULL,False,"sso, security"
88,408,5175,"account","low","in_progress","Gantt chart not rendering correctly","2025-08-27 02:25:20","2025-08-27 09:25:20",NULL,NULL,False,"integration,mobile,feature,performance"
89,209,3004,"feature_request","low","open","Permission settings not saving","2025-04-14 14:14:42",NULL,NULL,NULL,False,"onboarding,technical,integration,export"
90,1100,NULL,"technical","medium","waiting_on_customer","Custom workflow automation broken","2024-05-27 21:33:36","2024-05-29 06:33:36",NULL,NULL,False,"technical,urgent"
91,160,2339,"integration","high","in_progress","API rate limiting issues","2025-02-22 12:23:54","2025-02-22 22:23:54",NULL,NULL,False,"billing"
92,1072,NULL,"security","medium","resolved","Permission settings not saving","2025-03-17 10:03:03","2025-03-19 14:03:03","2025-03-19 17:03:03",2,False,"mobile, ux, urgent, integration"
93,392,4947,"security","high","waiting_on_customer","Feature request: dark mode","2024-01-08 05:35:42","2024-01-08 17:35:42",NULL,NULL,False,NULL
94,840,NULL,"technical","high","open","Integration with Slack not working","2025-07-06 14:50:59",NULL,NULL,NULL,False,"migration , mobile"
95,518,6596,"integration","medium","resolved","Feature request: dark mode","2023-05-12 00:38:52","2023-05-13 02:38:52","2023-05-14 16:38:52",5,False,"billing"
96,1197,NULL,"security","low","resolved","Duplicate notifications being sent","2024-06-19 03:11:07","2024-06-19 18:11:07","2024-06-25 16:11:07",4,False,"feature,onboarding"
97,310,4103,"data_export","medium","resolved","Audit log access denied","2024-11-04 19:08:16","2024-11-07 04:08:16","2024-11-11 13:08:16",NULL,False,NULL
98,784,NULL,"data_export","medium","waiting_on_customer","SSO configuration help needed","2023-11-11 10:18:29","2023-11-13 10:18:29",NULL,NULL,False,"technical"
99,722,NULL,"feature_request","low","closed","Custom workflow automation broken","2024-12-25 14:29:00","2024-12-28 09:29:00","2024-12-29 01:29:00",4,False,"technical"
100,304,4046,"performance","low","open","Report generation timeout","2023-11-26 18:30:46",NULL,NULL,NULL,False,"sso, billing, gdpr"
101,644,8334,"billing","low","resolved","Need to add more team members","2025-02-25 14:46:34","2025-02-28 09:46:34","2025-02-28 18:46:34",3,False,"documentation,onboarding,security,performance"
102,17,367,"data_export","high","closed","GDPR data export request","2025-06-10 20:10:18","2025-06-11 00:10:18","2025-06-12 09:10:18",4,False,"urgent"
103,598,7721,"data_export","high","resolved","Cannot login to dashboard","2025-10-20 09:52:58","2025-10-20 18:52:58","2025-10-25 06:52:58",5,False,"gdpr, onboarding, training, bug"
104,412,5206,"performance","low","in_progress","API rate limiting issues","2025-10-21 04:05:58","2025-10-23 15:05:58",NULL,NULL,False,"technical,migration,api,bug"
105,539,6851,"billing","high","waiting_on_customer","Audit log access denied","2024-10-23 02:25:44","2024-10-23 05:25:44",NULL,NULL,True,NULL
106,775,NULL,"integration","medium","waiting_on_customer","Need to add more team members","2023-12-31 15:34:56","2024-01-03 03:34:56",NULL,NULL,False,"training,technical"
107,1081,NULL,"account","medium","waiting_on_customer","API rate limiting issues","2024-05-06 07:07:37","2024-05-07 08:07:37",NULL,NULL,False,"enterprise, integration, performance, api"
108,751,NULL,"api","medium","in_progress","Account merge request","2024-09-10 22:35:09","2024-09-13 02:35:09",NULL,NULL,False,"security, urgent, migration, ux, security"
109,1036,NULL,"integration","medium","resolved","Gantt chart not rendering correctly","2025-07-28 23:02:12","2025-07-31 23:02:12","2025-08-03 09:02:12",3,False,"ux,sso,billing"
110,538,6841,"api","medium","waiting_on_customer","Gantt chart not rendering correctly","2023-08-12 12:47:12","2023-08-12 14:47:12",NULL,NULL,False,"technical"
111,545,6931,"security","low","resolved","Slow loading on project boards","2024-02-17 05:55:33","2024-02-18 16:55:33","2024-02-21 12:55:33",1,False,"security,migration,performance"
112,424,5386,"performance","low","in_progress","Account merge request","2024-03-05 05:48:51","2024-03-07 13:48:51",NULL,NULL,False,"feature, training, feature"
113,378,4814,"account","low","open","GDPR data export request","2025-07-07 13:12:33",NULL,NULL,NULL,False,"migration , security , technical"
114,423,5370,"technical","medium","open","Cannot login to dashboard","2023-12-10 11:29:59",NULL,NULL,NULL,False,"technical,security,gdpr,migration"
115,865,NULL,"technical","medium","waiting_on_customer","Time tracking sync issues","2025-09-21 00:12:54","2025-09-23 07:12:54",NULL,NULL,False,"ux"
116,919,NULL,"integration","medium","in_progress","Gantt chart not rendering correctly","2023-12-09 11:42:32","2023-12-10 12:42:32",NULL,NULL,False,NULL
117,974,NULL,"performance","critical","waiting_on_customer","Report generation timeout","2024-09-15 09:56:24","2024-09-15 11:24:24",NULL,NULL,False,"security, export, urgent"
118,1012,NULL,"onboarding","low","in_progress","Data import from CSV failing","2023-08-18 10:41:00","2023-08-21 08:41:00",NULL,NULL,False,NULL
119,455,5829,"onboarding","low","waiting_on_customer","SSO configuration help needed","2025-10-11 08:22:33","2025-10-13 03:22:33",NULL,NULL,False,"billing;migration"
120,49,805,"billing","low","waiting_on_customer","Slow loading on project boards","2025-02-08 02:52:21","2025-02-08 15:52:21",NULL,NULL,False,NULL
121,939,NULL,"integration","low","resolved","Report generation timeout","2025-06-02 14:35:46","2025-06-04 07:35:46","2025-06-09 12:35:46",5,False,NULL
122,104,1522,"account","high","waiting_on_customer","Account merge request","2025-01-23 17:40:08","2025-01-24 02:40:08",NULL,NULL,True,"urgent , export , integration , feature"
123,543,6907,"feature_request","low","resolved","Gantt chart not rendering correctly","2025-07-04 19:22:25","2025-07-05 11:22:25","2025-07-12 10:22:25",5,False,"urgent;api;export;bug"
124,707,NULL,"account","low","closed","Account merge request","2023-05-11 23:58:58","2023-05-14 07:58:58","2023-05-15 13:58:58",NULL,False,NULL
125,953,NULL,"api","low","open","API rate limiting issues","2024-05-22 11:16:55",NULL,NULL,NULL,False,"onboarding, feature, urgent, api"
126,118,1692,"data_export","medium","open","Mobile app crashes on Android","2025-01-09 06:42:07",NULL,NULL,NULL,False,"onboarding"
127,208,2973,"technical","medium","in_progress","GDPR data export request","2025-08-19 13:46:06","2025-08-22 10:46:06",NULL,NULL,False,NULL
128,1021,NULL,"feature_request","critical","open","GDPR data export request","2023-10-11 02:26:00",NULL,NULL,NULL,True,NULL
129,397,5061,"security","high","open","Duplicate notifications being sent","2025-05-29 03:35:36",NULL,NULL,NULL,False,"export , performance , enterprise , bug"
130,368,4711,"account","high","closed","Gantt chart not rendering correctly","2024-10-12 22:41:41","2024-10-13 10:41:41","2024-10-16 14:41:41",NULL,False,"bug"
131,777,NULL,"api","low","waiting_on_customer","API rate limiting issues","2025-02-11 16:48:43","2025-02-14 05:48:43",NULL,NULL,False,"feature, mobile"
132,270,3749,"api","low","closed","White label logo not displaying","2024-01-11 16:32:23","2024-01-13 20:32:23","2024-01-18 18:32:23",4,False,NULL
133,734,NULL,"account","critical","closed","Billing discrepancy on latest invoice","2023-10-29 07:40:36","2023-10-29 09:04:36","2023-10-30 11:04:36",2,False,"feature,performance"
134,728,NULL,"account","critical","closed","GDPR data export request","2025-08-14 14:27:07","2025-08-14 15:54:07","2025-08-14 23:54:07",NULL,False,NULL
135,1130,NULL,"feature_request","medium","in_progress","Report generation timeout","2025-05-29 19:58:56","2025-05-31 07:58:56",NULL,NULL,False,NULL
136,685,NULL,"billing","low","resolved","Custom workflow automation broken","2024-11-15 04:35:52","2024-11-17 02:35:52","2024-11-18 19:35:52",3,False,"performance"
137,326,4193,"account","low","waiting_on_customer","Slow loading on project boards","2025-10-16 14:29:02","2025-10-18 08:29:02",NULL,NULL,False,"export,security"
138,69,1079,"billing","low","open","Mobile app crashes on Android","2025-01-10 10:16:27",NULL,NULL,NULL,False,NULL
139,309,4100,"data_export","critical","waiting_on_customer","Billing discrepancy on latest invoice","2024-10-17 07:00:50","2024-10-17 08:14:50",NULL,NULL,False,"gdpr"
140,976,NULL,"technical","medium","resolved","Slow loading on project boards","2025-01-31 04:52:15","2025-02-02 00:52:15","2025-02-05 19:52:15",2,False,"integration, integration"
141,645,8360,"performance","low","closed","Gantt chart not rendering correctly","2025-06-28 23:51:43","2025-07-01 10:51:43","2025-07-02 11:51:43",5,False,"documentation,documentation"
142,978,NULL,"performance","medium","resolved","Cannot login to dashboard","2024-07-29 02:27:39","2024-08-01 01:27:39","2024-08-05 10:27:39",NULL,False,"migration , performance , billing , enterprise"
143,1084,NULL,"api","medium","resolved","Need help with API authentication","2025-08-06 21:40:31","2025-08-08 23:40:31","2025-08-09 21:40:31",3,False,"export , onboarding , billing , mobile"
144,1049,NULL,"account","medium","closed","SSO configuration help needed","2025-06-19 07:10:27","2025-06-22 03:10:27","2025-06-25 08:10:27",5,False,"urgent"
145,152,2189,"feature_request","low","in_progress","Need to add more team members","2025-10-06 03:56:05","2025-10-06 23:56:05",NULL,NULL,False,"ux,bug"
146,940,NULL,"billing","low","open","GDPR data export request","2023-08-24 12:35:52",NULL,NULL,NULL,False,"mobile , security , export , mobile"
147,726,NULL,"account","low","open","Cannot downgrade plan","2025-06-07 13:27:13",NULL,NULL,NULL,False,"api;feature;mobile"
148,963,NULL,"api","high","open","White label logo not displaying","2025-08-16 14:26:58",NULL,NULL,NULL,False,NULL
149,690,NULL,"technical","medium","in_progress","GDPR data export request","2024-08-07 16:22:05","2024-08-09 07:22:05",NULL,NULL,False,"ux;export;billing;performance"
150,795,NULL,"data_export","critical","open","Data import from CSV failing","2023-03-06 07:22:38",NULL,NULL,NULL,False,"ux , performance , integration"
151,1002,NULL,"technical","medium","open","Time tracking sync issues","2025-03-02 00:52:29",NULL,NULL,NULL,False,"feature,security,onboarding,ux,feature"
152,882,NULL,"onboarding","low","in_progress","Time tracking sync issues","2025-01-03 18:47:48","2025-01-06 06:47:48",NULL,NULL,False,"feature , gdpr , training , documentation"
153,276,3804,"technical","medium","resolved","Account merge request","2024-06-28 20:40:42","2024-07-01 00:40:42","2024-07-06 15:40:42",NULL,False,"export"
154,207,2939,"onboarding","medium","open","Mobile app crashes on Android","2024-11-19 15:34:29",NULL,NULL,NULL,False,NULL
155,147,2147,"account","medium","resolved","Cannot downgrade plan","2024-03-08 09:16:55","2024-03-08 17:16:55","2024-03-10 16:16:55",3,False,"sso , integration"
156,1161,NULL,"feature_request","high","in_progress","Time tracking sync issues","2024-12-21 13:43:40","2024-12-21 22:43:40",NULL,NULL,False,"onboarding;sso;training"
157,1158,NULL,"account","low","waiting_on_customer","Mobile app crashes on Android","2025-08-19 16:15:51","2025-08-20 13:15:51",NULL,NULL,False,"training , technical"
158,489,6230,"billing","critical","in_progress","Audit log access denied","2025-10-17 10:56:28","2025-10-17 11:55:28",NULL,NULL,False,"integration, enterprise, api"
159,864,NULL,"integration","low","in_progress","Permission settings not saving","2025-07-17 21:43:31","2025-07-19 17:43:31",NULL,NULL,False,"enterprise"
160,908,NULL,"integration","low","open","Custom workflow automation broken","2024-09-30 00:18:40",NULL,NULL,NULL,False,"migration;bug;training"
161,214,3100,"technical","critical","closed","API rate limiting issues","2024-01-16 04:39:32","2024-01-16 06:37:32","2024-01-20 14:37:32",3,False,"api, bug"
162,611,7812,"account","medium","in_progress","API rate limiting issues","2025-08-09 23:04:03","2025-08-10 23:04:03",NULL,NULL,False,"ux;integration;ux"
163,403,5141,"security","low","in_progress","Feature request: dark mode","2025-06-30 06:55:47","2025-07-02 13:55:47",NULL,NULL,False,"onboarding"
164,742,NULL,"account","medium","open","Export failing for large datasets","2024-09-15 10:25:24",NULL,NULL,NULL,False,"mobile;performance"
165,378,4814,"account","medium","waiting_on_customer","Integration with Slack not working","2025-10-25 05:30:42","2025-10-27 06:30:42",NULL,NULL,False,"technical;onboarding;training;sso"
166,234,3308,"billing","low","closed","Permission settings not saving","2025-04-12 00:31:04","2025-04-14 09:31:04","2025-04-18 09:31:04",NULL,False,NULL
167,89,1363,"security","low","resolved","Cannot downgrade plan","2025-10-19 07:41:00","2025-10-20 13:41:00","2025-10-26 02:41:00",2,False,"integration, technical, training"
168,1118,NULL,"api","medium","open","Report generation timeout","2025-07-23 03:23:58",NULL,NULL,NULL,False,NULL
169,200,2876,"api","low","resolved","White label logo not displaying","2024-10-18 04:40:36","2024-10-18 11:40:36","2024-10-21 15:40:36",5,False,NULL
170,1046,NULL,"performance","low","in_progress","Permission settings not saving","2025-09-05 22:33:58","2025-09-08 16:33:58",NULL,NULL,False,"gdpr"
171,119,1702,"feature_request","medium","resolved","Time tracking sync issues","2023-12-20 02:36:43","2023-12-21 11:36:43","2023-12-24 13:36:43",5,False,"training;enterprise"
172,337,4307,"security","high","in_progress","Cannot downgrade plan","2025-10-24 09:21:11","2025-10-24 16:21:11",NULL,NULL,False,"training, feature, migration"
173,423,5352,"data_export","high","in_progress","Export failing for large datasets","2024-02-27 22:36:07","2024-02-28 03:36:07",NULL,NULL,False,"documentation, training, performance"
174,419,5321,"security","medium","waiting_on_customer","Need help with API authentication","2025-08-14 08:13:24","2025-08-14 20:13:24",NULL,NULL,False,"migration,onboarding,technical"
175,930,NULL,"data_export","low","resolved","SSO configuration help needed","2025-10-26 14:24:24","2025-10-28 09:24:24","2025-10-28 11:24:24",2,False,"training"
176,809,NULL,"technical","high","closed","API rate limiting issues","2025-10-03 02:28:04","2025-10-03 08:28:04","2025-10-09 17:28:04",3,False,"security,export"
177,586,7571,"onboarding","low","waiting_on_customer","Audit log access denied","2024-12-12 23:43:37","2024-12-13 20:43:37",NULL,NULL,False,"technical, export, api, performance, technical"
178,749,NULL,"account","low","resolved","GDPR data export request","2025-10-29 17:48:25","2025-10-30 18:48:25","2025-11-02 08:48:25",3,False,"mobile,training"
179,485,6156,"onboarding","high","closed","White label logo not displaying","2025-04-12 05:02:02","2025-04-12 08:02:02","2025-04-17 14:02:02",NULL,False,"integration"
180,20,400,"api","medium","in_progress","Custom workflow automation broken","2025-07-23 21:02:37","2025-07-25 00:02:37",NULL,NULL,False,"urgent"
181,148,2148,"billing","medium","resolved","Data import from CSV failing","2025-04-02 19:29:02","2025-04-03 10:29:02","2025-04-05 20:29:02",4,False,"onboarding , gdpr , billing , onboarding"
182,150,2157,"onboarding","low","in_progress","Data import from CSV failing","2025-10-07 21:10:44","2025-10-08 20:10:44",NULL,NULL,False,"export , integration"
183,103,1489,"integration","high","waiting_on_customer","Gantt chart not rendering correctly","2023-09-05 15:04:00","2023-09-06 00:04:00",NULL,NULL,False,"integration , bug , export"
184,800,NULL,"security","low","closed","Report generation timeout","2025-05-29 04:48:57","2025-05-29 12:48:57","2025-06-03 22:48:57",NULL,False,"security, export, technical, training"
185,141,2093,"security","high","closed","Permission settings not saving","2025-09-29 23:53:38","2025-09-30 05:53:38","2025-09-30 12:53:38",NULL,False,NULL
186,814,NULL,"feature_request","low","closed","Billing discrepancy on latest invoice","2025-10-10 18:34:34","2025-10-13 01:34:34","2025-10-15 23:34:34",NULL,False,"api, mobile, onboarding, documentation"
187,810,NULL,"performance","low","closed","Mobile app crashes on Android","2025-10-15 16:02:23","2025-10-15 18:02:23","2025-10-18 15:02:23",4,False,"ux,migration,technical,security"
188,367,4697,"technical","low","in_progress","Report generation timeout","2025-06-02 03:57:40","2025-06-04 09:57:40",NULL,NULL,False,NULL
189,1012,NULL,"billing","high","waiting_on_customer","Feature request: dark mode","2024-10-14 16:30:36","2024-10-14 18:30:36",NULL,NULL,False,"urgent;ux;billing;integration"
190,795,NULL,"technical","high","resolved","Feature request: dark mode","2025-04-04 01:04:31","2025-04-04 10:04:31","2025-04-10 10:04:31",NULL,False,"migration, performance, integration"
191,785,NULL,"feature_request","low","resolved","Permission settings not saving","2025-07-22 08:09:46","2025-07-25 01:09:46","2025-07-27 14:09:46",2,False,"migration, security"
192,302,4021,"onboarding","medium","resolved","Feature request: dark mode","2024-10-11 13:59:18","2024-10-14 11:59:18","2024-10-16 21:59:18",3,False,"security , onboarding , security"
193,689,NULL,"account","low","open","Mobile app crashes on Android","2025-04-02 23:24:16",NULL,NULL,NULL,False,"api , gdpr , ux"
194,347,4474,"technical","critical","open","Webhook delivery failures","2023-12-29 06:30:15",NULL,NULL,NULL,False,"ux"
195,1016,NULL,"integration","high","open","SSO configuration help needed","2025-10-15 00:40:30",NULL,NULL,NULL,False,"onboarding"
196,66,1061,"feature_request","low","waiting_on_customer","Need help with API authentication","2025-09-04 01:02:02","2025-09-06 15:02:02",NULL,NULL,False,"sso,performance"
197,155,2258,"billing","low","resolved","Report generation timeout","2025-10-01 06:25:00","2025-10-02 09:25:00","2025-10-03 13:25:00",NULL,False,"mobile , mobile"
198,545,6932,"data_export","medium","waiting_on_customer","Feature request: dark mode","2025-10-02 06:52:50","2025-10-04 15:52:50",NULL,NULL,False,NULL
199,250,3491,"feature_request","critical","resolved","Export failing for large datasets","2025-08-28 01:32:32","2025-08-28 03:27:32","2025-09-01 14:27:32",3,False,"urgent;gdpr;billing"
200,211,3037,"api","medium","open","Data import from CSV failing","2025-03-29 18:01:58",NULL,NULL,NULL,False,"migration"
201,185,2685,"integration","high","waiting_on_customer","Feature request: dark mode","2025-09-22 07:01:51","2025-09-22 08:01:51",NULL,NULL,True,"integration"
202,1006,NULL,"performance","high","closed","Account merge request","2025-01-05 18:07:46","2025-01-05 21:07:46","2025-01-11 06:07:46",4,False,"onboarding, bug, export, mobile"
203,107,1561,"account","high","in_progress","SSO configuration help needed","2024-04-25 11:41:29","2024-04-25 20:41:29",NULL,NULL,False,"documentation, gdpr, performance, documentation"
204,583,7534,"performance","medium","in_progress","Need help with API authentication","2025-06-13 19:24:15","2025-06-14 01:24:15",NULL,NULL,False,"training;technical;export;security"
205,527,6703,"onboarding","high","waiting_on_customer","Cannot login to dashboard","2025-09-14 14:27:36","2025-09-14 22:27:36",NULL,NULL,False,"api,documentation"
206,252,3536,"onboarding","low","in_progress","Data import from CSV failing","2025-04-05 13:22:46","2025-04-07 23:22:46",NULL,NULL,False,"urgent,urgent"
207,1173,NULL,"integration","high","waiting_on_customer","Report generation timeout","2025-09-20 15:57:15","2025-09-21 01:57:15",NULL,NULL,False,"sso , mobile , sso"
208,671,NULL,"feature_request","medium","waiting_on_customer","Webhook delivery failures","2023-10-28 05:00:53","2023-10-30 02:00:53",NULL,NULL,False,"mobile, export, bug, training"
209,215,3113,"data_export","medium","waiting_on_customer","Need to add more team members","2025-04-09 15:34:48","2025-04-12 01:34:48",NULL,NULL,False,"technical"
210,635,8149,"billing","medium","waiting_on_customer","Need to add more team members","2023-12-01 07:49:02","2023-12-02 03:49:02",NULL,NULL,False,"ux, export, billing, documentation"
211,951,NULL,"technical","medium","open","SSO configuration help needed","2025-09-02 08:02:01",NULL,NULL,NULL,False,"export, ux, onboarding, urgent"
212,857,NULL,"integration","high","resolved","Data import from CSV failing","2024-01-14 23:55:25","2024-01-15 10:55:25","2024-01-18 15:55:25",3,True,"security"
213,345,4378,"account","critical","waiting_on_customer","Cannot downgrade plan","2025-07-17 07:21:23","2025-07-17 09:08:23",NULL,NULL,False,"api, enterprise, urgent"
214,370,4730,"api","high","open","Webhook delivery failures","2025-01-20 13:01:30",NULL,NULL,NULL,False,"onboarding , enterprise , ux"
215,894,NULL,"feature_request","medium","in_progress","Cannot login to dashboard","2025-09-20 10:09:07","2025-09-20 22:09:07",NULL,NULL,False,"billing;performance;sso"
216,598,7717,"data_export","medium","in_progress","Webhook delivery failures","2025-09-25 12:20:34","2025-09-27 17:20:34",NULL,NULL,False,NULL
217,497,6282,"api","medium","closed","Cannot login to dashboard","2025-10-16 07:09:59","2025-10-18 14:09:59","2025-10-19 13:09:59",5,False,NULL
218,967,NULL,"performance","high","resolved","Time tracking sync issues","2025-04-05 09:11:44","2025-04-05 16:11:44","2025-04-07 23:11:44",NULL,False,"onboarding"
219,58,950,"feature_request","high","waiting_on_customer","Cannot login to dashboard","2025-10-08 09:08:32","2025-10-08 10:08:32",NULL,NULL,False,"mobile"
220,709,NULL,"data_export","low","resolved","Cannot downgrade plan","2025-09-18 03:37:20","2025-09-18 12:37:20","2025-09-22 16:37:20",5,False,NULL
221,841,NULL,"data_export","medium","resolved","Webhook delivery failures","2025-09-07 01:06:26","2025-09-08 09:06:26","2025-09-14 13:06:26",3,False,"integration,enterprise"
222,301,4011,"integration","high","closed","Permission settings not saving","2024-11-11 15:05:51","2024-11-11 22:05:51","2024-11-15 04:05:51",4,False,"integration, ux"
223,39,684,"security","high","waiting_on_customer","Cannot login to dashboard","2025-10-16 09:59:54","2025-10-16 13:59:54",NULL,NULL,False,"security , migration , sso"
224,69,1079,"onboarding","medium","closed","Audit log access denied","2025-06-03 13:33:03","2025-06-04 18:33:03","2025-06-09 16:33:03",4,False,"technical"
225,826,NULL,"performance","low","in_progress","Export failing for large datasets","2023-10-09 23:08:00","2023-10-10 22:08:00",NULL,NULL,False,"api , documentation , performance , bug"
226,349,4486,"performance","low","closed","White label logo not displaying","2025-10-10 08:54:18","2025-10-11 09:54:18","2025-10-15 20:54:18",NULL,False,NULL
227,308,4089,"account","medium","open","White label logo not displaying","2024-07-15 20:41:09",NULL,NULL,NULL,False,"security"
228,1128,NULL,"integration","high","resolved","Integration with Slack not working","2024-10-03 12:24:45","2024-10-03 18:24:45","2024-10-08 13:24:45",2,True,"bug;export;security"
229,578,7491,"data_export","low","open","API rate limiting issues","2025-03-18 03:29:33",NULL,NULL,NULL,False,NULL
230,686,NULL,"feature_request","high","in_progress","Integration with Slack not working","2025-04-08 19:17:43","2025-04-09 07:17:43",NULL,NULL,True,"integration,gdpr,technical,bug"
231,572,7362,"data_export","low","resolved","Cannot login to dashboard","2025-05-08 22:23:43","2025-05-10 02:23:43","2025-05-11 17:23:43",5,False,"sso;technical"
232,192,2731,"performance","medium","closed","White label logo not displaying","2025-04-20 19:26:39","2025-04-20 22:26:39","2025-04-25 20:26:39",3,False,"security"
233,992,NULL,"security","medium","in_progress","Billing discrepancy on latest invoice","2025-04-19 23:30:04","2025-04-21 07:30:04",NULL,NULL,False,"onboarding,mobile"
234,106,1540,"account","critical","in_progress","Audit log access denied","2025-01-18 13:12:27","2025-01-18 14:52:27",NULL,NULL,False,"integration , enterprise , bug , ux"
235,654,8433,"data_export","low","open","Permission settings not saving","2025-10-16 20:18:47",NULL,NULL,NULL,False,"technical"
236,1163,NULL,"api","medium","waiting_on_customer","White label logo not displaying","2025-09-21 05:05:23","2025-09-22 13:05:23",NULL,NULL,False,NULL
237,951,NULL,"onboarding","low","open","Gantt chart not rendering correctly","2023-08-05 04:28:17",NULL,NULL,NULL,False,NULL
238,545,6926,"api","high","waiting_on_customer","Account merge request","2023-09-08 19:05:58","2023-09-09 05:05:58",NULL,NULL,False,NULL
239,668,NULL,"data_export","low","closed","Account merge request","2024-03-20 09:52:03","2024-03-23 05:52:03","2024-03-25 18:52:03",NULL,False,NULL
240,223,3167,"integration","low","open","Export failing for large datasets","2025-06-29 15:30:33",NULL,NULL,NULL,False,"enterprise, migration, performance, enterprise"
241,1038,NULL,"technical","low","resolved","Custom workflow automation broken","2023-08-10 08:12:59","2023-08-13 04:12:59","2023-08-16 00:12:59",NULL,False,"mobile"
242,37,665,"security","low","open","Feature request: dark mode","2025-10-05 09:06:41",NULL,NULL,NULL,False,"gdpr, integration, onboarding, enterprise"
243,683,NULL,"data_export","low","open","Need help with API authentication","2025-08-14 02:34:37",NULL,NULL,NULL,False,"feature , documentation , training , urgent"
244,131,1968,"data_export","low","in_progress","Cannot downgrade plan","2025-06-06 01:21:11","2025-06-08 14:21:11",NULL,NULL,False,"api,ux"
245,251,3521,"billing","critical","in_progress","Need help with API authentication","2024-09-08 01:27:20","2024-09-08 02:16:20",NULL,NULL,False,"api"
246,1124,NULL,"api","critical","open","Data import from CSV failing","2025-05-02 08:08:04",NULL,NULL,NULL,True,"gdpr"
247,838,NULL,"technical","medium","resolved","Cannot downgrade plan","2025-04-13 01:10:23","2025-04-15 18:10:23","2025-04-18 10:10:23",2,False,"integration;documentation;export"
248,1094,NULL,"performance","high","closed","Integration with Slack not working","2025-10-12 15:50:34","2025-10-12 17:50:34","2025-10-13 08:50:34",4,False,"feature,technical,feature"
249,157,2273,"security","medium","waiting_on_customer","Duplicate notifications being sent","2025-10-26 23:59:54","2025-10-27 01:59:54",NULL,NULL,False,NULL
250,39,690,"api","low","resolved","Account merge request","2025-09-27 15:43:31","2025-09-29 09:43:31","2025-10-04 02:43:31",NULL,False,"billing;security;training;gdpr"
251,177,2590,"integration","medium","open","Duplicate notifications being sent","2025-01-07 15:02:48",NULL,NULL,NULL,False,"feature, gdpr"
252,60,977,"api","low","resolved","Time tracking sync issues","2025-04-15 08:40:36","2025-04-17 18:40:36","2025-04-22 19:40:36",4,False,"performance,security,mobile,export"
253,920,NULL,"data_export","medium","closed","Feature request: dark mode","2025-08-01 00:38:58","2025-08-03 03:38:58","2025-08-04 18:38:58",NULL,False,"enterprise"
254,463,6012,"technical","medium","resolved","Billing discrepancy on latest invoice","2025-10-07 07:20:07","2025-10-08 21:20:07","2025-10-12 02:20:07",4,False,"integration, mobile, ux"
255,157,2271,"technical","high","closed","Cannot downgrade plan","2025-02-27 18:01:04","2025-02-27 20:01:04","2025-03-01 02:01:04",4,False,"enterprise"
256,233,3306,"security","low","waiting_on_customer","Permission settings not saving","2025-09-11 10:08:26","2025-09-12 12:08:26",NULL,NULL,False,"export;migration;bug"
257,658,8474,"account","low","waiting_on_customer","SSO configuration help needed","2025-07-02 23:28:54","2025-07-04 20:28:54",NULL,NULL,False,"feature,ux,training,bug"
258,559,7166,"billing","medium","in_progress","Time tracking sync issues","2025-09-30 03:06:22","2025-10-01 16:06:22",NULL,NULL,False,"ux"
259,196,2763,"integration","high","waiting_on_customer","Webhook delivery failures","2024-05-24 13:12:04","2024-05-25 00:12:04",NULL,NULL,False,NULL
260,875,NULL,"feature_request","medium","open","Account merge request","2024-09-23 22:30:13",NULL,NULL,NULL,False,"mobile;training;urgent;ux"
261,237,3348,"security","medium","waiting_on_customer","Feature request: dark mode","2025-09-02 04:28:11","2025-09-02 14:28:11",NULL,NULL,False,"mobile"
262,223,3167,"api","high","waiting_on_customer","Cannot downgrade plan","2024-12-28 04:20:35","2024-12-28 05:20:35",NULL,NULL,False,"urgent"
263,29,574,"integration","low","in_progress","Mobile app crashes on Android","2025-02-25 11:17:16","2025-02-28 02:17:16",NULL,NULL,False,NULL
264,24,497,"security","low","waiting_on_customer","Need to add more team members","2025-09-04 22:45:50","2025-09-07 00:45:50",NULL,NULL,False,"documentation,mobile,bug,sso"
265,779,NULL,"account","critical","closed","Need help with API authentication","2025-02-07 22:21:45","2025-02-07 22:51:45","2025-02-10 09:51:45",5,False,NULL
266,305,4061,"technical","high","in_progress","Webhook delivery failures","2025-04-07 19:44:58","2025-04-08 07:44:58",NULL,NULL,False,"training;performance;security"
267,496,6267,"billing","medium","waiting_on_customer","Cannot login to dashboard","2025-02-03 23:55:07","2025-02-04 14:55:07",NULL,NULL,False,"export"
268,135,1996,"account","medium","in_progress","Custom workflow automation broken","2024-12-31 15:27:56","2025-01-01 14:27:56",NULL,NULL,False,"training;sso;onboarding"
269,312,4115,"account","medium","open","Cannot downgrade plan","2023-12-29 07:10:27",NULL,NULL,NULL,False,"billing, sso"
270,258,3568,"performance","medium","resolved","Mobile app crashes on Android","2024-11-17 17:51:52","2024-11-19 05:51:52","2024-11-26 05:51:52",5,False,"technical;api;performance;sso"
271,571,7355,"onboarding","low","waiting_on_customer","Slow loading on project boards","2024-03-18 19:38:35","2024-03-19 06:38:35",NULL,NULL,False,NULL
272,611,7812,"technical","high","resolved","Webhook delivery failures","2024-12-10 05:36:30","2024-12-10 14:36:30","2024-12-13 20:36:30",4,False,"training,feature,documentation"
273,591,7607,"api","low","closed","Integration with Slack not working","2025-10-14 01:51:57","2025-10-15 12:51:57","2025-10-16 21:51:57",4,False,"gdpr,export"
274,795,NULL,"integration","critical","in_progress","Time tracking sync issues","2023-02-26 06:54:26","2023-02-26 07:36:26",NULL,NULL,True,NULL
275,696,NULL,"technical","medium","resolved","Cannot login to dashboard","2023-07-16 19:04:13","2023-07-17 09:04:13","2023-07-19 14:04:13",NULL,False,"ux, integration"
276,507,6433,"performance","medium","closed","SSO configuration help needed","2025-10-28 21:56:25","2025-10-30 06:56:25","2025-11-03 22:56:25",5,False,"bug , urgent"
277,989,NULL,"integration","low","resolved","Integration with Slack not working","2024-03-01 12:36:14","2024-03-04 11:36:14","2024-03-10 03:36:14",NULL,False,"api, technical, security, api"
278,310,4103,"api","low","resolved","Custom workflow automation broken","2025-03-14 20:54:48","2025-03-16 08:54:48","2025-03-21 04:54:48",NULL,False,"mobile, documentation, integration"
279,1087,NULL,"account","medium","waiting_on_customer","Export failing for large datasets","2025-10-12 16:52:49","2025-10-14 10:52:49",NULL,NULL,False,"training,integration,mobile,enterprise"
280,676,NULL,"security","medium","open","Cannot login to dashboard","2025-02-08 03:50:40",NULL,NULL,NULL,False,NULL
281,561,7170,"billing","medium","in_progress","Data import from CSV failing","2025-08-27 00:31:58","2025-08-27 08:31:58",NULL,NULL,False,"integration, documentation, technical, bug"
282,758,NULL,"billing","low","in_progress","White label logo not displaying","2025-08-23 11:27:27","2025-08-24 01:27:27",NULL,NULL,False,"urgent;api;ux;gdpr"
283,1083,NULL,"billing","medium","closed","Billing discrepancy on latest invoice","2024-05-18 23:11:43","2024-05-19 09:11:43","2024-05-22 02:11:43",5,False,"training , sso , migration , urgent"
284,82,1286,"onboarding","low","in_progress","Audit log access denied","2025-08-28 01:30:33","2025-08-29 06:30:33",NULL,NULL,False,"enterprise, feature"
285,528,6704,"data_export","low","waiting_on_customer","Need help with API authentication","2024-11-15 00:02:03","2024-11-17 13:02:03",NULL,NULL,False,"mobile, feature, mobile"
286,932,NULL,"feature_request","medium","waiting_on_customer","Permission settings not saving","2025-01-19 18:55:00","2025-01-21 09:55:00",NULL,NULL,False,"urgent;sso;export"
287,706,NULL,"performance","medium","open","Feature request: dark mode","2025-02-14 10:58:37",NULL,NULL,NULL,False,"performance , integration , performance"
288,801,NULL,"billing","critical","resolved","Duplicate notifications being sent","2023-08-09 10:21:22","2023-08-09 11:55:22","2023-08-13 11:55:22",1,True,"migration;onboarding;training;mobile"
289,622,7917,"performance","high","in_progress","Account merge request","2023-12-27 21:50:41","2023-12-28 01:50:41",NULL,NULL,True,"migration,performance,documentation"
290,740,NULL,"integration","medium","open","Account merge request","2025-06-07 14:28:45",NULL,NULL,NULL,False,"export,sso,billing"
291,873,NULL,"security","medium","resolved","Audit log access denied","2024-10-01 20:38:02","2024-10-03 06:38:02","2024-10-06 06:38:02",NULL,False,"onboarding,sso"
292,727,NULL,"billing","medium","closed","Account merge request","2025-01-17 05:12:19","2025-01-18 16:12:19","2025-01-25 10:12:19",5,False,"technical"
293,992,NULL,"api","medium","waiting_on_customer","Integration with Slack not working","2025-08-17 14:02:07","2025-08-20 05:02:07",NULL,NULL,False,"integration,technical"
294,32,617,"performance","medium","resolved","Gantt chart not rendering correctly","2025-08-18 10:26:03","2025-08-20 02:26:03","2025-08-24 08:26:03",NULL,False,NULL
295,895,NULL,"security","high","closed","Mobile app crashes on Android","2025-01-17 15:56:14","2025-01-17 21:56:14","2025-01-21 03:56:14",4,True,"documentation , billing"
296,281,3835,"performance","medium","in_progress","GDPR data export request","2024-03-05 22:13:23","2024-03-08 08:13:23",NULL,NULL,False,"integration, performance"
297,776,NULL,"api","low","resolved","Slow loading on project boards","2024-08-07 01:14:20","2024-08-09 13:14:20","2024-08-11 03:14:20",3,False,"technical, integration, migration"
298,991,NULL,"billing","high","open","SSO configuration help needed","2024-09-20 10:49:10",NULL,NULL,NULL,False,"technical,enterprise"
299,1160,NULL,"data_export","low","resolved","Export failing for large datasets","2025-07-24 00:13:00","2025-07-26 11:13:00","2025-07-26 18:13:00",NULL,False,"ux, urgent, gdpr"
300,709,NULL,"security","medium","waiting_on_customer","Need to add more team members","2025-10-22 03:01:11","2025-10-23 00:01:11",NULL,NULL,False,"ux,onboarding,billing,security,ux"
301,913,NULL,"performance","high","closed","API rate limiting issues","2023-11-15 12:34:52","2023-11-15 19:34:52","2023-11-21 22:34:52",NULL,False,"onboarding, documentation, security"
302,532,6765,"billing","low","waiting_on_customer","Mobile app crashes on Android","2025-01-01 17:40:21","2025-01-01 22:40:21",NULL,NULL,False,"security,onboarding,integration"
303,653,8427,"integration","high","closed","Account merge request","2023-10-18 21:08:11","2023-10-19 09:08:11","2023-10-24 14:08:11",NULL,False,"performance;api;technical"
304,975,NULL,"data_export","medium","in_progress","Cannot login to dashboard","2025-06-24 04:54:51","2025-06-25 08:54:51",NULL,NULL,False,"export , training , feature"
305,1200,NULL,"integration","low","waiting_on_customer","Duplicate notifications being sent","2025-03-04 14:05:42","2025-03-05 20:05:42",NULL,NULL,False,"sso,bug,api"
306,1146,NULL,"security","low","open","Billing discrepancy on latest invoice","2025-10-07 10:03:01",NULL,NULL,NULL,False,"sso , documentation , ux"
307,80,1230,"onboarding","low","in_progress","Permission settings not saving","2024-12-22 08:33:17","2024-12-24 13:33:17",NULL,NULL,False,"migration , api"
308,134,1991,"account","low","in_progress","Slow loading on project boards","2024-10-27 20:49:37","2024-10-30 02:49:37",NULL,NULL,False,NULL
309,262,3641,"security","medium","resolved","Cannot downgrade plan","2025-10-04 09:27:48","2025-10-05 09:27:48","2025-10-08 05:27:48",3,False,"feature, performance, enterprise"
310,451,5817,"billing","high","in_progress","Audit log access denied","2025-09-09 09:55:31","2025-09-09 13:55:31",NULL,NULL,False,"onboarding"
311,660,8486,"account","medium","closed","Need help with API authentication","2024-01-06 03:21:32","2024-01-07 13:21:32","2024-01-10 05:21:32",NULL,False,"documentation , api , urgent"
312,216,3122,"integration","high","waiting_on_customer","API rate limiting issues","2025-08-14 21:28:00","2025-08-15 05:28:00",NULL,NULL,False,"export, feature, documentation"
313,99,1477,"technical","high","in_progress","Data import from CSV failing","2024-09-05 02:27:31","2024-09-05 06:27:31",NULL,NULL,False,"performance;onboarding"
314,58,933,"technical","medium","open","Gantt chart not rendering correctly","2025-10-12 09:29:37",NULL,NULL,NULL,False,"onboarding"
315,822,NULL,"security","critical","closed","Time tracking sync issues","2025-06-10 23:29:24","2025-06-10 23:35:24","2025-06-16 05:35:24",NULL,False,NULL
316,148,2151,"security","medium","resolved","Integration with Slack not working","2025-06-07 13:29:03","2025-06-10 04:29:03","2025-06-15 01:29:03",3,False,"export"
317,1188,NULL,"billing","high","closed","Cannot downgrade plan","2024-12-27 13:36:37","2024-12-27 21:36:37","2024-12-29 23:36:37",NULL,False,"mobile , gdpr , documentation"
318,783,NULL,"data_export","critical","waiting_on_customer","Cannot downgrade plan","2024-10-15 15:35:45","2024-10-15 17:23:45",NULL,NULL,True,"migration;export"
319,465,6024,"api","low","in_progress","GDPR data export request","2025-07-07 06:00:58","2025-07-09 03:00:58",NULL,NULL,False,"performance,api,documentation"
320,327,4199,"security","low","in_progress","Integration with Slack not working","2025-05-16 04:58:23","2025-05-17 04:58:23",NULL,NULL,False,"billing;performance"
321,1165,NULL,"performance","critical","resolved","White label logo not displaying","2024-05-20 12:26:57","2024-05-20 12:40:57","2024-05-26 01:40:57",4,True,"export;feature;ux;api"
322,532,6767,"api","low","open","Billing discrepancy on latest invoice","2025-02-03 20:52:11",NULL,NULL,NULL,False,"performance"
323,617,7848,"billing","low","in_progress","Integration with Slack not working","2025-09-20 00:50:45","2025-09-20 02:50:45",NULL,NULL,False,"documentation,mobile,export,ux"
324,1022,NULL,"technical","medium","open","Cannot login to dashboard","2025-07-02 02:17:16",NULL,NULL,NULL,False,"documentation, performance"
325,543,6902,"account","medium","resolved","Duplicate notifications being sent","2025-09-01 09:20:00","2025-09-03 03:20:00","2025-09-06 23:20:00",2,False,"export , export"
326,561,7170,"security","medium","resolved","Mobile app crashes on Android","2024-04-17 20:14:32","2024-04-19 16:14:32","2024-04-21 04:14:32",NULL,False,NULL
327,67,1065,"integration","medium","closed","White label logo not displaying","2025-10-11 18:19:00","2025-10-14 07:19:00","2025-10-19 22:19:00",1,False,"onboarding"
328,342,4343,"onboarding","medium","waiting_on_customer","Export failing for large datasets","2025-08-24 14:10:10","2025-08-26 15:10:10",NULL,NULL,False,"urgent , bug"
329,762,NULL,"api","critical","waiting_on_customer","Permission settings not saving","2025-10-29 20:37:25","2025-10-29 21:45:25",NULL,NULL,False,"sso;api;ux;onboarding"
330,924,NULL,"security","critical","open","API rate limiting issues","2024-07-17 17:26:38",NULL,NULL,NULL,False,"ux, migration, onboarding, api"
331,31,614,"security","low","waiting_on_customer","Gantt chart not rendering correctly","2024-10-31 15:22:45","2024-11-02 13:22:45",NULL,NULL,False,NULL
332,899,NULL,"integration","medium","closed","Data import from CSV failing","2023-12-04 06:34:57","2023-12-05 15:34:57","2023-12-10 19:34:57",4,False,"integration"
333,805,NULL,"account","medium","waiting_on_customer","Slow loading on project boards","2024-12-30 17:54:56","2025-01-01 14:54:56",NULL,NULL,False,NULL
334,1186,NULL,"onboarding","high","resolved","Mobile app crashes on Android","2025-06-05 11:53:50","2025-06-05 21:53:50","2025-06-09 23:53:50",4,False,"bug"
335,1012,NULL,"integration","medium","resolved","Cannot downgrade plan","2025-06-09 11:19:01","2025-06-12 10:19:01","2025-06-13 01:19:01",NULL,False,"gdpr, technical"
336,1108,NULL,"integration","medium","in_progress","Cannot downgrade plan","2025-07-09 15:46:44","2025-07-11 22:46:44",NULL,NULL,False,"ux , training"
337,911,NULL,"integration","critical","waiting_on_customer","White label logo not displaying","2023-12-21 09:59:52","2023-12-21 10:56:52",NULL,NULL,False,"billing"
338,18,393,"feature_request","medium","waiting_on_customer","Need to add more team members","2025-06-05 14:11:12","2025-06-05 21:11:12",NULL,NULL,False,"billing, export, performance, onboarding"
339,700,NULL,"security","medium","in_progress","Cannot login to dashboard","2024-05-11 13:26:07","2024-05-13 15:26:07",NULL,NULL,False,"feature;gdpr;sso"
340,186,2686,"feature_request","high","open","Cannot login to dashboard","2024-05-02 06:00:23",NULL,NULL,NULL,False,"enterprise , export"
341,353,4504,"account","low","closed","Feature request: dark mode","2025-10-09 06:23:41","2025-10-09 16:23:41","2025-10-13 02:23:41",5,False,"documentation , integration , mobile , security , documentation"
342,560,7169,"account","high","resolved","Mobile app crashes on Android","2025-10-03 10:00:25","2025-10-03 15:00:25","2025-10-05 10:00:25",2,True,"performance, onboarding"
343,167,2458,"onboarding","high","in_progress","Need help with API authentication","2025-10-18 16:30:50","2025-10-18 20:30:50",NULL,NULL,False,"bug;billing;documentation"
344,1199,NULL,"data_export","low","waiting_on_customer","Report generation timeout","2024-12-04 07:01:53","2024-12-04 17:01:53",NULL,NULL,False,"documentation, urgent, training"
345,496,6270,"integration","medium","in_progress","Webhook delivery failures","2025-02-10 20:08:51","2025-02-13 07:08:51",NULL,NULL,False,NULL
346,231,3276,"data_export","medium","closed","White label logo not displaying","2025-03-04 15:59:43","2025-03-04 17:59:43","2025-03-08 09:59:43",3,False,"training"
347,614,7832,"security","low","closed","Feature request: dark mode","2025-06-14 03:02:58","2025-06-15 01:02:58","2025-06-18 10:02:58",4,False,"security , billing"
348,764,NULL,"performance","medium","in_progress","Permission settings not saving","2024-11-05 06:23:51","2024-11-06 14:23:51",NULL,NULL,False,"documentation"
349,509,6458,"data_export","medium","open","Need help with API authentication","2024-01-29 17:08:08",NULL,NULL,NULL,False,"urgent , api"
350,264,3686,"performance","medium","closed","White label logo not displaying","2025-08-23 08:04:00","2025-08-26 05:04:00","2025-08-30 19:04:00",4,False,"gdpr;billing;migration"
351,364,4671,"integration","medium","waiting_on_customer","Data import from CSV failing","2024-06-08 17:19:28","2024-06-10 01:19:28",NULL,NULL,False,"sso,api"
352,875,NULL,"performance","low","open","Cannot login to dashboard","2025-02-18 16:13:49",NULL,NULL,NULL,False,NULL
353,535,6799,"api","critical","in_progress","GDPR data export request","2025-03-26 21:46:10","2025-03-26 22:11:10",NULL,NULL,False,"training,training"
354,125,1832,"performance","medium","waiting_on_customer","Audit log access denied","2025-02-18 13:36:51","2025-02-20 10:36:51",NULL,NULL,False,"onboarding,onboarding"
355,16,290,"data_export","low","waiting_on_customer","Report generation timeout","2023-09-09 19:45:39","2023-09-11 01:45:39",NULL,NULL,False,"api"
356,455,5829,"security","medium","resolved","API rate limiting issues","2025-07-28 22:29:19","2025-07-31 19:29:19","2025-08-02 00:29:19",1,False,"documentation"
357,341,4335,"integration","high","closed","Export failing for large datasets","2024-06-14 17:47:07","2024-06-15 01:47:07","2024-06-21 22:47:07",4,True,"export"
358,671,NULL,"api","medium","closed","Custom workflow automation broken","2023-11-07 13:46:15","2023-11-10 06:46:15","2023-11-14 08:46:15",5,False,"enterprise , urgent , mobile , security"
359,89,1363,"technical","medium","in_progress","Data import from CSV failing","2025-09-13 07:55:38","2025-09-13 14:55:38",NULL,NULL,False,"migration, security"
360,124,1812,"integration","low","waiting_on_customer","Time tracking sync issues","2025-06-27 12:52:03","2025-06-28 18:52:03",NULL,NULL,False,"migration;feature"
361,151,2159,"api","low","waiting_on_customer","Gantt chart not rendering correctly","2025-03-19 23:23:47","2025-03-21 05:23:47",NULL,NULL,False,"gdpr , training , mobile , api"
362,442,5613,"account","low","closed","GDPR data export request","2025-03-12 05:54:57","2025-03-12 12:54:57","2025-03-12 13:54:57",4,False,"documentation, sso, feature, bug"
363,740,NULL,"onboarding","medium","waiting_on_customer","Webhook delivery failures","2025-04-22 06:52:57","2025-04-24 03:52:57",NULL,NULL,False,"enterprise"
364,830,NULL,"technical","medium","in_progress","Webhook delivery failures","2024-02-18 20:10:52","2024-02-19 15:10:52",NULL,NULL,False,NULL
365,239,3393,"integration","low","in_progress","API rate limiting issues","2025-07-25 11:08:08","2025-07-26 15:08:08",NULL,NULL,False,"ux, sso, urgent, billing, ux"
366,647,8372,"technical","low","closed","Need help with API authentication","2023-12-18 12:11:18","2023-12-20 12:11:18","2023-12-23 05:11:18",5,False,"ux , ux"
367,368,4710,"api","low","waiting_on_customer","API rate limiting issues","2024-11-29 00:25:30","2024-12-01 05:25:30",NULL,NULL,False,"feature"
368,1122,NULL,"technical","low","in_progress","Duplicate notifications being sent","2025-10-11 10:27:31","2025-10-14 03:27:31",NULL,NULL,False,"migration;api"
369,455,5847,"technical","medium","closed","Custom workflow automation broken","2024-01-11 02:55:31","2024-01-12 19:55:31","2024-01-17 07:55:31",1,False,"technical, export"
370,1049,NULL,"api","low","resolved","Need to add more team members","2025-10-29 20:55:02","2025-11-01 18:55:02","2025-11-08 00:55:02",3,False,"gdpr , migration"
371,933,NULL,"onboarding","medium","resolved","Export failing for large datasets","2025-02-17 05:54:43","2025-02-17 21:54:43","2025-02-20 01:54:43",1,False,NULL
372,382,4850,"technical","low","waiting_on_customer","Webhook delivery failures","2024-11-08 09:43:24","2024-11-08 19:43:24",NULL,NULL,False,"gdpr, training, enterprise, documentation"
373,44,764,"data_export","low","resolved","Audit log access denied","2025-09-29 10:10:38","2025-10-01 08:10:38","2025-10-05 15:10:38",4,False,"migration, integration, urgent, migration"
374,387,4902,"data_export","medium","open","Integration with Slack not working","2025-04-13 07:44:53",NULL,NULL,NULL,False,"feature , training , ux"
375,1020,NULL,"data_export","high","in_progress","Slow loading on project boards","2025-07-13 22:28:15","2025-07-14 02:28:15",NULL,NULL,True,"integration;performance;training"
376,589,7595,"integration","critical","in_progress","Cannot login to dashboard","2025-06-23 03:12:19","2025-06-23 03:41:19",NULL,NULL,True,"performance;bug"
377,925,NULL,"data_export","medium","waiting_on_customer","Custom workflow automation broken","2025-07-05 02:07:45","2025-07-06 19:07:45",NULL,NULL,False,"integration"
378,1001,NULL,"security","medium","open","Need help with API authentication","2025-10-08 10:11:23",NULL,NULL,NULL,False,"export, enterprise, onboarding, urgent"
379,1066,NULL,"performance","high","closed","Duplicate notifications being sent","2024-08-19 23:11:32","2024-08-20 00:11:32","2024-08-24 04:11:32",2,False,NULL
380,238,3371,"feature_request","low","waiting_on_customer","Slow loading on project boards","2025-07-21 05:55:42","2025-07-21 20:55:42",NULL,NULL,False,NULL
381,962,NULL,"technical","low","closed","API rate limiting issues","2024-10-03 11:32:47","2024-10-04 18:32:47","2024-10-05 06:32:47",4,False,"onboarding;sso;integration"
382,665,NULL,"api","high","resolved","Data import from CSV failing","2024-07-12 01:58:07","2024-07-12 13:58:07","2024-07-16 14:58:07",3,False,"feature, gdpr, onboarding"
383,280,3822,"integration","low","open","Mobile app crashes on Android","2025-01-06 22:00:36",NULL,NULL,NULL,False,"onboarding"
384,596,7702,"account","critical","waiting_on_customer","Need to add more team members","2025-01-12 22:07:33","2025-01-12 23:51:33",NULL,NULL,True,NULL
385,828,NULL,"technical","low","open","Custom workflow automation broken","2025-09-18 13:22:34",NULL,NULL,NULL,False,"security,ux"
386,112,1594,"api","medium","resolved","Data import from CSV failing","2025-09-05 17:36:56","2025-09-07 00:36:56","2025-09-08 20:36:56",3,False,"urgent"
387,191,2725,"integration","low","open","Custom workflow automation broken","2025-03-08 21:12:45",NULL,NULL,NULL,False,"integration,migration"
388,316,4128,"onboarding","low","waiting_on_customer","Audit log access denied","2023-12-12 00:50:48","2023-12-13 15:50:48",NULL,NULL,False,"onboarding"
389,800,NULL,"security","high","in_progress","Audit log access denied","2025-02-14 23:02:11","2025-02-15 00:02:11",NULL,NULL,True,"gdpr"
390,1023,NULL,"data_export","low","in_progress","Webhook delivery failures","2025-09-22 13:24:06","2025-09-25 03:24:06",NULL,NULL,False,"gdpr, bug, onboarding"
391,389,4913,"account","low","open","Cannot login to dashboard","2025-07-07 06:45:59",NULL,NULL,NULL,False,"ux"
392,416,5251,"performance","medium","waiting_on_customer","Billing discrepancy on latest invoice","2025-01-12 00:27:00","2025-01-14 04:27:00",NULL,NULL,False,NULL
393,1168,NULL,"data_export","high","resolved","API rate limiting issues","2025-07-03 20:54:26","2025-07-04 06:54:26","2025-07-06 14:54:26",5,False,"onboarding"
394,578,7492,"onboarding","critical","open","Account merge request","2025-07-17 00:08:34",NULL,NULL,NULL,True,NULL
395,449,5737,"integration","high","open","Export failing for large datasets","2023-10-08 14:29:07",NULL,NULL,NULL,False,"technical , export , urgent , ux"
396,250,3493,"performance","medium","resolved","GDPR data export request","2025-10-15 23:05:29","2025-10-16 13:05:29","2025-10-22 19:05:29",NULL,False,"ux"
397,770,NULL,"billing","high","closed","Need to add more team members","2025-01-22 07:53:21","2025-01-22 18:53:21","2025-01-28 15:53:21",NULL,True,"performance , ux , integration , feature , performance"
398,350,4490,"performance","medium","waiting_on_customer","Cannot login to dashboard","2024-03-05 15:49:42","2024-03-05 20:49:42",NULL,NULL,False,NULL
399,897,NULL,"integration","high","open","Custom workflow automation broken","2025-02-28 20:11:46",NULL,NULL,NULL,False,"performance"
400,424,5388,"security","high","in_progress","White label logo not displaying","2024-01-01 22:01:39","2024-01-02 08:01:39",NULL,NULL,False,"documentation , ux , onboarding"
401,1100,NULL,"integration","low","resolved","Account merge request","2024-09-09 14:51:52","2024-09-09 21:51:52","2024-09-15 16:51:52",NULL,False,"training , documentation"
402,338,4325,"integration","critical","waiting_on_customer","Audit log access denied","2025-02-13 08:42:06","2025-02-13 09:34:06",NULL,NULL,True,"api"
403,431,5512,"onboarding","high","in_progress","White label logo not displaying","2025-08-03 17:42:51","2025-08-04 05:42:51",NULL,NULL,True,"mobile;technical;enterprise;sso"
404,1065,NULL,"security","high","closed","Export failing for large datasets","2025-03-19 18:47:28","2025-03-20 05:47:28","2025-03-23 17:47:28",5,True,NULL
405,145,2141,"security","low","waiting_on_customer","White label logo not displaying","2025-07-09 11:53:24","2025-07-12 09:53:24",NULL,NULL,False,"gdpr"
406,1093,NULL,"integration","medium","resolved","Permission settings not saving","2025-09-27 10:17:44","2025-09-28 12:17:44","2025-10-02 00:17:44",5,False,"export, api"
407,750,NULL,"technical","medium","in_progress","Billing discrepancy on latest invoice","2025-03-08 02:23:48","2025-03-09 03:23:48",NULL,NULL,False,"documentation, documentation"
408,788,NULL,"data_export","low","resolved","Data import from CSV failing","2025-06-07 04:48:45","2025-06-08 16:48:45","2025-06-08 19:48:45",2,False,"gdpr"
409,685,NULL,"billing","medium","in_progress","Custom workflow automation broken","2025-05-02 11:53:08","2025-05-03 21:53:08",NULL,NULL,False,NULL
410,181,2634,"performance","critical","in_progress","GDPR data export request","2025-04-06 08:38:29","2025-04-06 10:05:29",NULL,NULL,True,NULL
411,212,3049,"integration","low","in_progress","Duplicate notifications being sent","2025-07-08 06:29:38","2025-07-09 02:29:38",NULL,NULL,False,"mobile , gdpr , security , billing"
412,643,8325,"data_export","medium","in_progress","Need to add more team members","2025-10-12 17:26:43","2025-10-15 14:26:43",NULL,NULL,False,"performance;urgent;integration"
413,1056,NULL,"integration","low","waiting_on_customer","Custom workflow automation broken","2024-01-17 15:49:20","2024-01-18 04:49:20",NULL,NULL,False,"technical , urgent , export , api"
414,771,NULL,"account","critical","resolved","Audit log access denied","2025-10-21 02:54:48","2025-10-21 03:04:48","2025-10-27 11:04:48",NULL,False,"mobile"
415,315,4126,"api","medium","resolved","Custom workflow automation broken","2025-05-07 16:47:45","2025-05-08 08:47:45","2025-05-14 12:47:45",3,False,"bug"
416,683,NULL,"performance","critical","resolved","Permission settings not saving","2025-01-25 12:56:26","2025-01-25 13:18:26","2025-01-30 21:18:26",NULL,False,NULL
417,31,614,"account","low","waiting_on_customer","Cannot downgrade plan","2025-05-30 02:09:50","2025-06-01 21:09:50",NULL,NULL,False,NULL
418,136,1999,"security","medium","waiting_on_customer","Permission settings not saving","2025-04-02 23:54:59","2025-04-03 12:54:59",NULL,NULL,False,"training;api;migration"
419,663,8498,"api","medium","in_progress","Cannot downgrade plan","2025-02-03 05:15:16","2025-02-04 07:15:16",NULL,NULL,False,NULL
420,407,5167,"onboarding","medium","closed","API rate limiting issues","2024-05-05 02:48:56","2024-05-07 07:48:56","2024-05-09 12:48:56",NULL,False,"api , enterprise , export"
421,1120,NULL,"onboarding","low","open","Integration with Slack not working","2023-08-02 00:33:56",NULL,NULL,NULL,False,"enterprise , api"
422,890,NULL,"feature_request","high","closed","Mobile app crashes on Android","2025-10-19 18:08:36","2025-10-19 21:08:36","2025-10-26 20:08:36",3,False,"training;billing;ux"
423,1079,NULL,"security","low","resolved","Feature request: dark mode","2025-07-26 01:28:15","2025-07-27 14:28:15","2025-07-31 15:28:15",2,False,"api, mobile, ux, bug"
424,556,7143,"integration","low","open","SSO configuration help needed","2024-05-24 06:22:01",NULL,NULL,NULL,False,NULL
425,769,NULL,"account","medium","in_progress","Need help with API authentication","2025-01-26 20:33:42","2025-01-27 16:33:42",NULL,NULL,False,"onboarding"
426,120,1728,"onboarding","low","closed","Slow loading on project boards","2025-04-02 12:06:31","2025-04-04 16:06:31","2025-04-11 13:06:31",NULL,False,"export , migration , bug , technical"
427,517,6594,"security","low","open","Cannot login to dashboard","2024-05-29 17:38:10",NULL,NULL,NULL,False,"technical , onboarding"
428,926,NULL,"technical","medium","open","API rate limiting issues","2024-12-28 17:20:42",NULL,NULL,NULL,False,"feature , mobile , sso"
429,484,6152,"data_export","medium","resolved","Account merge request","2025-04-17 20:35:12","2025-04-19 13:35:12","2025-04-24 21:35:12",4,False,"security, api, enterprise, sso"
430,515,6567,"integration","medium","waiting_on_customer","Integration with Slack not working","2025-05-31 02:29:07","2025-05-31 20:29:07",NULL,NULL,False,"enterprise;enterprise"
431,232,3304,"api","medium","waiting_on_customer","Export failing for large datasets","2025-09-25 21:13:14","2025-09-28 04:13:14",NULL,NULL,False,NULL
432,512,6520,"onboarding","critical","resolved","SSO configuration help needed","2024-04-30 17:15:46","2024-04-30 18:55:46","2024-05-02 18:55:46",2,False,"bug , api"
433,727,NULL,"data_export","medium","in_progress","Permission settings not saving","2024-08-07 17:34:38","2024-08-09 13:34:38",NULL,NULL,False,"training , sso , gdpr , bug"
434,955,NULL,"feature_request","low","open","Gantt chart not rendering correctly","2024-01-10 04:27:28",NULL,NULL,NULL,False,"api, security, integration, performance"
435,31,616,"account","medium","open","Cannot downgrade plan","2023-10-25 22:36:53",NULL,NULL,NULL,False,"migration, mobile, billing, sso"
436,1098,NULL,"data_export","medium","open","Time tracking sync issues","2024-10-30 06:29:29",NULL,NULL,NULL,False,"urgent"
437,654,8430,"integration","critical","waiting_on_customer","White label logo not displaying","2024-11-12 04:51:13","2024-11-12 05:44:13",NULL,NULL,False,"export, integration, bug"
438,1137,NULL,"feature_request","high","closed","Permission settings not saving","2025-09-25 10:43:26","2025-09-25 14:43:26","2025-10-01 16:43:26",NULL,False,"performance;performance"
439,99,1473,"account","low","waiting_on_customer","GDPR data export request","2025-07-23 11:52:38","2025-07-25 21:52:38",NULL,NULL,False,NULL
440,1187,NULL,"onboarding","medium","in_progress","Slow loading on project boards","2024-12-08 17:02:58","2024-12-09 03:02:58",NULL,NULL,False,"urgent,export,migration,bug"
441,548,6972,"integration","low","open","Cannot login to dashboard","2025-03-15 01:42:39",NULL,NULL,NULL,False,NULL
442,491,6236,"feature_request","high","closed","GDPR data export request","2024-09-29 14:09:22","2024-09-30 02:09:22","2024-10-03 19:09:22",NULL,False,"mobile"
443,428,5427,"billing","high","resolved","Audit log access denied","2024-12-31 01:01:16","2024-12-31 04:01:16","2025-01-06 19:01:16",NULL,False,"migration"
444,175,2560,"billing","medium","waiting_on_customer","Gantt chart not rendering correctly","2024-12-04 23:19:58","2024-12-05 21:19:58",NULL,NULL,False,"migration;integration;enterprise"
445,61,1004,"security","medium","open","GDPR data export request","2025-05-21 10:53:42",NULL,NULL,NULL,False,NULL
446,152,2200,"account","low","resolved","Time tracking sync issues","2025-05-06 12:13:13","2025-05-08 12:13:13","2025-05-11 09:13:13",4,False,"ux, documentation"
447,283,3841,"api","high","in_progress","Account merge request","2025-08-02 13:46:00","2025-08-02 19:46:00",NULL,NULL,False,"export,bug"
448,79,1210,"technical","medium","waiting_on_customer","Mobile app crashes on Android","2025-06-11 14:41:47","2025-06-13 16:41:47",NULL,NULL,False,NULL
449,211,3035,"security","low","waiting_on_customer","Export failing for large datasets","2025-01-07 23:12:22","2025-01-10 09:12:22",NULL,NULL,False,"onboarding;security"
450,330,4224,"billing","low","resolved","GDPR data export request","2024-08-28 15:14:20","2024-08-30 20:14:20","2024-09-02 04:14:20",NULL,False,NULL
451,693,NULL,"onboarding","low","open","Cannot login to dashboard","2025-01-02 09:01:56",NULL,NULL,NULL,False,NULL
452,641,8288,"technical","high","in_progress","White label logo not displaying","2024-03-12 20:08:41","2024-03-13 06:08:41",NULL,NULL,False,NULL
453,686,NULL,"feature_request","medium","resolved","Data import from CSV failing","2024-01-12 12:17:05","2024-01-12 15:17:05","2024-01-16 18:17:05",NULL,False,"urgent, enterprise, security, technical"
454,1175,NULL,"feature_request","medium","resolved","Data import from CSV failing","2025-04-29 09:50:37","2025-04-30 13:50:37","2025-05-06 22:50:37",NULL,False,"training"
455,93,1420,"account","high","in_progress","Report generation timeout","2025-09-13 01:58:20","2025-09-13 09:58:20",NULL,NULL,False,"security , bug , mobile , urgent"
456,616,7841,"security","high","closed","Report generation timeout","2025-04-09 13:42:19","2025-04-09 21:42:19","2025-04-15 04:42:19",NULL,False,"migration, security, integration, urgent"
457,143,2122,"billing","high","waiting_on_customer","Gantt chart not rendering correctly","2025-08-10 02:55:44","2025-08-10 10:55:44",NULL,NULL,False,NULL
458,345,4378,"data_export","medium","open","GDPR data export request","2023-10-08 06:14:20",NULL,NULL,NULL,False,NULL
459,543,6910,"api","high","in_progress","Report generation timeout","2025-09-01 19:30:06","2025-09-02 01:30:06",NULL,NULL,True,"gdpr;ux;feature;training"
460,362,4643,"api","medium","closed","SSO configuration help needed","2025-08-15 13:07:13","2025-08-16 16:07:13","2025-08-18 03:07:13",2,False,NULL
461,94,1421,"api","high","waiting_on_customer","White label logo not displaying","2024-09-07 10:11:07","2024-09-07 15:11:07",NULL,NULL,False,"performance, feature, bug, performance"
462,148,2150,"account","high","waiting_on_customer","Slow loading on project boards","2025-03-22 08:10:34","2025-03-22 14:10:34",NULL,NULL,True,NULL
463,1128,NULL,"account","medium","open","Feature request: dark mode","2023-11-29 12:03:46",NULL,NULL,NULL,False,"api;gdpr"
464,1181,NULL,"api","low","waiting_on_customer","Custom workflow automation broken","2025-09-15 18:10:48","2025-09-17 14:10:48",NULL,NULL,False,"security , technical , integration"
465,658,8469,"security","medium","in_progress","Mobile app crashes on Android","2024-04-28 09:21:05","2024-04-30 02:21:05",NULL,NULL,False,"security,integration"
466,712,NULL,"onboarding","high","resolved","White label logo not displaying","2025-05-09 07:19:49","2025-05-09 10:19:49","2025-05-12 10:19:49",NULL,True,NULL
467,551,7016,"account","low","open","Account merge request","2025-10-11 08:32:05",NULL,NULL,NULL,False,"security"
468,1126,NULL,"account","medium","open","Slow loading on project boards","2024-12-06 19:54:36",NULL,NULL,NULL,False,"urgent;migration"
469,950,NULL,"api","critical","waiting_on_customer","Time tracking sync issues","2025-01-18 03:02:27","2025-01-18 03:41:27",NULL,NULL,False,"ux, feature, sso, training"
470,413,5208,"account","low","in_progress","Gantt chart not rendering correctly","2024-04-27 08:14:34","2024-04-29 08:14:34",NULL,NULL,False,"billing;export;urgent;technical"
471,1,1,"account","low","in_progress","Cannot downgrade plan","2024-07-02 17:59:21","2024-07-03 13:59:21",NULL,NULL,False,"documentation , security"
472,329,4211,"account","medium","waiting_on_customer","Report generation timeout","2024-09-11 18:15:17","2024-09-12 09:15:17",NULL,NULL,False,"api , performance , onboarding , mobile"
473,623,7930,"billing","low","in_progress","GDPR data export request","2025-01-30 09:34:18","2025-02-02 08:34:18",NULL,NULL,False,"billing"
474,951,NULL,"performance","low","waiting_on_customer","Account merge request","2023-09-22 06:18:02","2023-09-22 12:18:02",NULL,NULL,False,"mobile"
475,682,NULL,"integration","medium","resolved","Export failing for large datasets","2024-03-21 06:38:47","2024-03-21 10:38:47","2024-03-26 10:38:47",4,False,"technical;feature"
476,518,6600,"account","high","resolved","Export failing for large datasets","2023-06-16 09:03:18","2023-06-16 17:03:18","2023-06-22 12:03:18",4,True,"mobile,bug,onboarding,enterprise"
477,298,3971,"account","high","waiting_on_customer","Slow loading on project boards","2025-09-15 09:49:56","2025-09-15 21:49:56",NULL,NULL,False,"enterprise, gdpr, performance, security"
478,57,926,"integration","medium","in_progress","Export failing for large datasets","2025-09-22 08:56:31","2025-09-22 11:56:31",NULL,NULL,False,"migration , security"
479,567,7235,"performance","low","closed","Slow loading on project boards","2025-02-20 10:29:56","2025-02-21 06:29:56","2025-02-27 03:29:56",NULL,False,"bug"
480,750,NULL,"feature_request","high","closed","Mobile app crashes on Android","2025-02-13 02:29:30","2025-02-13 11:29:30","2025-02-16 05:29:30",5,False,NULL
481,627,8042,"performance","medium","open","White label logo not displaying","2025-05-04 03:24:26",NULL,NULL,NULL,False,"mobile"
482,579,7505,"billing","low","in_progress","Custom workflow automation broken","2025-03-16 05:23:55","2025-03-16 15:23:55",NULL,NULL,False,"api , onboarding"
483,766,NULL,"data_export","high","resolved","Audit log access denied","2025-10-21 17:20:47","2025-10-22 04:20:47","2025-10-26 14:20:47",3,False,"urgent, migration, enterprise, feature"
484,471,6055,"api","high","waiting_on_customer","Feature request: dark mode","2025-10-02 10:20:25","2025-10-02 14:20:25",NULL,NULL,False,"sso;gdpr;performance"
485,895,NULL,"technical","low","closed","API rate limiting issues","2025-08-07 04:50:05","2025-08-08 02:50:05","2025-08-12 10:50:05",NULL,False,"billing;security;sso"
486,219,3145,"performance","critical","closed","White label logo not displaying","2024-09-16 16:23:59","2024-09-16 18:14:59","2024-09-19 06:14:59",2,True,"security, training, performance"
487,110,1576,"technical","critical","open","Cannot login to dashboard","2024-08-27 01:47:59",NULL,NULL,NULL,False,"billing,onboarding"
488,991,NULL,"performance","medium","in_progress","Permission settings not saving","2024-06-27 05:50:13","2024-06-30 02:50:13",NULL,NULL,False,NULL
489,838,NULL,"onboarding","low","closed","Account merge request","2025-08-13 19:09:53","2025-08-14 23:09:53","2025-08-21 09:09:53",2,False,"ux;billing;integration"
490,1010,NULL,"onboarding","medium","closed","Feature request: dark mode","2025-01-18 20:34:34","2025-01-20 11:34:34","2025-01-27 02:34:34",NULL,False,NULL
491,4,49,"onboarding","medium","in_progress","Account merge request","2024-09-13 22:15:48","2024-09-14 23:15:48",NULL,NULL,False,"gdpr, integration"
492,834,NULL,"account","medium","waiting_on_customer","Billing discrepancy on latest invoice","2025-09-29 22:31:41","2025-10-02 05:31:41",NULL,NULL,False,"enterprise"
493,832,NULL,"billing","high","closed","Need help with API authentication","2024-01-13 22:53:29","2024-01-14 02:53:29","2024-01-17 09:53:29",4,False,"training, technical"
494,321,4177,"performance","medium","in_progress","Audit log access denied","2025-05-15 18:29:04","2025-05-18 18:29:04",NULL,NULL,False,"billing , urgent , gdpr , feature"
495,651,8419,"security","high","resolved","SSO configuration help needed","2024-11-03 03:44:54","2024-11-03 13:44:54","2024-11-10 13:44:54",NULL,True,NULL
496,891,NULL,"data_export","medium","resolved","Time tracking sync issues","2025-04-21 19:50:03","2025-04-22 01:50:03","2025-04-24 15:50:03",5,False,NULL
497,1069,NULL,"performance","low","resolved","Slow loading on project boards","2025-04-11 10:33:21","2025-04-11 15:33:21","2025-04-14 02:33:21",2,False,"mobile , documentation"
498,986,NULL,"security","low","in_progress","Report generation timeout","2025-08-20 03:23:11","2025-08-21 20:23:11",NULL,NULL,False,"migration,enterprise,bug"
499,1127,NULL,"integration","medium","waiting_on_customer","SSO configuration help needed","2025-09-29 01:51:23","2025-09-30 10:51:23",NULL,NULL,False,"integration;billing;enterprise;documentation"
500,1012,NULL,"performance","critical","closed","Mobile app crashes on Android","2024-08-06 15:28:41","2024-08-06 15:44:41","2024-08-11 07:44:41",2,False,"documentation , feature"
501,2,8,"security","medium","in_progress","Need help with API authentication","2024-08-12 15:16:37","2024-08-14 18:16:37",NULL,NULL,False,"technical , gdpr"
502,298,3974,"data_export","critical","closed","Account merge request","2025-03-06 10:22:44","2025-03-06 10:52:44","2025-03-11 01:52:44",3,False,"security;billing"
503,547,6970,"integration","high","resolved","Mobile app crashes on Android","2025-04-14 19:51:49","2025-04-15 00:51:49","2025-04-15 21:51:49",NULL,False,"export , billing"
504,847,NULL,"performance","high","resolved","Need to add more team members","2024-09-30 05:55:34","2024-09-30 13:55:34","2024-10-03 00:55:34",4,False,"integration, bug"
505,289,3934,"technical","low","open","GDPR data export request","2024-11-25 08:10:01",NULL,NULL,NULL,False,"documentation"
506,110,1572,"security","medium","closed","Report generation timeout","2025-09-22 02:10:24","2025-09-23 22:10:24","2025-09-27 01:10:24",5,False,"billing , performance , feature , security"
507,1007,NULL,"onboarding","high","waiting_on_customer","Gantt chart not rendering correctly","2025-10-21 09:09:08","2025-10-21 14:09:08",NULL,NULL,False,"sso"
508,59,976,"api","low","open","Time tracking sync issues","2023-07-19 19:08:11",NULL,NULL,NULL,False,"feature;performance;feature"
509,11,207,"onboarding","low","resolved","SSO configuration help needed","2025-03-19 03:46:34","2025-03-21 02:46:34","2025-03-21 19:46:34",2,False,"enterprise , billing"
510,1199,NULL,"integration","low","closed","Feature request: dark mode","2024-02-02 05:46:29","2024-02-03 21:46:29","2024-02-07 02:46:29",4,False,NULL
511,372,4769,"integration","high","closed","Cannot downgrade plan","2024-05-22 18:21:45","2024-05-23 03:21:45","2024-05-25 14:21:45",2,False,"migration,enterprise,sso"
512,874,NULL,"onboarding","medium","closed","Integration with Slack not working","2024-10-22 22:57:34","2024-10-24 05:57:34","2024-10-25 09:57:34",4,False,"training"
513,1149,NULL,"integration","medium","waiting_on_customer","White label logo not displaying","2024-09-27 12:10:12","2024-09-29 08:10:12",NULL,NULL,False,"integration,gdpr,api"
514,1011,NULL,"feature_request","medium","resolved","Need help with API authentication","2025-07-31 11:58:41","2025-08-01 20:58:41","2025-08-08 12:58:41",2,False,"integration , ux , export , urgent"
515,137,2010,"feature_request","critical","open","Cannot downgrade plan","2025-09-12 01:48:46",NULL,NULL,NULL,False,"export;integration;api;enterprise"
516,707,NULL,"onboarding","medium","waiting_on_customer","Cannot downgrade plan","2024-08-01 07:10:01","2024-08-01 20:10:01",NULL,NULL,False,"integration, technical, onboarding, enterprise"
517,684,NULL,"billing","high","closed","Integration with Slack not working","2025-08-08 06:41:03","2025-08-08 10:41:03","2025-08-12 12:41:03",4,True,"gdpr"
518,282,3839,"security","medium","closed","Mobile app crashes on Android","2025-09-15 06:17:22","2025-09-17 11:17:22","2025-09-19 07:17:22",3,False,"urgent,integration"
519,1140,NULL,"technical","medium","in_progress","Custom workflow automation broken","2024-07-15 13:51:09","2024-07-18 00:51:09",NULL,NULL,False,NULL
520,977,NULL,"security","medium","resolved","Billing discrepancy on latest invoice","2025-06-15 00:36:02","2025-06-17 19:36:02","2025-06-21 13:36:02",NULL,False,NULL
521,143,2121,"integration","medium","resolved","Time tracking sync issues","2024-11-19 22:10:11","2024-11-21 07:10:11","2024-11-24 15:10:11",4,False,"technical;api"
522,856,NULL,"data_export","medium","resolved","Time tracking sync issues","2023-10-13 05:40:41","2023-10-13 07:40:41","2023-10-19 04:40:41",5,False,"bug;onboarding;ux"
523,970,NULL,"data_export","high","waiting_on_customer","Time tracking sync issues","2023-06-10 20:48:03","2023-06-10 21:48:03",NULL,NULL,False,"onboarding , integration , mobile"
524,760,NULL,"onboarding","medium","waiting_on_customer","Slow loading on project boards","2024-03-04 06:21:24","2024-03-06 02:21:24",NULL,NULL,False,NULL
525,131,1968,"billing","high","waiting_on_customer","Gantt chart not rendering correctly","2025-04-14 22:47:07","2025-04-15 06:47:07",NULL,NULL,False,"migration"
526,1071,NULL,"billing","low","resolved","Billing discrepancy on latest invoice","2024-04-05 07:21:44","2024-04-06 18:21:44","2024-04-08 08:21:44",2,False,NULL
527,878,NULL,"account","critical","waiting_on_customer","Cannot downgrade plan","2024-06-12 01:03:04","2024-06-12 01:33:04",NULL,NULL,False,"feature;export;mobile"
528,575,7424,"security","medium","waiting_on_customer","Time tracking sync issues","2025-03-21 09:54:58","2025-03-21 11:54:58",NULL,NULL,False,"bug, integration, feature, onboarding"
529,353,4505,"billing","medium","waiting_on_customer","Webhook delivery failures","2025-03-22 20:54:16","2025-03-25 20:54:16",NULL,NULL,False,"enterprise , enterprise"
530,127,1864,"data_export","medium","waiting_on_customer","Duplicate notifications being sent","2024-10-11 22:18:05","2024-10-13 02:18:05",NULL,NULL,False,NULL
531,528,6705,"onboarding","medium","open","Cannot downgrade plan","2025-09-20 12:28:04",NULL,NULL,NULL,False,NULL
532,443,5654,"integration","critical","open","Need help with API authentication","2025-06-11 15:57:14",NULL,NULL,NULL,False,"onboarding"
533,351,4494,"data_export","medium","resolved","Cannot login to dashboard","2023-06-23 13:28:17","2023-06-25 11:28:17","2023-06-30 18:28:17",3,False,"export"
534,465,6025,"data_export","low","in_progress","Mobile app crashes on Android","2025-08-31 09:33:10","2025-09-01 00:33:10",NULL,NULL,False,"mobile , sso"
535,853,NULL,"performance","medium","resolved","Custom workflow automation broken","2024-06-28 20:59:03","2024-07-01 08:59:03","2024-07-02 17:59:03",4,False,NULL
536,663,8499,"billing","low","waiting_on_customer","Account merge request","2025-05-01 04:13:52","2025-05-03 16:13:52",NULL,NULL,False,NULL
537,578,7492,"integration","medium","in_progress","Cannot login to dashboard","2025-09-30 15:36:28","2025-09-30 18:36:28",NULL,NULL,False,"gdpr"
538,734,NULL,"integration","high","waiting_on_customer","Export failing for large datasets","2023-06-19 20:01:27","2023-06-20 00:01:27",NULL,NULL,True,"export, integration"
539,16,320,"security","low","waiting_on_customer","Billing discrepancy on latest invoice","2025-01-22 22:18:09","2025-01-23 14:18:09",NULL,NULL,False,NULL
540,479,6114,"security","high","resolved","Billing discrepancy on latest invoice","2024-11-24 22:10:13","2024-11-25 02:10:13","2024-11-26 23:10:13",5,False,"gdpr , ux"
541,576,7465,"onboarding","medium","in_progress","Report generation timeout","2025-09-23 14:24:04","2025-09-24 04:24:04",NULL,NULL,False,"training,integration,feature"
542,94,1422,"integration","low","in_progress","Webhook delivery failures","2024-09-21 10:45:16","2024-09-22 23:45:16",NULL,NULL,False,"bug"
543,1025,NULL,"onboarding","low","in_progress","Need help with API authentication","2024-06-05 06:45:44","2024-06-05 21:45:44",NULL,NULL,False,"onboarding , gdpr , api , integration"
544,849,NULL,"performance","low","closed","Duplicate notifications being sent","2025-10-02 22:02:43","2025-10-05 22:02:43","2025-10-07 18:02:43",NULL,False,"urgent;ux"
545,1062,NULL,"billing","medium","in_progress","Audit log access denied","2025-09-09 14:55:13","2025-09-09 17:55:13",NULL,NULL,False,NULL
546,1199,NULL,"billing","low","waiting_on_customer","Time tracking sync issues","2024-01-21 15:14:19","2024-01-22 11:14:19",NULL,NULL,False,"bug, training"
547,521,6618,"account","high","open","Report generation timeout","2024-12-10 21:47:02",NULL,NULL,NULL,False,"sso"
548,533,6772,"performance","medium","open","API rate limiting issues","2023-09-18 17:37:36",NULL,NULL,NULL,False,"documentation, integration, billing"
549,425,5399,"technical","high","resolved","Permission settings not saving","2025-06-08 08:34:53","2025-06-08 10:34:53","2025-06-12 07:34:53",NULL,True,"documentation, urgent, migration, integration"
550,101,1483,"technical","low","closed","Audit log access denied","2024-01-30 22:54:43","2024-01-31 06:54:43","2024-02-05 11:54:43",4,False,"enterprise;sso"
551,342,4342,"technical","critical","in_progress","Billing discrepancy on latest invoice","2025-08-27 15:50:04","2025-08-27 17:20:04",NULL,NULL,False,"technical,feature,documentation,billing"
552,460,5944,"technical","high","closed","Integration with Slack not working","2025-05-05 10:30:56","2025-05-05 17:30:56","2025-05-09 23:30:56",5,False,"api , onboarding , integration , performance , api"
553,1013,NULL,"technical","medium","in_progress","Export failing for large datasets","2024-01-09 05:24:48","2024-01-10 10:24:48",NULL,NULL,False,"feature,security,billing,migration"
554,885,NULL,"data_export","medium","waiting_on_customer","Cannot downgrade plan","2023-12-30 21:27:19","2023-12-31 11:27:19",NULL,NULL,False,"export;technical;enterprise;feature"
555,274,3798,"performance","critical","resolved","Need to add more team members","2025-10-10 04:34:13","2025-10-10 05:44:13","2025-10-14 20:44:13",5,True,"mobile;sso"
556,1111,NULL,"technical","high","open","Cannot login to dashboard","2025-06-17 13:23:31",NULL,NULL,NULL,True,"training"
557,1156,NULL,"data_export","low","waiting_on_customer","Slow loading on project boards","2025-04-04 01:08:04","2025-04-06 01:08:04",NULL,NULL,False,"billing,security"
558,641,8309,"billing","medium","in_progress","GDPR data export request","2024-12-16 20:51:49","2024-12-17 00:51:49",NULL,NULL,False,"bug , onboarding"
559,100,1482,"integration","medium","closed","Export failing for large datasets","2025-07-22 23:55:44","2025-07-23 19:55:44","2025-07-29 13:55:44",NULL,False,"integration"
560,713,NULL,"account","high","closed","Slow loading on project boards","2025-06-17 23:37:15","2025-06-18 02:37:15","2025-06-25 00:37:15",5,False,"performance , onboarding"
561,935,NULL,"technical","high","closed","Audit log access denied","2024-12-02 04:48:15","2024-12-02 10:48:15","2024-12-07 22:48:15",NULL,False,NULL
562,393,4979,"api","medium","waiting_on_customer","Integration with Slack not working","2024-11-06 15:42:42","2024-11-09 06:42:42",NULL,NULL,False,"documentation, performance"
563,377,4797,"billing","high","resolved","Duplicate notifications being sent","2025-06-16 11:27:47","2025-06-16 19:27:47","2025-06-18 03:27:47",3,False,"export, billing"
564,867,NULL,"onboarding","low","open","Webhook delivery failures","2025-05-12 06:01:50",NULL,NULL,NULL,False,"ux"
565,70,1080,"technical","medium","waiting_on_customer","Gantt chart not rendering correctly","2024-02-16 15:59:48","2024-02-17 04:59:48",NULL,NULL,False,NULL
566,1162,NULL,"performance","low","waiting_on_customer","Data import from CSV failing","2024-05-24 00:50:27","2024-05-25 09:50:27",NULL,NULL,False,"export , bug , sso , documentation"
567,606,7779,"security","high","waiting_on_customer","Time tracking sync issues","2025-05-23 12:08:29","2025-05-23 15:08:29",NULL,NULL,False,"bug,export,feature,ux"
568,1159,NULL,"security","medium","waiting_on_customer","Cannot login to dashboard","2023-07-29 22:01:22","2023-08-01 07:01:22",NULL,NULL,False,NULL
569,995,NULL,"technical","medium","open","White label logo not displaying","2025-04-16 16:56:12",NULL,NULL,NULL,False,NULL
570,710,NULL,"billing","low","in_progress","Account merge request","2023-03-10 20:20:15","2023-03-11 18:20:15",NULL,NULL,False,"export, api, enterprise, migration"
571,572,7360,"billing","critical","in_progress","API rate limiting issues","2025-05-23 17:51:01","2025-05-23 18:14:01",NULL,NULL,True,"security,migration,ux,documentation"
572,961,NULL,"feature_request","medium","in_progress","Need to add more team members","2025-08-15 14:23:12","2025-08-16 07:23:12",NULL,NULL,False,"security , gdpr"
573,189,2712,"account","critical","waiting_on_customer","Data import from CSV failing","2025-08-17 16:06:33","2025-08-17 17:49:33",NULL,NULL,True,NULL
574,407,5166,"account","medium","in_progress","SSO configuration help needed","2025-01-02 18:01:16","2025-01-05 12:01:16",NULL,NULL,False,"gdpr"
575,504,6401,"security","high","resolved","Billing discrepancy on latest invoice","2023-12-18 15:32:51","2023-12-18 22:32:51","2023-12-19 12:32:51",4,False,"security, migration, bug"
576,1134,NULL,"api","low","resolved","Account merge request","2024-05-05 12:46:29","2024-05-05 23:46:29","2024-05-06 23:46:29",4,False,NULL
577,1018,NULL,"onboarding","medium","open","Billing discrepancy on latest invoice","2025-02-27 01:08:05",NULL,NULL,NULL,False,"feature , billing"
578,63,1039,"feature_request","medium","in_progress","Gantt chart not rendering correctly","2025-05-17 12:26:06","2025-05-19 18:26:06",NULL,NULL,False,NULL
579,1043,NULL,"onboarding","low","open","GDPR data export request","2023-09-01 19:33:19",NULL,NULL,NULL,False,"sso"
580,576,7433,"billing","medium","closed","Webhook delivery failures","2025-08-26 13:35:18","2025-08-27 05:35:18","2025-09-01 02:35:18",NULL,False,NULL
581,901,NULL,"technical","low","in_progress","Export failing for large datasets","2025-05-16 19:17:53","2025-05-17 23:17:53",NULL,NULL,False,"ux,urgent,ux"
582,1137,NULL,"billing","medium","resolved","Billing discrepancy on latest invoice","2025-09-24 22:38:00","2025-09-26 08:38:00","2025-10-02 16:38:00",3,False,NULL
583,229,3217,"integration","high","resolved","Integration with Slack not working","2025-05-30 09:35:27","2025-05-30 10:35:27","2025-06-06 10:35:27",5,False,"enterprise, mobile"
584,1017,NULL,"performance","low","open","Report generation timeout","2025-06-02 07:25:05",NULL,NULL,NULL,False,"sso , documentation , billing , gdpr"
585,278,3819,"technical","medium","resolved","API rate limiting issues","2025-04-26 07:24:19","2025-04-28 14:24:19","2025-04-29 13:24:19",3,False,"ux,security"
586,760,NULL,"account","critical","in_progress","API rate limiting issues","2024-10-17 18:27:43","2024-10-17 20:07:43",NULL,NULL,False,"ux , gdpr"
587,229,3214,"technical","high","waiting_on_customer","SSO configuration help needed","2025-06-14 01:49:49","2025-06-14 03:49:49",NULL,NULL,False,"bug;sso"
588,165,2423,"security","low","open","Export failing for large datasets","2025-10-27 17:49:09",NULL,NULL,NULL,False,"training , integration , training"
589,969,NULL,"security","critical","open","Gantt chart not rendering correctly","2025-09-11 18:05:13",NULL,NULL,NULL,False,"feature;integration;billing;mobile"
590,265,3699,"performance","low","resolved","Account merge request","2024-11-03 05:56:09","2024-11-04 07:56:09","2024-11-11 04:56:09",2,False,NULL
591,626,8037,"api","critical","resolved","Report generation timeout","2025-06-15 11:05:25","2025-06-15 12:41:25","2025-06-16 05:41:25",5,True,"migration;billing;performance;ux"
592,19,397,"billing","medium","waiting_on_customer","Need help with API authentication","2025-02-03 11:08:46","2025-02-04 23:08:46",NULL,NULL,False,NULL
593,1158,NULL,"performance","low","in_progress","Audit log access denied","2025-10-09 14:02:10","2025-10-11 08:02:10",NULL,NULL,False,"onboarding,ux,export"
594,877,NULL,"performance","medium","closed","Integration with Slack not working","2025-04-05 18:10:21","2025-04-08 12:10:21","2025-04-14 18:10:21",3,False,"performance , enterprise , bug , performance"
595,631,8120,"technical","high","open","Duplicate notifications being sent","2023-12-06 07:32:02",NULL,NULL,NULL,False,"mobile, billing, ux"
596,445,5684,"security","medium","closed","Feature request: dark mode","2025-03-03 02:08:16","2025-03-03 09:08:16","2025-03-07 00:08:16",NULL,False,"urgent"
597,1179,NULL,"performance","medium","in_progress","Duplicate notifications being sent","2025-10-06 19:11:11","2025-10-07 16:11:11",NULL,NULL,False,"training, ux, enterprise"
598,756,NULL,"billing","low","waiting_on_customer","Data import from CSV failing","2025-07-24 17:18:32","2025-07-26 03:18:32",NULL,NULL,False,"mobile;bug;feature"
599,983,NULL,"billing","high","waiting_on_customer","Feature request: dark mode","2024-12-06 00:11:49","2024-12-06 12:11:49",NULL,NULL,False,"migration;feature;bug"
600,683,NULL,"onboarding","low","in_progress","Duplicate notifications being sent","2025-06-18 13:45:40","2025-06-20 16:45:40",NULL,NULL,False,NULL
601,610,7809,"data_export","low","closed","Cannot login to dashboard","2025-06-19 14:48:43","2025-06-19 19:48:43","2025-06-22 00:48:43",5,False,"security"
602,83,1290,"account","low","resolved","Data import from CSV failing","2025-05-23 06:13:39","2025-05-23 14:13:39","2025-05-25 18:13:39",4,False,"export,mobile,integration"
603,350,4488,"billing","medium","open","Audit log access denied","2025-09-03 02:27:57",NULL,NULL,NULL,False,NULL
604,228,3204,"performance","high","resolved","Need help with API authentication","2024-07-28 21:12:51","2024-07-29 08:12:51","2024-08-03 03:12:51",3,True,NULL
605,820,NULL,"performance","high","closed","Slow loading on project boards","2025-09-14 20:36:12","2025-09-15 08:36:12","2025-09-15 23:36:12",5,True,"api, onboarding"
606,717,NULL,"onboarding","medium","resolved","Cannot downgrade plan","2024-12-03 20:08:33","2024-12-04 23:08:33","2024-12-05 03:08:33",NULL,False,"ux,performance"
607,1115,NULL,"onboarding","low","waiting_on_customer","Cannot login to dashboard","2025-03-12 03:45:30","2025-03-13 06:45:30",NULL,NULL,False,"integration, gdpr, bug"
608,971,NULL,"onboarding","medium","waiting_on_customer","Slow loading on project boards","2025-09-19 22:20:50","2025-09-22 15:20:50",NULL,NULL,False,"api, feature"
1169,1057,NULL,"api","low","closed","Permission settings not saving","2025-08-21 04:25:43","2025-08-23 09:25:43","2025-08-24 08:25:43",NULL,False,"urgent"
609,1088,NULL,"integration","low","closed","Feature request: dark mode","2025-10-20 14:02:25","2025-10-22 04:02:25","2025-10-28 20:02:25",5,False,"billing , mobile , export , sso"
610,564,7217,"onboarding","high","waiting_on_customer","Duplicate notifications being sent","2025-04-11 15:52:15","2025-04-11 18:52:15",NULL,NULL,False,"feature, urgent, bug"
611,1198,NULL,"api","medium","resolved","Need to add more team members","2023-12-21 17:05:02","2023-12-23 20:05:02","2023-12-30 03:05:02",4,False,"billing , onboarding , integration , api"
612,292,3942,"feature_request","medium","resolved","Duplicate notifications being sent","2025-01-22 20:50:21","2025-01-24 04:50:21","2025-01-28 05:50:21",NULL,False,"enterprise;migration;export;enterprise"
613,343,4344,"account","low","open","API rate limiting issues","2025-01-05 09:14:50",NULL,NULL,NULL,False,"integration"
614,292,3943,"security","medium","resolved","Cannot downgrade plan","2025-08-05 15:20:00","2025-08-07 13:20:00","2025-08-08 03:20:00",NULL,False,NULL
615,1102,NULL,"data_export","medium","open","GDPR data export request","2024-12-09 22:34:46",NULL,NULL,NULL,False,"onboarding,training,billing"
616,668,NULL,"onboarding","medium","waiting_on_customer","Account merge request","2024-03-06 01:07:13","2024-03-08 01:07:13",NULL,NULL,False,"ux,bug,security,export"
617,29,576,"security","low","resolved","Integration with Slack not working","2024-04-21 13:25:02","2024-04-24 12:25:02","2024-04-25 07:25:02",NULL,False,"integration"
618,221,3158,"billing","medium","in_progress","Permission settings not saving","2025-04-18 08:18:50","2025-04-21 02:18:50",NULL,NULL,False,NULL
619,897,NULL,"onboarding","high","resolved","Cannot login to dashboard","2025-05-25 19:53:36","2025-05-26 04:53:36","2025-06-01 04:53:36",5,True,"gdpr;performance;feature;bug"
620,700,NULL,"performance","low","resolved","Need help with API authentication","2023-03-28 09:48:28","2023-03-28 17:48:28","2023-04-01 20:48:28",5,False,"documentation;ux"
621,891,NULL,"performance","medium","resolved","Mobile app crashes on Android","2025-04-12 17:28:09","2025-04-15 13:28:09","2025-04-22 02:28:09",NULL,False,"sso;performance;gdpr;integration"
622,850,NULL,"technical","medium","resolved","Integration with Slack not working","2025-10-19 16:12:58","2025-10-19 20:12:58","2025-10-23 05:12:58",1,False,NULL
623,261,3637,"technical","critical","in_progress","Need help with API authentication","2025-08-15 14:56:34","2025-08-15 16:38:34",NULL,NULL,False,NULL
624,822,NULL,"api","low","open","Billing discrepancy on latest invoice","2024-08-27 14:08:15",NULL,NULL,NULL,False,"bug,integration,onboarding,urgent"
625,139,2081,"technical","medium","closed","GDPR data export request","2025-06-03 03:25:35","2025-06-04 10:25:35","2025-06-04 14:25:35",3,False,"integration,gdpr,api,sso"
626,1186,NULL,"account","high","resolved","White label logo not displaying","2025-05-16 07:04:42","2025-05-16 10:04:42","2025-05-19 13:04:42",NULL,False,"export"
627,603,7736,"account","low","waiting_on_customer","Need help with API authentication","2025-06-16 15:30:26","2025-06-17 01:30:26",NULL,NULL,False,"export;feature"
628,860,NULL,"feature_request","medium","closed","GDPR data export request","2025-05-27 03:05:09","2025-05-28 23:05:09","2025-05-30 14:05:09",4,False,"gdpr;billing;urgent"
629,396,5054,"onboarding","medium","waiting_on_customer","Billing discrepancy on latest invoice","2025-05-07 01:14:08","2025-05-08 07:14:08",NULL,NULL,False,"sso;enterprise"
630,36,663,"feature_request","critical","closed","Need help with API authentication","2025-10-30 17:19:45","2025-10-30 18:12:45","2025-11-06 18:12:45",5,False,"feature,training,billing"
631,288,3926,"onboarding","high","resolved","Gantt chart not rendering correctly","2025-07-07 23:52:28","2025-07-08 09:52:28","2025-07-09 01:52:28",2,False,"feature , mobile , sso , enterprise"
632,940,NULL,"billing","critical","in_progress","Billing discrepancy on latest invoice","2025-06-25 10:24:03","2025-06-25 11:13:03",NULL,NULL,True,NULL
633,252,3534,"onboarding","critical","closed","API rate limiting issues","2025-07-26 23:55:50","2025-07-27 00:45:50","2025-07-30 01:45:50",5,True,NULL
634,476,6082,"feature_request","low","in_progress","Slow loading on project boards","2025-02-27 01:56:10","2025-02-27 10:56:10",NULL,NULL,False,"sso , integration"
635,247,3455,"integration","critical","waiting_on_customer","Cannot login to dashboard","2024-12-18 15:03:08","2024-12-18 15:33:08",NULL,NULL,False,"feature , onboarding , security"
636,283,3842,"feature_request","low","closed","Permission settings not saving","2025-10-25 13:00:37","2025-10-28 13:00:37","2025-10-31 17:00:37",2,False,"gdpr, technical, export"
637,252,3538,"security","low","in_progress","Feature request: dark mode","2024-09-12 15:08:06","2024-09-15 00:08:06",NULL,NULL,False,"sso"
638,542,6898,"onboarding","high","waiting_on_customer","Data import from CSV failing","2025-07-24 01:19:10","2025-07-24 05:19:10",NULL,NULL,False,NULL
639,1001,NULL,"account","medium","waiting_on_customer","Billing discrepancy on latest invoice","2025-09-09 15:44:43","2025-09-10 20:44:43",NULL,NULL,False,"migration,security,export,ux,migration"
640,557,7154,"security","low","closed","Report generation timeout","2025-09-28 01:30:07","2025-09-29 15:30:07","2025-10-01 21:30:07",5,False,"technical , urgent , training , mobile"
641,1026,NULL,"performance","high","waiting_on_customer","SSO configuration help needed","2023-10-27 07:28:46","2023-10-27 09:28:46",NULL,NULL,True,"billing;billing"
642,785,NULL,"integration","medium","open","Gantt chart not rendering correctly","2024-12-14 22:02:47",NULL,NULL,NULL,False,NULL
643,935,NULL,"onboarding","low","open","Slow loading on project boards","2023-06-04 06:55:18",NULL,NULL,NULL,False,"technical;billing"
644,388,4911,"technical","high","closed","Feature request: dark mode","2024-11-27 07:50:07","2024-11-27 08:50:07","2024-11-30 14:50:07",NULL,False,"security"
645,867,NULL,"data_export","medium","closed","Custom workflow automation broken","2025-06-15 02:31:25","2025-06-17 15:31:25","2025-06-18 12:31:25",2,False,NULL
646,559,7167,"performance","low","waiting_on_customer","API rate limiting issues","2025-08-28 00:33:41","2025-08-28 21:33:41",NULL,NULL,False,"feature,ux,sso"
647,609,7801,"data_export","high","waiting_on_customer","Report generation timeout","2025-08-16 05:28:50","2025-08-16 12:28:50",NULL,NULL,False,"technical;urgent"
648,1112,NULL,"onboarding","low","in_progress","Permission settings not saving","2024-12-04 04:15:50","2024-12-04 16:15:50",NULL,NULL,False,"gdpr , migration , mobile , api"
649,79,1206,"technical","high","resolved","Feature request: dark mode","2025-08-22 08:18:01","2025-08-22 11:18:01","2025-08-25 13:18:01",4,False,NULL
650,766,NULL,"security","low","in_progress","Gantt chart not rendering correctly","2025-10-09 06:38:32","2025-10-09 08:38:32",NULL,NULL,False,"sso,migration,documentation"
651,985,NULL,"technical","medium","waiting_on_customer","Permission settings not saving","2025-04-09 08:27:18","2025-04-11 06:27:18",NULL,NULL,False,NULL
652,56,924,"data_export","low","in_progress","Webhook delivery failures","2025-10-13 14:57:44","2025-10-15 03:57:44",NULL,NULL,False,"onboarding,api"
653,799,NULL,"security","high","open","Export failing for large datasets","2025-05-17 18:52:03",NULL,NULL,NULL,False,"training, integration, urgent, security"
654,569,7283,"integration","high","resolved","Mobile app crashes on Android","2025-02-02 07:19:53","2025-02-02 13:19:53","2025-02-05 09:19:53",NULL,False,"integration, documentation, billing, export"
655,708,NULL,"feature_request","medium","resolved","GDPR data export request","2025-08-01 08:59:08","2025-08-04 02:59:08","2025-08-04 03:59:08",5,False,"documentation;sso;technical;bug"
656,1045,NULL,"security","medium","in_progress","Cannot downgrade plan","2025-05-21 16:46:27","2025-05-23 10:46:27",NULL,NULL,False,"ux,urgent"
657,283,3841,"billing","medium","resolved","Audit log access denied","2025-06-01 23:10:56","2025-06-02 12:10:56","2025-06-09 07:10:56",4,False,"enterprise , bug , enterprise"
658,400,5097,"api","critical","waiting_on_customer","Gantt chart not rendering correctly","2025-08-06 06:04:04","2025-08-06 07:21:04",NULL,NULL,True,"gdpr,documentation,enterprise,ux,gdpr"
659,1028,NULL,"account","medium","open","Report generation timeout","2025-01-14 16:38:18",NULL,NULL,NULL,False,NULL
660,971,NULL,"security","medium","resolved","Billing discrepancy on latest invoice","2025-08-09 09:19:06","2025-08-10 03:19:06","2025-08-16 11:19:06",4,False,NULL
661,635,8166,"technical","high","waiting_on_customer","Audit log access denied","2025-04-11 18:18:52","2025-04-12 00:18:52",NULL,NULL,True,"mobile;ux"
662,716,NULL,"integration","medium","waiting_on_customer","Integration with Slack not working","2024-05-10 16:45:53","2024-05-11 02:45:53",NULL,NULL,False,"urgent,mobile,onboarding"
663,1080,NULL,"account","medium","resolved","Report generation timeout","2025-08-08 18:39:39","2025-08-10 23:39:39","2025-08-15 17:39:39",NULL,False,"ux;migration"
664,463,6010,"api","high","closed","Feature request: dark mode","2025-09-26 03:58:14","2025-09-26 04:58:14","2025-10-02 13:58:14",NULL,False,"urgent"
665,463,6010,"technical","high","open","Audit log access denied","2025-10-14 16:59:39",NULL,NULL,NULL,True,NULL
666,143,2121,"performance","high","waiting_on_customer","Account merge request","2024-12-18 09:45:27","2024-12-18 18:45:27",NULL,NULL,False,"bug;feature;bug"
667,7,93,"security","critical","open","Webhook delivery failures","2025-07-22 14:12:39",NULL,NULL,NULL,False,"api"
668,917,NULL,"account","medium","open","Integration with Slack not working","2025-05-25 09:37:52",NULL,NULL,NULL,False,"documentation, migration, urgent, api"
669,1173,NULL,"billing","low","resolved","Data import from CSV failing","2025-09-23 17:16:25","2025-09-25 07:16:25","2025-09-29 23:16:25",4,False,NULL
670,310,4103,"security","high","open","Data import from CSV failing","2025-08-16 15:44:51",NULL,NULL,NULL,False,"migration;technical"
671,407,5163,"onboarding","critical","closed","Audit log access denied","2023-11-23 13:35:39","2023-11-23 14:36:39","2023-11-27 03:36:39",1,False,"bug, gdpr, performance, enterprise"
672,572,7369,"integration","medium","closed","SSO configuration help needed","2025-10-28 13:59:14","2025-10-30 14:59:14","2025-11-05 08:59:14",NULL,False,"security , documentation , bug , api"
673,386,4895,"billing","low","closed","Report generation timeout","2025-03-29 17:33:36","2025-04-01 13:33:36","2025-04-04 04:33:36",NULL,False,NULL
674,863,NULL,"performance","high","in_progress","API rate limiting issues","2024-10-24 07:30:02","2024-10-24 16:30:02",NULL,NULL,True,"bug;performance"
675,852,NULL,"security","critical","waiting_on_customer","Gantt chart not rendering correctly","2025-07-13 07:18:14","2025-07-13 08:43:14",NULL,NULL,True,"sso"
676,23,463,"billing","critical","closed","Cannot login to dashboard","2025-10-11 09:05:43","2025-10-11 10:38:43","2025-10-13 07:38:43",NULL,False,"bug;enterprise;bug"
677,501,6389,"feature_request","high","waiting_on_customer","Time tracking sync issues","2024-06-21 11:44:22","2024-06-21 18:44:22",NULL,NULL,True,"mobile, enterprise, sso"
678,275,3799,"integration","medium","closed","Need to add more team members","2025-03-19 14:41:32","2025-03-21 08:41:32","2025-03-27 17:41:32",3,False,"ux , sso , api , urgent"
679,673,NULL,"account","critical","closed","Export failing for large datasets","2025-09-28 02:33:28","2025-09-28 02:45:28","2025-10-04 04:45:28",NULL,False,"billing,billing"
680,849,NULL,"account","critical","closed","White label logo not displaying","2023-03-27 20:51:06","2023-03-27 21:08:06","2023-03-28 23:08:06",5,True,"api,feature,sso,technical"
681,90,1396,"onboarding","high","open","Audit log access denied","2025-06-10 13:57:09",NULL,NULL,NULL,False,"gdpr"
682,1030,NULL,"security","low","resolved","White label logo not displaying","2025-09-08 16:50:28","2025-09-09 02:50:28","2025-09-15 09:50:28",4,False,"urgent, sso, enterprise"
683,1170,NULL,"security","high","in_progress","Cannot downgrade plan","2023-07-31 03:29:22","2023-07-31 07:29:22",NULL,NULL,True,"billing, migration"
684,436,5580,"technical","critical","resolved","Cannot login to dashboard","2025-04-22 05:06:38","2025-04-22 06:51:38","2025-04-26 16:51:38",NULL,True,NULL
685,1183,NULL,"account","low","resolved","White label logo not displaying","2024-06-03 17:49:34","2024-06-03 20:49:34","2024-06-08 16:49:34",NULL,False,"gdpr,api,bug,enterprise"
686,306,4065,"performance","low","resolved","White label logo not displaying","2024-08-10 14:35:15","2024-08-12 07:35:15","2024-08-18 11:35:15",4,False,"mobile"
687,1134,NULL,"performance","medium","in_progress","Slow loading on project boards","2024-11-02 06:09:54","2024-11-03 14:09:54",NULL,NULL,False,NULL
688,121,1748,"integration","low","resolved","Export failing for large datasets","2025-07-09 08:37:59","2025-07-11 06:37:59","2025-07-14 02:37:59",5,False,"performance;technical;security"
689,608,7798,"onboarding","medium","in_progress","Export failing for large datasets","2024-09-06 21:58:50","2024-09-08 13:58:50",NULL,NULL,False,"ux;integration"
690,645,8352,"technical","low","open","Export failing for large datasets","2025-09-15 20:45:08",NULL,NULL,NULL,False,NULL
691,785,NULL,"integration","low","resolved","Integration with Slack not working","2025-04-10 22:30:42","2025-04-11 02:30:42","2025-04-13 13:30:42",3,False,"enterprise,training,sso,bug"
692,460,5941,"billing","critical","resolved","GDPR data export request","2025-06-02 12:02:24","2025-06-02 13:19:24","2025-06-08 17:19:24",4,True,"documentation,urgent,api"
693,688,NULL,"onboarding","high","closed","Need to add more team members","2023-09-07 11:28:12","2023-09-07 18:28:12","2023-09-12 10:28:12",3,True,NULL
694,404,5150,"api","high","resolved","Cannot login to dashboard","2025-05-29 08:02:10","2025-05-29 09:02:10","2025-06-02 20:02:10",3,False,"ux , migration , security"
695,819,NULL,"performance","high","in_progress","Slow loading on project boards","2024-02-04 16:42:49","2024-02-04 20:42:49",NULL,NULL,False,"migration , technical"
696,1043,NULL,"billing","low","in_progress","GDPR data export request","2024-02-20 18:09:15","2024-02-21 15:09:15",NULL,NULL,False,"performance"
697,939,NULL,"onboarding","low","closed","Audit log access denied","2025-05-28 09:00:34","2025-05-29 17:00:34","2025-06-01 13:00:34",5,False,"urgent,ux,billing"
698,1028,NULL,"integration","medium","waiting_on_customer","GDPR data export request","2025-08-26 21:14:34","2025-08-29 08:14:34",NULL,NULL,False,"enterprise , documentation , migration"
699,510,6494,"technical","high","in_progress","Slow loading on project boards","2025-10-21 06:57:58","2025-10-21 12:57:58",NULL,NULL,False,"integration"
700,301,4006,"billing","low","waiting_on_customer","API rate limiting issues","2024-06-18 21:17:20","2024-06-19 14:17:20",NULL,NULL,False,"performance,technical"
701,909,NULL,"security","medium","waiting_on_customer","Webhook delivery failures","2024-09-25 15:19:49","2024-09-26 02:19:49",NULL,NULL,False,"training,technical,documentation,training"
702,346,4383,"technical","low","in_progress","Need help with API authentication","2023-11-13 20:17:40","2023-11-14 07:17:40",NULL,NULL,False,"gdpr"
703,660,8486,"api","medium","waiting_on_customer","Export failing for large datasets","2023-09-05 08:18:54","2023-09-07 18:18:54",NULL,NULL,False,"mobile,mobile"
704,340,4333,"security","medium","resolved","Time tracking sync issues","2025-08-21 08:24:01","2025-08-23 11:24:01","2025-08-27 05:24:01",3,False,"bug, api"
705,1005,NULL,"feature_request","medium","open","Export failing for large datasets","2025-10-24 18:19:24",NULL,NULL,NULL,False,"ux"
706,816,NULL,"security","medium","resolved","Feature request: dark mode","2025-01-14 20:49:54","2025-01-17 02:49:54","2025-01-21 22:49:54",3,False,"export"
707,1160,NULL,"account","medium","waiting_on_customer","Report generation timeout","2025-06-14 07:06:53","2025-06-15 10:06:53",NULL,NULL,False,"onboarding;bug"
708,356,4566,"feature_request","high","waiting_on_customer","Cannot login to dashboard","2025-08-31 03:11:23","2025-08-31 04:11:23",NULL,NULL,False,"billing,ux,documentation,export"
709,775,NULL,"onboarding","low","in_progress","Mobile app crashes on Android","2023-09-16 22:07:03","2023-09-18 10:07:03",NULL,NULL,False,"onboarding;ux;security;gdpr"
710,267,3710,"feature_request","low","open","Data import from CSV failing","2025-07-02 05:39:49",NULL,NULL,NULL,False,"security, migration"
711,838,NULL,"feature_request","medium","open","Gantt chart not rendering correctly","2025-04-16 12:51:16",NULL,NULL,NULL,False,"onboarding, mobile"
712,1081,NULL,"technical","low","waiting_on_customer","Export failing for large datasets","2025-09-22 04:23:25","2025-09-24 07:23:25",NULL,NULL,False,"bug, technical, integration, billing"
713,189,2707,"data_export","medium","closed","SSO configuration help needed","2025-08-12 01:12:47","2025-08-14 15:12:47","2025-08-20 11:12:47",NULL,False,"security"
714,1092,NULL,"onboarding","low","open","Need help with API authentication","2025-10-15 10:50:28",NULL,NULL,NULL,False,NULL
715,1016,NULL,"integration","medium","in_progress","Time tracking sync issues","2025-08-03 03:41:35","2025-08-05 23:41:35",NULL,NULL,False,"urgent , ux , enterprise"
716,769,NULL,"technical","medium","open","Custom workflow automation broken","2025-04-03 05:05:11",NULL,NULL,NULL,False,"ux, sso, bug"
717,196,2768,"api","low","open","Cannot login to dashboard","2024-02-25 10:03:14",NULL,NULL,NULL,False,"billing , performance , integration , sso"
718,676,NULL,"integration","low","open","Webhook delivery failures","2025-06-18 06:56:45",NULL,NULL,NULL,False,"api,sso,export"
719,209,3003,"data_export","high","open","Gantt chart not rendering correctly","2024-02-04 12:41:59",NULL,NULL,NULL,False,"security,bug"
720,576,7475,"performance","medium","closed","Data import from CSV failing","2025-09-11 22:15:28","2025-09-12 03:15:28","2025-09-15 19:15:28",4,False,"training, integration"
721,8,123,"onboarding","medium","resolved","Integration with Slack not working","2025-07-21 08:45:35","2025-07-23 17:45:35","2025-07-30 17:45:35",NULL,False,"integration"
722,126,1841,"performance","medium","waiting_on_customer","Duplicate notifications being sent","2025-07-02 02:00:17","2025-07-04 04:00:17",NULL,NULL,False,NULL
723,1137,NULL,"technical","low","waiting_on_customer","Account merge request","2025-05-14 08:12:15","2025-05-17 02:12:15",NULL,NULL,False,"migration, security, migration"
724,1070,NULL,"billing","medium","resolved","Slow loading on project boards","2025-05-09 03:48:37","2025-05-09 17:48:37","2025-05-14 03:48:37",4,False,NULL
725,531,6727,"api","critical","waiting_on_customer","GDPR data export request","2025-07-24 14:18:01","2025-07-24 16:13:01",NULL,NULL,False,NULL
726,1019,NULL,"performance","low","open","Billing discrepancy on latest invoice","2025-10-12 02:07:24",NULL,NULL,NULL,False,"ux , performance"
727,364,4668,"security","high","in_progress","Need help with API authentication","2025-05-06 19:36:25","2025-05-07 02:36:25",NULL,NULL,False,"bug"
728,366,4691,"onboarding","low","in_progress","Gantt chart not rendering correctly","2025-04-26 02:45:34","2025-04-26 05:45:34",NULL,NULL,False,"export,gdpr"
729,800,NULL,"performance","high","open","Export failing for large datasets","2025-08-28 23:24:36",NULL,NULL,NULL,False,"api;feature;sso;performance"
730,61,989,"security","high","waiting_on_customer","API rate limiting issues","2025-02-12 04:37:57","2025-02-12 06:37:57",NULL,NULL,True,"urgent , feature , billing , performance"
731,362,4647,"performance","critical","in_progress","Custom workflow automation broken","2025-09-22 09:02:35","2025-09-22 09:23:35",NULL,NULL,True,NULL
732,420,5333,"performance","medium","in_progress","GDPR data export request","2025-07-13 02:35:33","2025-07-15 14:35:33",NULL,NULL,False,"feature , bug , documentation"
733,72,1106,"data_export","low","in_progress","SSO configuration help needed","2025-10-28 02:09:51","2025-10-30 10:09:51",NULL,NULL,False,"urgent"
734,250,3486,"data_export","high","waiting_on_customer","Cannot login to dashboard","2025-10-21 16:43:31","2025-10-21 23:43:31",NULL,NULL,False,"mobile"
735,295,3960,"integration","low","in_progress","Permission settings not saving","2024-04-27 03:16:47","2024-04-29 08:16:47",NULL,NULL,False,"training"
736,49,803,"account","critical","resolved","Need to add more team members","2025-10-21 10:26:15","2025-10-21 11:34:15","2025-10-24 11:34:15",3,False,"urgent,sso,urgent"
737,1161,NULL,"feature_request","low","open","Data import from CSV failing","2025-02-19 21:44:00",NULL,NULL,NULL,False,"technical,gdpr,sso,enterprise"
738,320,4168,"data_export","medium","in_progress","White label logo not displaying","2025-06-01 14:39:42","2025-06-03 08:39:42",NULL,NULL,False,"integration,bug,performance,urgent"
739,225,3174,"security","medium","closed","Need help with API authentication","2025-10-05 06:46:06","2025-10-06 14:46:06","2025-10-07 06:46:06",4,False,"ux"
740,336,4281,"api","medium","resolved","Need help with API authentication","2025-08-01 02:22:16","2025-08-04 01:22:16","2025-08-09 01:22:16",4,False,"bug"
741,12,210,"onboarding","medium","resolved","Custom workflow automation broken","2025-01-16 02:01:08","2025-01-17 01:01:08","2025-01-18 20:01:08",5,False,NULL
742,55,919,"api","medium","in_progress","Export failing for large datasets","2024-08-19 21:05:45","2024-08-22 07:05:45",NULL,NULL,False,"export, api, integration, export"
743,320,4172,"billing","low","waiting_on_customer","GDPR data export request","2025-10-06 20:18:29","2025-10-08 23:18:29",NULL,NULL,False,NULL
744,692,NULL,"integration","high","resolved","Data import from CSV failing","2025-05-15 04:38:45","2025-05-15 13:38:45","2025-05-20 04:38:45",3,False,"training"
745,534,6779,"onboarding","low","waiting_on_customer","Integration with Slack not working","2023-11-05 17:47:40","2023-11-07 08:47:40",NULL,NULL,False,"gdpr,feature"
746,603,7741,"integration","critical","resolved","Integration with Slack not working","2025-06-07 21:06:57","2025-06-07 21:59:57","2025-06-11 23:59:57",4,False,"technical;api;onboarding"
747,894,NULL,"account","low","open","White label logo not displaying","2025-08-14 21:25:45",NULL,NULL,NULL,False,"training,enterprise,ux"
748,212,3043,"api","critical","waiting_on_customer","Need to add more team members","2024-03-15 15:50:50","2024-03-15 17:32:50",NULL,NULL,False,"onboarding"
749,319,4153,"data_export","high","resolved","Custom workflow automation broken","2025-07-05 10:58:30","2025-07-05 21:58:30","2025-07-09 18:58:30",4,False,"ux, api, documentation, ux"
750,192,2729,"billing","high","resolved","Permission settings not saving","2025-06-27 20:48:20","2025-06-28 01:48:20","2025-07-03 07:48:20",2,False,"api , ux"
751,829,NULL,"api","medium","waiting_on_customer","Gantt chart not rendering correctly","2025-06-17 05:45:32","2025-06-17 12:45:32",NULL,NULL,False,"security"
752,1045,NULL,"billing","medium","in_progress","Custom workflow automation broken","2025-05-01 18:38:49","2025-05-02 01:38:49",NULL,NULL,False,NULL
753,1156,NULL,"performance","medium","in_progress","Time tracking sync issues","2025-02-16 01:53:44","2025-02-17 03:53:44",NULL,NULL,False,"feature , migration , ux"
754,1097,NULL,"api","critical","open","Webhook delivery failures","2025-10-07 09:47:04",NULL,NULL,NULL,False,"gdpr, migration, enterprise, feature, gdpr"
755,1159,NULL,"technical","medium","open","Cannot login to dashboard","2025-09-01 19:29:58",NULL,NULL,NULL,False,"feature,onboarding,integration,billing"
756,680,NULL,"account","high","closed","Export failing for large datasets","2024-08-12 21:02:02","2024-08-13 04:02:02","2024-08-14 12:02:02",NULL,False,"migration;mobile;billing"
757,524,6692,"performance","high","open","Time tracking sync issues","2025-09-20 16:22:12",NULL,NULL,NULL,False,"ux"
758,1019,NULL,"data_export","critical","open","Report generation timeout","2025-10-06 13:32:45",NULL,NULL,NULL,False,NULL
759,522,6622,"onboarding","low","closed","Webhook delivery failures","2025-10-13 02:22:03","2025-10-15 11:22:03","2025-10-17 17:22:03",4,False,NULL
760,146,2143,"onboarding","high","closed","Account merge request","2023-11-04 20:08:55","2023-11-05 02:08:55","2023-11-10 14:08:55",4,False,"documentation;export;mobile"
761,489,6229,"billing","low","in_progress","Data import from CSV failing","2024-12-14 15:27:54","2024-12-16 02:27:54",NULL,NULL,False,"sso"
762,265,3701,"performance","critical","in_progress","Data import from CSV failing","2024-12-10 17:19:38","2024-12-10 18:28:38",NULL,NULL,False,"security, sso, ux"
763,685,NULL,"security","low","closed","Time tracking sync issues","2025-01-26 06:15:50","2025-01-28 13:15:50","2025-02-03 03:15:50",3,False,NULL
764,40,696,"onboarding","low","in_progress","Custom workflow automation broken","2025-04-26 09:55:54","2025-04-29 04:55:54",NULL,NULL,False,"technical"
765,1042,NULL,"performance","medium","waiting_on_customer","Gantt chart not rendering correctly","2023-10-01 20:07:56","2023-10-02 19:07:56",NULL,NULL,False,"technical, api, export, migration"
766,1062,NULL,"onboarding","medium","resolved","Account merge request","2025-08-10 21:43:33","2025-08-12 17:43:33","2025-08-17 04:43:33",NULL,False,"bug, security, integration, technical"
767,849,NULL,"billing","high","waiting_on_customer","Export failing for large datasets","2024-06-28 08:23:21","2024-06-28 16:23:21",NULL,NULL,True,NULL
768,757,NULL,"integration","medium","closed","Billing discrepancy on latest invoice","2025-09-15 05:29:08","2025-09-16 17:29:08","2025-09-18 02:29:08",3,False,"performance;migration"
769,568,7258,"billing","medium","in_progress","Audit log access denied","2023-02-27 10:35:36","2023-02-27 22:35:36",NULL,NULL,False,NULL
770,24,505,"integration","low","closed","Audit log access denied","2025-10-10 00:55:59","2025-10-10 13:55:59","2025-10-14 07:55:59",4,False,"sso, urgent, performance"
771,1120,NULL,"billing","high","in_progress","Export failing for large datasets","2024-11-03 05:55:05","2024-11-03 10:55:05",NULL,NULL,False,"ux"
772,896,NULL,"security","high","waiting_on_customer","Account merge request","2025-04-22 21:33:31","2025-04-23 06:33:31",NULL,NULL,True,"technical"
773,33,619,"integration","medium","open","Mobile app crashes on Android","2025-10-14 08:29:00",NULL,NULL,NULL,False,"onboarding"
774,192,2737,"security","high","closed","Billing discrepancy on latest invoice","2025-07-09 17:49:00","2025-07-10 04:49:00","2025-07-11 06:49:00",3,False,"sso;urgent;performance;sso"
775,473,6069,"api","medium","resolved","Mobile app crashes on Android","2025-10-15 02:59:05","2025-10-16 07:59:05","2025-10-18 04:59:05",NULL,False,"export"
776,493,6241,"technical","low","closed","Webhook delivery failures","2025-09-28 13:36:06","2025-09-29 14:36:06","2025-10-02 12:36:06",4,False,"documentation"
777,134,1994,"api","medium","closed","Feature request: dark mode","2025-05-03 07:39:15","2025-05-04 09:39:15","2025-05-07 18:39:15",NULL,False,"bug,export,sso"
778,930,NULL,"integration","low","waiting_on_customer","Custom workflow automation broken","2025-02-01 14:49:26","2025-02-02 08:49:26",NULL,NULL,False,NULL
779,1097,NULL,"security","low","open","Integration with Slack not working","2025-10-13 13:18:48",NULL,NULL,NULL,False,"performance, enterprise, migration, billing"
780,770,NULL,"account","low","resolved","Data import from CSV failing","2024-07-21 17:59:10","2024-07-22 22:59:10","2024-07-26 11:59:10",NULL,False,"bug,feature"
781,508,6444,"billing","critical","open","Cannot login to dashboard","2025-06-26 19:35:14",NULL,NULL,NULL,False,"documentation , feature , security , sso"
782,183,2675,"api","low","open","API rate limiting issues","2025-10-18 10:56:31",NULL,NULL,NULL,False,"export"
783,1109,NULL,"onboarding","low","in_progress","API rate limiting issues","2025-08-24 00:35:14","2025-08-26 05:35:14",NULL,NULL,False,"bug;enterprise"
784,888,NULL,"feature_request","medium","in_progress","Account merge request","2024-09-08 02:39:16","2024-09-08 10:39:16",NULL,NULL,False,"performance, onboarding"
785,426,5407,"performance","critical","waiting_on_customer","Need to add more team members","2025-08-17 06:08:50","2025-08-17 07:16:50",NULL,NULL,True,NULL
786,114,1607,"feature_request","low","waiting_on_customer","Cannot login to dashboard","2025-10-16 07:34:05","2025-10-17 06:34:05",NULL,NULL,False,"integration;enterprise;onboarding"
787,291,3939,"data_export","critical","waiting_on_customer","Mobile app crashes on Android","2025-04-09 16:35:30","2025-04-09 16:44:30",NULL,NULL,True,"feature, security, feature"
788,689,NULL,"technical","low","in_progress","Billing discrepancy on latest invoice","2024-12-10 23:08:21","2024-12-13 22:08:21",NULL,NULL,False,NULL
789,779,NULL,"api","medium","closed","Slow loading on project boards","2024-09-10 20:19:38","2024-09-11 15:19:38","2024-09-16 13:19:38",1,False,"enterprise , training , documentation"
790,671,NULL,"billing","medium","in_progress","Webhook delivery failures","2025-10-24 03:21:51","2025-10-25 03:21:51",NULL,NULL,False,NULL
791,719,NULL,"feature_request","low","resolved","Report generation timeout","2023-09-22 11:51:09","2023-09-23 05:51:09","2023-09-23 06:51:09",NULL,False,NULL
792,436,5576,"technical","critical","in_progress","Data import from CSV failing","2025-02-22 18:59:05","2025-02-22 20:03:05",NULL,NULL,False,"ux,integration,api"
793,247,3454,"technical","high","in_progress","Time tracking sync issues","2024-12-23 10:32:52","2024-12-23 17:32:52",NULL,NULL,True,"technical,billing,integration"
794,455,5839,"onboarding","low","in_progress","Export failing for large datasets","2024-01-21 12:21:43","2024-01-22 05:21:43",NULL,NULL,False,"training"
795,71,1097,"technical","medium","closed","Mobile app crashes on Android","2025-03-12 09:44:50","2025-03-14 12:44:50","2025-03-21 00:44:50",NULL,False,"urgent, ux, documentation"
796,812,NULL,"api","critical","in_progress","Duplicate notifications being sent","2024-11-01 02:44:50","2024-11-01 04:11:50",NULL,NULL,True,"onboarding,mobile"
797,707,NULL,"security","medium","open","Data import from CSV failing","2023-09-09 12:27:06",NULL,NULL,NULL,False,"api"
798,51,813,"performance","high","in_progress","Duplicate notifications being sent","2025-04-09 01:11:32","2025-04-09 02:11:32",NULL,NULL,False,"mobile"
799,496,6271,"security","medium","resolved","Slow loading on project boards","2024-02-23 00:03:41","2024-02-23 12:03:41","2024-02-25 18:03:41",4,False,"feature;sso;gdpr"
800,200,2871,"technical","high","in_progress","Slow loading on project boards","2025-05-27 20:10:33","2025-05-27 21:10:33",NULL,NULL,True,"onboarding;sso;billing"
801,417,5300,"data_export","critical","resolved","White label logo not displaying","2025-06-25 16:49:02","2025-06-25 18:01:02","2025-06-29 05:01:02",3,False,"sso"
802,1038,NULL,"integration","critical","resolved","Time tracking sync issues","2025-07-27 01:21:11","2025-07-27 01:34:11","2025-07-29 13:34:11",3,False,"export,feature"
803,910,NULL,"billing","high","resolved","Cannot downgrade plan","2024-05-19 23:00:14","2024-05-20 04:00:14","2024-05-22 19:00:14",4,False,"gdpr, urgent, feature, billing"
804,321,4177,"account","medium","open","Mobile app crashes on Android","2023-09-02 06:27:24",NULL,NULL,NULL,False,NULL
805,1132,NULL,"data_export","high","waiting_on_customer","Account merge request","2023-12-18 06:16:30","2023-12-18 15:16:30",NULL,NULL,True,"training , enterprise , migration"
806,339,4329,"billing","high","open","Permission settings not saving","2024-11-29 05:10:45",NULL,NULL,NULL,True,"urgent,migration"
807,1151,NULL,"onboarding","low","open","Slow loading on project boards","2023-05-25 15:41:53",NULL,NULL,NULL,False,NULL
808,354,4513,"data_export","medium","in_progress","Integration with Slack not working","2025-10-29 03:37:35","2025-10-29 21:37:35",NULL,NULL,False,"performance , technical , feature , sso"
809,591,7609,"feature_request","low","resolved","Duplicate notifications being sent","2025-01-29 17:22:08","2025-01-31 17:22:08","2025-02-07 01:22:08",5,False,"export"
810,1149,NULL,"feature_request","medium","in_progress","Audit log access denied","2024-11-29 12:36:14","2024-12-01 17:36:14",NULL,NULL,False,"documentation,ux,migration"
811,179,2605,"api","medium","in_progress","White label logo not displaying","2025-09-16 06:17:33","2025-09-18 08:17:33",NULL,NULL,False,"api;documentation;feature;api"
812,831,NULL,"data_export","medium","in_progress","Duplicate notifications being sent","2025-05-27 01:12:22","2025-05-29 18:12:22",NULL,NULL,False,"feature , performance , technical , onboarding"
813,283,3840,"security","low","resolved","Time tracking sync issues","2025-10-06 18:14:49","2025-10-09 15:14:49","2025-10-13 06:14:49",2,False,"ux,mobile,gdpr"
814,248,3472,"data_export","critical","closed","Duplicate notifications being sent","2025-03-30 17:42:35","2025-03-30 18:21:35","2025-04-02 12:21:35",5,True,"migration, billing"
815,931,NULL,"data_export","medium","resolved","Duplicate notifications being sent","2025-06-30 06:45:18","2025-07-01 18:45:18","2025-07-02 12:45:18",2,False,NULL
816,464,6018,"account","medium","resolved","Need help with API authentication","2024-05-19 10:33:31","2024-05-19 22:33:31","2024-05-21 23:33:31",5,False,"mobile , technical , onboarding , training"
817,392,4939,"security","low","open","Custom workflow automation broken","2025-06-10 06:39:24",NULL,NULL,NULL,False,"billing"
818,838,NULL,"account","medium","in_progress","Gantt chart not rendering correctly","2025-01-07 05:08:32","2025-01-07 07:08:32",NULL,NULL,False,"training,feature,gdpr"
819,377,4805,"api","medium","open","Export failing for large datasets","2024-10-08 09:24:28",NULL,NULL,NULL,False,NULL
820,1072,NULL,"integration","low","in_progress","Permission settings not saving","2024-06-07 18:41:09","2024-06-10 11:41:09",NULL,NULL,False,"integration, bug, api"
821,503,6398,"technical","low","waiting_on_customer","Cannot downgrade plan","2025-10-23 20:14:59","2025-10-24 13:14:59",NULL,NULL,False,NULL
822,487,6186,"billing","high","open","Cannot downgrade plan","2025-03-05 18:08:40",NULL,NULL,NULL,False,NULL
823,656,8440,"account","low","closed","Cannot downgrade plan","2025-01-16 12:30:44","2025-01-16 21:30:44","2025-01-18 20:30:44",NULL,False,"technical,api"
824,88,1333,"api","medium","in_progress","Integration with Slack not working","2025-09-15 09:02:57","2025-09-15 23:02:57",NULL,NULL,False,"migration,performance"
825,571,7327,"account","medium","in_progress","Permission settings not saving","2024-07-29 16:59:00","2024-07-30 06:59:00",NULL,NULL,False,"migration, ux, migration"
826,821,NULL,"billing","medium","resolved","Need help with API authentication","2025-09-08 06:08:18","2025-09-10 19:08:18","2025-09-15 20:08:18",3,False,"urgent,training,gdpr"
827,717,NULL,"data_export","critical","resolved","Export failing for large datasets","2025-07-13 13:22:11","2025-07-13 15:17:11","2025-07-18 18:17:11",NULL,False,"gdpr , training , technical , performance"
828,861,NULL,"data_export","high","closed","Audit log access denied","2025-04-21 06:00:11","2025-04-21 07:00:11","2025-04-23 13:00:11",4,True,"export, training"
829,817,NULL,"onboarding","low","resolved","Slow loading on project boards","2023-10-31 09:24:03","2023-11-01 11:24:03","2023-11-03 03:24:03",1,False,"security"
830,65,1053,"api","medium","in_progress","Account merge request","2023-10-16 20:09:54","2023-10-19 13:09:54",NULL,NULL,False,"mobile"
831,331,4234,"integration","high","waiting_on_customer","Report generation timeout","2025-05-08 20:02:39","2025-05-08 23:02:39",NULL,NULL,True,"export"
832,860,NULL,"technical","medium","resolved","Duplicate notifications being sent","2024-07-20 00:30:28","2024-07-21 20:30:28","2024-07-28 16:30:28",NULL,False,NULL
833,348,4482,"integration","low","waiting_on_customer","Feature request: dark mode","2025-03-30 22:58:00","2025-04-01 21:58:00",NULL,NULL,False,NULL
834,859,NULL,"account","low","waiting_on_customer","Data import from CSV failing","2025-04-26 20:20:53","2025-04-27 17:20:53",NULL,NULL,False,"ux , export"
835,224,3169,"technical","medium","in_progress","Export failing for large datasets","2024-11-04 00:23:24","2024-11-05 05:23:24",NULL,NULL,False,"integration"
836,1017,NULL,"account","low","waiting_on_customer","Time tracking sync issues","2025-09-18 13:17:41","2025-09-20 12:17:41",NULL,NULL,False,"bug,urgent,training,technical"
837,429,5433,"api","low","open","Feature request: dark mode","2024-10-12 22:47:44",NULL,NULL,NULL,False,"billing"
838,613,7823,"billing","medium","waiting_on_customer","Cannot downgrade plan","2025-01-15 23:26:42","2025-01-17 23:26:42",NULL,NULL,False,"onboarding;training;documentation"
839,1178,NULL,"performance","low","resolved","Billing discrepancy on latest invoice","2025-10-16 11:31:02","2025-10-16 22:31:02","2025-10-17 15:31:02",5,False,"feature, export, enterprise"
840,1017,NULL,"api","low","waiting_on_customer","GDPR data export request","2025-05-16 03:01:32","2025-05-19 00:01:32",NULL,NULL,False,"technical , sso"
841,536,6803,"account","high","open","Slow loading on project boards","2024-10-26 13:13:01",NULL,NULL,NULL,False,"security"
842,1120,NULL,"feature_request","medium","closed","Export failing for large datasets","2023-11-03 01:03:33","2023-11-05 19:03:33","2023-11-07 23:03:33",4,False,NULL
843,195,2756,"onboarding","medium","open","Feature request: dark mode","2025-10-29 10:49:39",NULL,NULL,NULL,False,"migration;mobile;security;enterprise"
844,543,6911,"account","high","resolved","GDPR data export request","2025-07-06 03:08:16","2025-07-06 12:08:16","2025-07-10 10:08:16",NULL,False,"migration, training"
845,41,710,"security","medium","open","Need to add more team members","2025-08-02 19:47:37",NULL,NULL,NULL,False,"enterprise"
846,770,NULL,"billing","medium","in_progress","Data import from CSV failing","2023-11-27 11:54:58","2023-11-29 11:54:58",NULL,NULL,False,"technical;gdpr"
847,1091,NULL,"security","high","in_progress","Need help with API authentication","2025-01-25 03:13:33","2025-01-25 12:13:33",NULL,NULL,True,"billing,documentation,sso,enterprise"
848,852,NULL,"billing","low","open","Gantt chart not rendering correctly","2025-10-18 20:50:19",NULL,NULL,NULL,False,"technical , ux , mobile , export"
849,893,NULL,"onboarding","high","closed","Feature request: dark mode","2025-07-26 21:40:37","2025-07-27 04:40:37","2025-07-30 16:40:37",NULL,False,NULL
850,205,2901,"onboarding","medium","closed","Report generation timeout","2025-02-18 17:54:19","2025-02-20 05:54:19","2025-02-24 12:54:19",1,False,NULL
851,490,6234,"account","high","closed","Need help with API authentication","2025-04-22 05:15:56","2025-04-22 07:15:56","2025-04-27 12:15:56",NULL,False,"onboarding , urgent"
852,522,6622,"data_export","high","open","Billing discrepancy on latest invoice","2025-09-23 21:35:11",NULL,NULL,NULL,False,"documentation;documentation"
853,983,NULL,"integration","low","waiting_on_customer","Export failing for large datasets","2024-01-11 09:40:17","2024-01-13 03:40:17",NULL,NULL,False,"onboarding , training , urgent"
854,56,923,"feature_request","high","in_progress","Account merge request","2025-05-03 09:35:51","2025-05-03 15:35:51",NULL,NULL,False,"training, documentation, onboarding"
855,482,6145,"account","medium","closed","Time tracking sync issues","2025-03-27 05:41:16","2025-03-27 09:41:16","2025-03-31 20:41:16",3,False,"security;security"
856,812,NULL,"security","high","resolved","Need to add more team members","2025-03-27 03:15:09","2025-03-27 13:15:09","2025-04-01 22:15:09",NULL,True,NULL
857,883,NULL,"onboarding","critical","waiting_on_customer","Need to add more team members","2025-10-17 05:36:08","2025-10-17 07:07:08",NULL,NULL,False,"security,gdpr"
858,403,5119,"technical","medium","open","GDPR data export request","2025-06-20 14:38:56",NULL,NULL,NULL,False,NULL
859,393,4982,"data_export","medium","in_progress","Cannot downgrade plan","2025-03-08 08:46:54","2025-03-11 00:46:54",NULL,NULL,False,"integration, api, mobile, sso"
860,82,1279,"account","low","open","Feature request: dark mode","2024-08-03 14:13:57",NULL,NULL,NULL,False,"technical;urgent;security"
861,35,659,"integration","low","resolved","Data import from CSV failing","2024-05-03 02:51:30","2024-05-04 20:51:30","2024-05-09 01:51:30",NULL,False,"security, performance"
862,999,NULL,"account","low","resolved","Permission settings not saving","2025-10-13 16:35:17","2025-10-15 20:35:17","2025-10-18 12:35:17",4,False,"export , feature"
863,723,NULL,"integration","low","in_progress","Feature request: dark mode","2025-03-31 19:36:57","2025-04-03 06:36:57",NULL,NULL,False,"urgent"
864,616,7838,"data_export","low","in_progress","Permission settings not saving","2025-05-09 00:55:35","2025-05-11 12:55:35",NULL,NULL,False,NULL
865,42,718,"feature_request","high","open","API rate limiting issues","2025-09-30 20:41:10",NULL,NULL,NULL,False,"enterprise;mobile;ux;billing"
866,532,6767,"performance","medium","in_progress","Webhook delivery failures","2024-01-19 09:48:17","2024-01-19 12:48:17",NULL,NULL,False,"gdpr, integration"
867,24,508,"feature_request","high","waiting_on_customer","GDPR data export request","2025-09-18 05:35:48","2025-09-18 17:35:48",NULL,NULL,True,NULL
868,390,4918,"security","low","closed","Time tracking sync issues","2025-07-29 13:08:40","2025-07-29 15:08:40","2025-08-02 12:08:40",4,False,"training"
869,838,NULL,"feature_request","medium","resolved","Time tracking sync issues","2025-07-07 20:06:34","2025-07-08 22:06:34","2025-07-11 21:06:34",5,False,"integration, onboarding"
870,1053,NULL,"onboarding","low","resolved","GDPR data export request","2024-08-03 13:22:48","2024-08-04 17:22:48","2024-08-11 06:22:48",NULL,False,NULL
871,294,3953,"performance","medium","waiting_on_customer","Webhook delivery failures","2024-05-05 20:22:43","2024-05-07 07:22:43",NULL,NULL,False,"onboarding;enterprise;billing"
872,446,5686,"performance","critical","closed","GDPR data export request","2025-01-27 02:17:58","2025-01-27 04:12:58","2025-01-27 23:12:58",2,True,"performance;documentation"
873,229,3229,"api","low","in_progress","Export failing for large datasets","2025-05-26 20:38:55","2025-05-27 06:38:55",NULL,NULL,False,"documentation"
874,353,4506,"api","medium","closed","Time tracking sync issues","2025-09-18 19:25:15","2025-09-20 09:25:15","2025-09-21 18:25:15",2,False,NULL
875,41,710,"billing","critical","closed","White label logo not displaying","2025-09-16 21:56:48","2025-09-16 22:06:48","2025-09-22 11:06:48",4,True,"integration"
876,273,3794,"data_export","medium","closed","Billing discrepancy on latest invoice","2025-01-18 07:04:46","2025-01-20 00:04:46","2025-01-23 05:04:46",4,False,"billing,mobile"
877,479,6112,"integration","medium","in_progress","Billing discrepancy on latest invoice","2024-04-19 05:29:51","2024-04-21 08:29:51",NULL,NULL,False,"bug;ux;feature;urgent"
878,688,NULL,"api","medium","in_progress","White label logo not displaying","2023-09-12 10:53:24","2023-09-14 21:53:24",NULL,NULL,False,NULL
879,660,8486,"feature_request","critical","resolved","Slow loading on project boards","2023-08-19 03:06:29","2023-08-19 04:21:29","2023-08-24 16:21:29",NULL,False,NULL
880,998,NULL,"account","medium","closed","Integration with Slack not working","2024-07-11 20:53:35","2024-07-14 14:53:35","2024-07-18 17:53:35",5,False,"urgent;mobile"
881,101,1483,"feature_request","medium","waiting_on_customer","Need help with API authentication","2024-11-04 13:51:20","2024-11-07 05:51:20",NULL,NULL,False,"gdpr"
882,81,1269,"technical","medium","closed","Mobile app crashes on Android","2024-03-22 22:16:20","2024-03-25 15:16:20","2024-03-30 19:16:20",NULL,False,"mobile , mobile"
883,1045,NULL,"billing","low","in_progress","GDPR data export request","2024-07-15 23:26:29","2024-07-18 13:26:29",NULL,NULL,False,"export,training"
884,562,7180,"onboarding","critical","closed","Need help with API authentication","2025-07-12 12:45:39","2025-07-12 12:51:39","2025-07-17 16:51:39",1,True,"technical;performance"
885,801,NULL,"data_export","medium","closed","Account merge request","2024-09-08 02:52:19","2024-09-10 14:52:19","2024-09-16 19:52:19",3,False,"billing"
886,1125,NULL,"technical","medium","waiting_on_customer","GDPR data export request","2024-12-18 12:50:01","2024-12-21 03:50:01",NULL,NULL,False,NULL
887,909,NULL,"technical","medium","open","Mobile app crashes on Android","2025-03-03 05:58:14",NULL,NULL,NULL,False,"gdpr, integration"
888,311,4107,"technical","high","resolved","Report generation timeout","2024-09-21 18:28:19","2024-09-22 02:28:19","2024-09-26 05:28:19",4,False,"ux,performance,security,api"
889,28,571,"data_export","medium","closed","Custom workflow automation broken","2025-06-11 01:29:33","2025-06-12 09:29:33","2025-06-12 21:29:33",1,False,"feature,ux,billing"
890,578,7491,"integration","high","resolved","Report generation timeout","2025-01-20 13:26:35","2025-01-20 14:26:35","2025-01-21 12:26:35",5,False,NULL
891,632,8125,"onboarding","medium","in_progress","Cannot downgrade plan","2025-05-12 10:22:00","2025-05-14 09:22:00",NULL,NULL,False,"performance;gdpr;urgent"
892,390,4918,"account","medium","open","Gantt chart not rendering correctly","2025-08-07 16:08:18",NULL,NULL,NULL,False,"enterprise;urgent;bug;integration"
893,1127,NULL,"integration","low","in_progress","Audit log access denied","2025-08-13 11:12:06","2025-08-13 18:12:06",NULL,NULL,False,"mobile;performance;export;feature"
894,521,6616,"billing","medium","open","GDPR data export request","2025-01-30 16:44:08",NULL,NULL,NULL,False,"onboarding;api;training;technical"
895,40,702,"api","medium","closed","Gantt chart not rendering correctly","2025-06-25 06:24:36","2025-06-26 01:24:36","2025-06-30 05:24:36",NULL,False,NULL
896,359,4610,"integration","low","waiting_on_customer","Slow loading on project boards","2024-10-29 09:58:52","2024-11-01 00:58:52",NULL,NULL,False,"feature"
897,923,NULL,"data_export","low","open","Cannot downgrade plan","2024-04-26 07:45:07",NULL,NULL,NULL,False,NULL
898,1019,NULL,"account","medium","open","Gantt chart not rendering correctly","2025-05-28 11:59:25",NULL,NULL,NULL,False,"documentation,ux"
899,191,2725,"api","medium","open","Gantt chart not rendering correctly","2024-07-08 23:34:59",NULL,NULL,NULL,False,"bug , enterprise , ux , technical"
900,92,1406,"data_export","medium","closed","Report generation timeout","2023-10-28 01:14:16","2023-10-28 23:14:16","2023-11-02 11:14:16",NULL,False,"migration"
901,967,NULL,"performance","high","in_progress","SSO configuration help needed","2025-05-30 20:38:10","2025-05-30 21:38:10",NULL,NULL,False,"mobile,performance"
902,236,3318,"api","low","closed","Mobile app crashes on Android","2025-07-22 06:22:46","2025-07-23 18:22:46","2025-07-28 23:22:46",NULL,False,"ux,documentation,security,training"
903,954,NULL,"integration","critical","in_progress","GDPR data export request","2025-09-06 10:10:47","2025-09-06 10:25:47",NULL,NULL,False,"mobile , urgent , feature , mobile"
904,9,151,"feature_request","low","open","Time tracking sync issues","2025-10-20 07:30:30",NULL,NULL,NULL,False,"onboarding,security,technical"
905,321,4176,"api","medium","open","Time tracking sync issues","2025-05-21 23:12:04",NULL,NULL,NULL,False,"export, enterprise, technical"
906,588,7588,"performance","high","in_progress","Time tracking sync issues","2025-09-03 04:27:49","2025-09-03 15:27:49",NULL,NULL,False,"billing, billing"
907,961,NULL,"api","medium","resolved","Feature request: dark mode","2025-07-20 10:04:06","2025-07-22 06:04:06","2025-07-25 04:04:06",4,False,"feature"
908,16,331,"data_export","low","closed","Custom workflow automation broken","2024-03-21 12:31:13","2024-03-23 11:31:13","2024-03-23 18:31:13",4,False,"export,sso"
909,423,5371,"performance","medium","closed","Time tracking sync issues","2023-10-27 19:55:50","2023-10-28 23:55:50","2023-11-04 05:55:50",NULL,False,"onboarding;bug"
910,390,4917,"api","critical","closed","Need help with API authentication","2025-05-07 18:33:28","2025-05-07 18:55:28","2025-05-14 03:55:28",2,True,"migration"
911,414,5218,"performance","medium","resolved","Slow loading on project boards","2025-07-09 01:01:15","2025-07-09 03:01:15","2025-07-10 14:01:15",NULL,False,"bug, urgent, mobile, technical"
912,377,4802,"feature_request","low","closed","Account merge request","2023-11-17 13:58:00","2023-11-19 02:58:00","2023-11-19 14:58:00",3,False,"technical;ux"
913,221,3159,"security","medium","resolved","GDPR data export request","2025-08-09 14:17:34","2025-08-10 05:17:34","2025-08-10 08:17:34",NULL,False,"security;gdpr;mobile"
914,1090,NULL,"api","critical","open","Mobile app crashes on Android","2025-05-25 18:22:55",NULL,NULL,NULL,False,NULL
915,2,8,"security","low","waiting_on_customer","Custom workflow automation broken","2024-06-08 09:10:11","2024-06-10 17:10:11",NULL,NULL,False,"bug"
916,1149,NULL,"onboarding","medium","resolved","Account merge request","2024-05-02 15:15:27","2024-05-05 04:15:27","2024-05-06 21:15:27",1,False,"enterprise"
917,472,6068,"onboarding","medium","in_progress","Need help with API authentication","2025-09-20 07:42:44","2025-09-23 07:42:44",NULL,NULL,False,"documentation;feature;ux;onboarding"
918,267,3713,"security","high","resolved","Feature request: dark mode","2024-07-23 11:36:32","2024-07-23 23:36:32","2024-07-30 02:36:32",2,False,NULL
919,752,NULL,"onboarding","medium","in_progress","Time tracking sync issues","2024-07-12 10:27:24","2024-07-13 04:27:24",NULL,NULL,False,"integration , security , mobile , ux"
920,656,8449,"api","high","open","Webhook delivery failures","2025-06-17 15:28:22",NULL,NULL,NULL,False,"security,bug,security"
921,88,1335,"onboarding","medium","resolved","Gantt chart not rendering correctly","2025-07-26 04:39:07","2025-07-26 17:39:07","2025-07-31 06:39:07",4,False,"mobile;enterprise;sso;urgent"
922,518,6598,"billing","medium","waiting_on_customer","Duplicate notifications being sent","2023-04-15 12:21:02","2023-04-18 08:21:02",NULL,NULL,False,"api;billing;technical"
923,695,NULL,"security","high","waiting_on_customer","Gantt chart not rendering correctly","2023-10-17 04:05:02","2023-10-17 14:05:02",NULL,NULL,False,NULL
924,343,4352,"feature_request","medium","closed","Account merge request","2025-01-19 03:32:38","2025-01-20 10:32:38","2025-01-25 05:32:38",NULL,False,"api"
925,580,7519,"billing","high","closed","Billing discrepancy on latest invoice","2025-04-20 00:22:14","2025-04-20 10:22:14","2025-04-23 04:22:14",5,True,"performance , sso"
926,303,4024,"integration","low","open","Cannot login to dashboard","2024-03-20 16:24:29",NULL,NULL,NULL,False,"mobile, sso"
927,140,2086,"security","high","waiting_on_customer","Need help with API authentication","2025-10-22 22:11:54","2025-10-23 01:11:54",NULL,NULL,False,NULL
928,1147,NULL,"data_export","medium","closed","Webhook delivery failures","2024-07-05 16:08:28","2024-07-08 16:08:28","2024-07-14 15:08:28",NULL,False,"ux , documentation , integration"
929,1029,NULL,"account","medium","open","Time tracking sync issues","2025-09-02 05:01:45",NULL,NULL,NULL,False,"performance,mobile,security"
930,110,1575,"feature_request","low","resolved","Permission settings not saving","2024-08-16 05:44:52","2024-08-18 18:44:52","2024-08-19 13:44:52",4,False,NULL
931,581,7526,"account","medium","open","Duplicate notifications being sent","2025-08-03 18:26:54",NULL,NULL,NULL,False,"onboarding , sso , mobile"
932,576,7437,"billing","high","in_progress","Custom workflow automation broken","2025-07-03 07:54:34","2025-07-03 14:54:34",NULL,NULL,False,"migration,ux,export,feature"
933,889,NULL,"api","low","waiting_on_customer","Cannot downgrade plan","2024-10-22 15:15:37","2024-10-25 14:15:37",NULL,NULL,False,"documentation;ux"
934,1071,NULL,"api","high","in_progress","SSO configuration help needed","2024-05-28 05:44:42","2024-05-28 11:44:42",NULL,NULL,False,"gdpr,urgent"
935,1087,NULL,"security","critical","in_progress","Data import from CSV failing","2025-04-04 10:05:57","2025-04-04 12:03:57",NULL,NULL,True,"ux, enterprise"
936,839,NULL,"feature_request","medium","closed","Mobile app crashes on Android","2025-09-10 15:19:26","2025-09-13 09:19:26","2025-09-14 19:19:26",3,False,"api , feature , onboarding , training"
937,76,1153,"data_export","high","in_progress","Export failing for large datasets","2025-08-09 22:42:56","2025-08-10 01:42:56",NULL,NULL,False,"export , onboarding , sso"
938,350,4491,"billing","medium","closed","Billing discrepancy on latest invoice","2023-11-27 14:42:33","2023-11-29 15:42:33","2023-12-04 12:42:33",NULL,False,"onboarding"
939,605,7764,"technical","low","in_progress","GDPR data export request","2025-10-09 06:31:28","2025-10-12 06:31:28",NULL,NULL,False,NULL
940,724,NULL,"feature_request","medium","open","Cannot login to dashboard","2025-08-13 01:03:23",NULL,NULL,NULL,False,NULL
941,30,607,"data_export","medium","waiting_on_customer","Slow loading on project boards","2025-03-16 00:25:29","2025-03-17 11:25:29",NULL,NULL,False,NULL
942,324,4187,"feature_request","medium","open","Slow loading on project boards","2024-12-04 15:59:49",NULL,NULL,NULL,False,NULL
943,819,NULL,"api","medium","closed","Report generation timeout","2023-11-07 11:26:37","2023-11-10 01:26:37","2023-11-16 10:26:37",4,False,"gdpr"
944,629,8106,"performance","low","closed","Cannot login to dashboard","2023-07-14 00:41:18","2023-07-15 01:41:18","2023-07-20 08:41:18",4,False,"security , export , performance"
945,859,NULL,"feature_request","high","open","Cannot downgrade plan","2024-11-23 05:54:12",NULL,NULL,NULL,True,"sso,security,documentation"
946,169,2478,"api","low","closed","Need to add more team members","2025-05-29 12:44:14","2025-05-30 22:44:14","2025-06-05 01:44:14",NULL,False,"migration;feature;migration"
947,330,4229,"performance","medium","closed","Need to add more team members","2025-08-21 16:49:26","2025-08-23 08:49:26","2025-08-29 04:49:26",NULL,False,NULL
948,957,NULL,"technical","medium","resolved","Feature request: dark mode","2025-10-20 15:34:43","2025-10-21 17:34:43","2025-10-25 07:34:43",5,False,"sso , performance"
949,716,NULL,"data_export","critical","closed","Integration with Slack not working","2025-10-18 11:19:16","2025-10-18 11:37:16","2025-10-21 21:37:16",NULL,False,NULL
950,538,6840,"billing","medium","in_progress","White label logo not displaying","2023-12-14 16:49:10","2023-12-15 13:49:10",NULL,NULL,False,NULL
951,3,20,"integration","medium","open","Integration with Slack not working","2025-01-28 09:19:47",NULL,NULL,NULL,False,"gdpr , enterprise"
952,479,6113,"data_export","high","in_progress","Integration with Slack not working","2024-10-14 14:28:14","2024-10-14 18:28:14",NULL,NULL,True,NULL
953,732,NULL,"onboarding","medium","waiting_on_customer","Billing discrepancy on latest invoice","2024-10-31 08:42:16","2024-11-02 11:42:16",NULL,NULL,False,"bug"
954,145,2139,"performance","high","waiting_on_customer","SSO configuration help needed","2024-06-20 11:41:44","2024-06-20 12:41:44",NULL,NULL,True,"onboarding , migration , api"
955,353,4509,"integration","low","closed","Account merge request","2025-05-26 00:09:25","2025-05-28 05:09:25","2025-05-30 11:09:25",3,False,"enterprise"
956,151,2165,"performance","low","open","Mobile app crashes on Android","2024-11-19 19:59:20",NULL,NULL,NULL,False,"billing;migration;integration"
957,1032,NULL,"feature_request","high","closed","SSO configuration help needed","2025-07-06 01:33:48","2025-07-06 05:33:48","2025-07-07 07:33:48",5,False,"export;performance;export"
958,504,6401,"data_export","medium","closed","Billing discrepancy on latest invoice","2024-06-27 07:54:48","2024-06-28 12:54:48","2024-06-30 18:54:48",4,False,"training"
959,405,5153,"api","low","open","Data import from CSV failing","2025-08-12 03:00:27",NULL,NULL,NULL,False,"mobile"
960,6,77,"data_export","medium","waiting_on_customer","Need help with API authentication","2025-10-27 23:53:53","2025-10-30 04:53:53",NULL,NULL,False,"bug , export"
961,208,2957,"api","low","waiting_on_customer","Custom workflow automation broken","2025-07-20 21:17:21","2025-07-21 19:17:21",NULL,NULL,False,NULL
962,299,3990,"technical","critical","open","Billing discrepancy on latest invoice","2024-10-12 20:51:22",NULL,NULL,NULL,False,"sso , ux , enterprise"
963,387,4902,"technical","medium","waiting_on_customer","Slow loading on project boards","2025-06-10 07:13:51","2025-06-13 05:13:51",NULL,NULL,False,"enterprise"
964,446,5687,"integration","high","in_progress","SSO configuration help needed","2025-06-25 00:57:32","2025-06-25 04:57:32",NULL,NULL,False,"mobile, enterprise, security, mobile"
965,889,NULL,"performance","medium","waiting_on_customer","Integration with Slack not working","2024-11-08 03:58:50","2024-11-09 06:58:50",NULL,NULL,False,"ux, ux"
966,1121,NULL,"account","medium","resolved","White label logo not displaying","2024-07-17 16:10:53","2024-07-18 02:10:53","2024-07-19 10:10:53",5,False,NULL
967,27,569,"onboarding","high","waiting_on_customer","Mobile app crashes on Android","2024-08-21 06:21:03","2024-08-21 16:21:03",NULL,NULL,False,"ux, onboarding"
968,561,7171,"billing","critical","resolved","Feature request: dark mode","2024-11-18 07:32:18","2024-11-18 08:40:18","2024-11-24 03:40:18",2,True,NULL
969,611,7813,"security","critical","open","Cannot downgrade plan","2025-08-24 16:20:07",NULL,NULL,NULL,True,"api , documentation"
970,214,3111,"performance","medium","waiting_on_customer","Integration with Slack not working","2023-12-08 00:53:16","2023-12-09 08:53:16",NULL,NULL,False,NULL
971,702,NULL,"billing","medium","open","Report generation timeout","2023-08-27 21:05:27",NULL,NULL,NULL,False,"performance, api"
972,69,1079,"onboarding","medium","closed","Report generation timeout","2024-05-28 10:29:01","2024-05-31 02:29:01","2024-06-01 03:29:01",5,False,"technical, urgent, enterprise"
973,133,1974,"api","low","resolved","API rate limiting issues","2023-09-26 09:28:29","2023-09-28 03:28:29","2023-10-02 17:28:29",NULL,False,"technical"
974,130,1960,"billing","low","closed","GDPR data export request","2025-07-15 17:37:17","2025-07-16 04:37:17","2025-07-17 05:37:17",NULL,False,"integration"
975,557,7154,"feature_request","medium","open","GDPR data export request","2025-07-02 17:03:22",NULL,NULL,NULL,False,"performance , sso , gdpr , api"
976,558,7159,"billing","low","waiting_on_customer","Mobile app crashes on Android","2025-06-08 09:15:33","2025-06-09 05:15:33",NULL,NULL,False,NULL
977,898,NULL,"performance","low","closed","Audit log access denied","2024-04-08 03:10:59","2024-04-09 06:10:59","2024-04-13 03:10:59",3,False,"integration"
978,180,2614,"performance","low","resolved","Export failing for large datasets","2025-06-25 10:14:38","2025-06-27 11:14:38","2025-06-28 14:14:38",NULL,False,"onboarding;technical"
979,320,4171,"security","medium","open","Cannot downgrade plan","2025-07-13 04:56:08",NULL,NULL,NULL,False,"export, security, integration, gdpr"
980,789,NULL,"billing","low","closed","API rate limiting issues","2024-08-13 16:37:59","2024-08-14 05:37:59","2024-08-14 17:37:59",NULL,False,"documentation"
981,423,5367,"data_export","low","closed","API rate limiting issues","2024-12-12 09:12:22","2024-12-12 17:12:22","2024-12-16 23:12:22",NULL,False,"export,bug"
982,765,NULL,"security","low","in_progress","Export failing for large datasets","2025-01-22 05:18:25","2025-01-23 13:18:25",NULL,NULL,False,NULL
983,51,817,"performance","medium","closed","Account merge request","2025-04-08 19:10:34","2025-04-11 19:10:34","2025-04-17 17:10:34",4,False,NULL
984,1016,NULL,"security","critical","waiting_on_customer","Audit log access denied","2024-10-09 17:48:16","2024-10-09 18:17:16",NULL,NULL,True,NULL
985,936,NULL,"integration","low","in_progress","Report generation timeout","2023-08-22 09:12:23","2023-08-24 18:12:23",NULL,NULL,False,NULL
986,703,NULL,"data_export","high","open","Integration with Slack not working","2025-07-22 04:43:31",NULL,NULL,NULL,False,NULL
987,1109,NULL,"api","medium","resolved","Need help with API authentication","2025-08-13 21:40:27","2025-08-16 21:40:27","2025-08-22 07:40:27",NULL,False,"security, enterprise, technical, migration"
988,733,NULL,"onboarding","high","open","SSO configuration help needed","2025-10-29 03:11:20",NULL,NULL,NULL,True,NULL
989,1171,NULL,"data_export","medium","waiting_on_customer","Slow loading on project boards","2024-08-20 15:02:11","2024-08-22 11:02:11",NULL,NULL,False,"technical"
990,1191,NULL,"technical","high","closed","Cannot downgrade plan","2025-09-17 19:13:36","2025-09-17 21:13:36","2025-09-18 21:13:36",NULL,True,"urgent , documentation , sso"
991,731,NULL,"onboarding","critical","open","Cannot login to dashboard","2025-07-31 07:24:36",NULL,NULL,NULL,True,NULL
992,785,NULL,"account","medium","waiting_on_customer","Slow loading on project boards","2025-03-06 02:14:05","2025-03-07 07:14:05",NULL,NULL,False,NULL
993,184,2683,"integration","low","waiting_on_customer","Need to add more team members","2023-12-05 20:08:35","2023-12-08 17:08:35",NULL,NULL,False,"api , integration , documentation , api"
994,977,NULL,"api","high","in_progress","Need help with API authentication","2025-07-02 05:00:27","2025-07-02 11:00:27",NULL,NULL,False,"technical,onboarding,integration"
995,62,1027,"onboarding","medium","open","Slow loading on project boards","2025-01-06 11:22:00",NULL,NULL,NULL,False,"ux,gdpr,urgent,onboarding"
996,12,208,"integration","high","resolved","Duplicate notifications being sent","2025-10-04 03:06:32","2025-10-04 14:06:32","2025-10-10 18:06:32",NULL,False,"training;export;api;mobile;training"
997,797,NULL,"security","medium","in_progress","White label logo not displaying","2025-08-06 22:08:19","2025-08-07 03:08:19",NULL,NULL,False,NULL
998,565,7218,"technical","low","resolved","Mobile app crashes on Android","2024-12-06 21:38:58","2024-12-09 07:38:58","2024-12-15 15:38:58",NULL,False,"security;mobile;urgent;gdpr"
999,63,1038,"onboarding","low","open","Time tracking sync issues","2025-03-26 19:56:31",NULL,NULL,NULL,False,"technical,urgent,ux"
1000,834,NULL,"api","medium","open","Need to add more team members","2025-09-07 06:52:20",NULL,NULL,NULL,False,NULL
1001,292,3944,"integration","critical","in_progress","SSO configuration help needed","2025-09-11 13:06:06","2025-09-11 14:01:06",NULL,NULL,False,"training,urgent,mobile"
1002,332,4240,"feature_request","low","in_progress","Gantt chart not rendering correctly","2025-06-17 18:37:39","2025-06-19 03:37:39",NULL,NULL,False,"onboarding;integration;sso;onboarding"
1003,1194,NULL,"api","high","resolved","Slow loading on project boards","2025-09-05 09:11:48","2025-09-05 14:11:48","2025-09-07 13:11:48",NULL,False,"mobile;integration;migration;documentation"
1004,1111,NULL,"technical","medium","resolved","Account merge request","2025-08-02 08:10:54","2025-08-04 15:10:54","2025-08-06 23:10:54",4,False,NULL
1005,226,3189,"integration","medium","resolved","Feature request: dark mode","2025-08-29 21:13:59","2025-08-30 09:13:59","2025-08-31 11:13:59",NULL,False,"bug,technical,performance,training"
1006,388,4912,"feature_request","medium","open","SSO configuration help needed","2025-02-28 04:25:13",NULL,NULL,NULL,False,"api"
1007,901,NULL,"integration","medium","open","Cannot login to dashboard","2025-04-04 09:00:51",NULL,NULL,NULL,False,"training , training"
1008,165,2420,"security","critical","resolved","Cannot downgrade plan","2025-07-26 05:06:11","2025-07-26 06:46:11","2025-07-30 21:46:11",4,False,"urgent, feature, integration, api"
1009,818,NULL,"billing","low","in_progress","Data import from CSV failing","2025-08-20 14:48:45","2025-08-23 01:48:45",NULL,NULL,False,NULL
1010,861,NULL,"api","medium","waiting_on_customer","White label logo not displaying","2024-07-27 16:06:43","2024-07-28 11:06:43",NULL,NULL,False,NULL
1011,937,NULL,"data_export","low","waiting_on_customer","Account merge request","2024-11-08 08:30:33","2024-11-09 00:30:33",NULL,NULL,False,"migration,api,export"
1012,1060,NULL,"account","medium","closed","GDPR data export request","2025-05-07 01:15:30","2025-05-08 23:15:30","2025-05-09 19:15:30",3,False,"performance,bug,export,migration"
1013,741,NULL,"data_export","low","closed","Duplicate notifications being sent","2025-08-18 12:38:19","2025-08-19 20:38:19","2025-08-21 07:38:19",3,False,"ux , mobile"
1014,1063,NULL,"data_export","low","resolved","GDPR data export request","2025-09-01 11:15:19","2025-09-03 23:15:19","2025-09-04 00:15:19",2,False,NULL
1015,1033,NULL,"account","high","open","Mobile app crashes on Android","2023-09-20 01:22:00",NULL,NULL,NULL,True,"api"
1016,539,6850,"api","medium","resolved","API rate limiting issues","2025-01-26 14:33:56","2025-01-28 15:33:56","2025-02-04 00:33:56",5,False,NULL
1017,1043,NULL,"account","critical","open","Webhook delivery failures","2025-05-27 07:14:50",NULL,NULL,NULL,False,"billing,gdpr,export,mobile"
1018,351,4492,"onboarding","high","waiting_on_customer","Custom workflow automation broken","2025-08-07 12:59:41","2025-08-07 23:59:41",NULL,NULL,False,NULL
1019,1033,NULL,"onboarding","medium","open","Integration with Slack not working","2025-01-25 16:29:56",NULL,NULL,NULL,False,"performance;technical"
1020,791,NULL,"account","critical","open","SSO configuration help needed","2025-05-06 17:28:10",NULL,NULL,NULL,False,"bug"
1021,961,NULL,"data_export","high","closed","Audit log access denied","2025-01-10 14:31:02","2025-01-10 22:31:02","2025-01-13 21:31:02",4,True,NULL
1022,893,NULL,"security","medium","open","Data import from CSV failing","2025-05-20 04:41:43",NULL,NULL,NULL,False,"ux, bug, security, performance"
1023,350,4488,"performance","low","waiting_on_customer","Need to add more team members","2025-02-14 05:31:37","2025-02-14 23:31:37",NULL,NULL,False,"billing , gdpr , bug"
1024,830,NULL,"security","medium","open","Mobile app crashes on Android","2025-08-30 01:39:13",NULL,NULL,NULL,False,"integration,technical,onboarding,api"
1025,963,NULL,"onboarding","high","open","Integration with Slack not working","2025-08-25 03:03:55",NULL,NULL,NULL,True,"integration"
1026,892,NULL,"feature_request","low","resolved","SSO configuration help needed","2025-10-27 19:10:01","2025-10-30 09:10:01","2025-11-05 06:10:01",4,False,"documentation,security"
1027,1153,NULL,"account","high","in_progress","Feature request: dark mode","2025-07-21 06:18:42","2025-07-21 13:18:42",NULL,NULL,False,"urgent,onboarding"
1028,178,2600,"integration","low","open","SSO configuration help needed","2025-05-08 06:58:10",NULL,NULL,NULL,False,"mobile,onboarding,documentation"
1029,232,3281,"account","medium","open","Need to add more team members","2023-11-21 12:19:03",NULL,NULL,NULL,False,NULL
1030,950,NULL,"account","high","closed","Integration with Slack not working","2024-06-11 02:37:58","2024-06-11 12:37:58","2024-06-15 17:37:58",4,False,"api, technical, documentation"
1031,962,NULL,"data_export","medium","closed","Mobile app crashes on Android","2024-06-12 11:58:29","2024-06-14 00:58:29","2024-06-20 02:58:29",4,False,"training,onboarding,integration"
1032,1034,NULL,"billing","high","open","Feature request: dark mode","2025-07-24 19:25:21",NULL,NULL,NULL,False,NULL
1033,31,615,"api","medium","closed","Report generation timeout","2024-03-27 02:46:31","2024-03-27 15:46:31","2024-04-03 10:46:31",4,False,NULL
1034,61,987,"feature_request","critical","open","Duplicate notifications being sent","2025-03-09 06:26:38",NULL,NULL,NULL,False,"gdpr,integration"
1035,686,NULL,"onboarding","medium","closed","Account merge request","2025-08-06 22:31:49","2025-08-09 02:31:49","2025-08-12 15:31:49",NULL,False,"billing;migration"
1036,690,NULL,"api","low","resolved","Integration with Slack not working","2025-03-21 02:03:55","2025-03-22 15:03:55","2025-03-26 15:03:55",NULL,False,NULL
1037,224,3168,"technical","medium","open","Need help with API authentication","2025-03-24 23:12:47",NULL,NULL,NULL,False,NULL
1038,16,284,"data_export","high","closed","Duplicate notifications being sent","2025-08-02 21:55:17","2025-08-03 05:55:17","2025-08-03 21:55:17",4,False,NULL
1039,297,3967,"billing","low","in_progress","Report generation timeout","2025-10-07 12:35:51","2025-10-08 07:35:51",NULL,NULL,False,"urgent, sso, export, gdpr, urgent"
1040,802,NULL,"security","high","open","Time tracking sync issues","2025-06-22 21:57:36",NULL,NULL,NULL,False,NULL
1041,536,6803,"account","low","in_progress","Report generation timeout","2025-02-19 14:48:53","2025-02-20 11:48:53",NULL,NULL,False,"billing,feature"
1042,1006,NULL,"api","medium","open","API rate limiting issues","2024-07-19 02:19:42",NULL,NULL,NULL,False,"feature;sso;performance"
1043,649,8412,"performance","low","closed","Mobile app crashes on Android","2023-07-03 20:27:59","2023-07-05 06:27:59","2023-07-11 17:27:59",NULL,False,NULL
1044,1119,NULL,"api","high","resolved","SSO configuration help needed","2025-05-16 12:58:55","2025-05-16 21:58:55","2025-05-18 09:58:55",4,True,"integration"
1045,549,6981,"feature_request","high","closed","Data import from CSV failing","2025-09-12 08:26:41","2025-09-12 19:26:41","2025-09-19 11:26:41",NULL,False,NULL
1046,1064,NULL,"data_export","medium","open","Account merge request","2025-03-04 03:13:14",NULL,NULL,NULL,False,"bug;billing;security;onboarding"
1047,917,NULL,"security","low","in_progress","Feature request: dark mode","2024-01-25 07:10:36","2024-01-28 07:10:36",NULL,NULL,False,NULL
1048,669,NULL,"billing","high","open","Audit log access denied","2023-09-22 08:18:55",NULL,NULL,NULL,False,"ux,enterprise"
1049,239,3394,"account","medium","open","Data import from CSV failing","2025-08-15 09:44:26",NULL,NULL,NULL,False,"bug, sso, technical"
1050,505,6414,"onboarding","medium","waiting_on_customer","Slow loading on project boards","2025-06-03 16:37:20","2025-06-05 06:37:20",NULL,NULL,False,"migration, export"
1051,112,1596,"performance","high","open","Permission settings not saving","2025-08-15 14:57:20",NULL,NULL,NULL,False,"performance , api , billing"
1052,385,4893,"onboarding","high","open","Webhook delivery failures","2023-12-19 10:01:07",NULL,NULL,NULL,False,"api, documentation, billing"
1053,689,NULL,"performance","low","resolved","Webhook delivery failures","2025-08-31 01:10:47","2025-09-02 14:10:47","2025-09-09 05:10:47",4,False,NULL
1054,214,3100,"feature_request","low","open","Custom workflow automation broken","2025-02-07 18:29:47",NULL,NULL,NULL,False,NULL
1055,722,NULL,"performance","low","in_progress","GDPR data export request","2024-11-15 02:28:15","2024-11-16 01:28:15",NULL,NULL,False,NULL
1056,983,NULL,"integration","critical","closed","Gantt chart not rendering correctly","2024-01-27 12:34:18","2024-01-27 13:25:18","2024-02-02 05:25:18",5,False,"bug;billing"
1057,882,NULL,"account","medium","in_progress","GDPR data export request","2024-02-27 08:36:04","2024-02-27 21:36:04",NULL,NULL,False,"training , sso , migration , ux"
1058,478,6109,"billing","high","resolved","White label logo not displaying","2023-09-22 15:40:45","2023-09-22 21:40:45","2023-09-23 16:40:45",5,False,"api"
1059,1035,NULL,"security","medium","in_progress","Integration with Slack not working","2025-09-05 19:40:49","2025-09-07 22:40:49",NULL,NULL,False,"onboarding , sso , training"
1060,1128,NULL,"integration","medium","closed","Slow loading on project boards","2025-01-22 17:14:18","2025-01-25 07:14:18","2025-01-28 16:14:18",5,False,"technical , feature"
1061,380,4832,"onboarding","high","open","Time tracking sync issues","2025-07-04 05:48:35",NULL,NULL,NULL,False,"documentation"
1062,796,NULL,"feature_request","high","waiting_on_customer","White label logo not displaying","2025-04-21 13:05:41","2025-04-21 21:05:41",NULL,NULL,True,"feature , technical , gdpr , api"
1063,355,4521,"feature_request","medium","closed","Slow loading on project boards","2024-07-27 20:14:29","2024-07-28 10:14:29","2024-07-29 15:14:29",2,False,"onboarding,ux,feature,bug"
1064,427,5418,"integration","critical","open","Integration with Slack not working","2024-04-27 16:41:14",NULL,NULL,NULL,False,"technical"
1065,793,NULL,"security","low","open","Report generation timeout","2025-06-01 08:59:54",NULL,NULL,NULL,False,NULL
1066,323,4182,"integration","medium","closed","Audit log access denied","2025-01-05 01:28:52","2025-01-06 16:28:52","2025-01-07 04:28:52",5,False,NULL
1067,822,NULL,"onboarding","critical","waiting_on_customer","Billing discrepancy on latest invoice","2025-08-31 09:29:10","2025-08-31 10:44:10",NULL,NULL,False,NULL
1068,1042,NULL,"account","low","closed","GDPR data export request","2024-08-12 05:07:55","2024-08-12 10:07:55","2024-08-13 11:07:55",NULL,False,"enterprise , integration , performance , migration"
1069,318,4149,"feature_request","low","closed","Billing discrepancy on latest invoice","2025-04-05 02:23:13","2025-04-06 10:23:13","2025-04-13 09:23:13",NULL,False,NULL
1070,26,528,"billing","critical","resolved","Export failing for large datasets","2024-08-22 07:43:01","2024-08-22 07:53:01","2024-08-25 07:53:01",4,True,"enterprise;enterprise"
1071,1088,NULL,"data_export","medium","closed","SSO configuration help needed","2024-09-14 12:38:18","2024-09-17 05:38:18","2024-09-18 03:38:18",5,False,NULL
1072,1006,NULL,"data_export","medium","closed","Custom workflow automation broken","2024-12-03 04:17:41","2024-12-05 06:17:41","2024-12-05 15:17:41",2,False,"api, ux, migration"
1073,1128,NULL,"security","critical","open","Account merge request","2024-03-28 03:13:25",NULL,NULL,NULL,True,NULL
1074,260,3613,"onboarding","medium","closed","GDPR data export request","2025-04-11 08:07:19","2025-04-13 15:07:19","2025-04-16 02:07:19",NULL,False,"technical, mobile"
1075,469,6045,"onboarding","medium","waiting_on_customer","Data import from CSV failing","2025-10-11 12:58:23","2025-10-13 14:58:23",NULL,NULL,False,"gdpr, urgent, migration, documentation"
1076,504,6401,"feature_request","medium","closed","Time tracking sync issues","2023-10-16 13:49:55","2023-10-17 00:49:55","2023-10-19 11:49:55",NULL,False,"performance, gdpr, training"
1077,751,NULL,"data_export","low","resolved","Mobile app crashes on Android","2025-05-11 17:56:32","2025-05-13 05:56:32","2025-05-14 04:56:32",3,False,NULL
1078,898,NULL,"integration","medium","closed","Duplicate notifications being sent","2023-11-16 23:03:56","2023-11-17 08:03:56","2023-11-19 02:03:56",NULL,False,"performance , documentation , bug"
1079,49,805,"security","low","open","Gantt chart not rendering correctly","2025-09-08 20:19:48",NULL,NULL,NULL,False,"documentation;billing"
1080,557,7154,"technical","medium","in_progress","API rate limiting issues","2025-08-17 23:32:41","2025-08-19 17:32:41",NULL,NULL,False,NULL
1081,693,NULL,"onboarding","medium","in_progress","Cannot downgrade plan","2025-05-07 12:15:13","2025-05-09 07:15:13",NULL,NULL,False,"mobile, export, integration, training, mobile"
1082,849,NULL,"security","low","open","API rate limiting issues","2023-03-27 11:12:14",NULL,NULL,NULL,False,"documentation;onboarding;ux;documentation"
1083,758,NULL,"billing","medium","closed","Need to add more team members","2025-06-28 15:26:35","2025-06-30 20:26:35","2025-07-04 18:26:35",5,False,"onboarding;sso;onboarding"
1084,670,NULL,"api","medium","waiting_on_customer","Audit log access denied","2024-12-19 00:22:30","2024-12-21 03:22:30",NULL,NULL,False,"onboarding"
1085,400,5100,"performance","medium","open","Slow loading on project boards","2025-08-15 19:07:49",NULL,NULL,NULL,False,"security;bug;api;documentation"
1086,267,3718,"data_export","medium","open","Slow loading on project boards","2024-04-05 16:37:27",NULL,NULL,NULL,False,"training;performance;sso"
1087,478,6109,"security","low","resolved","Integration with Slack not working","2024-02-28 04:05:15","2024-03-01 22:05:15","2024-03-02 22:05:15",NULL,False,NULL
1088,234,3308,"technical","low","closed","GDPR data export request","2025-03-28 05:26:26","2025-03-28 10:26:26","2025-03-29 06:26:26",1,False,"ux , training , sso , feature"
1089,512,6510,"billing","low","open","Mobile app crashes on Android","2023-07-02 01:57:05",NULL,NULL,NULL,False,"mobile , training"
1090,1198,NULL,"technical","critical","resolved","Audit log access denied","2024-01-01 21:03:48","2024-01-01 21:27:48","2024-01-07 13:27:48",5,True,"onboarding"
1091,1127,NULL,"technical","high","in_progress","Permission settings not saving","2025-10-22 10:17:02","2025-10-22 18:17:02",NULL,NULL,True,"api , technical , feature"
1092,419,5322,"security","low","in_progress","Permission settings not saving","2025-08-21 06:17:44","2025-08-22 22:17:44",NULL,NULL,False,"billing;bug;training;ux"
1093,72,1099,"account","high","in_progress","Time tracking sync issues","2025-10-12 22:51:27","2025-10-13 01:51:27",NULL,NULL,False,"enterprise,bug"
1094,1151,NULL,"integration","medium","waiting_on_customer","API rate limiting issues","2024-05-07 15:44:51","2024-05-09 07:44:51",NULL,NULL,False,"performance , feature , bug , mobile"
1095,986,NULL,"performance","medium","resolved","Mobile app crashes on Android","2023-11-25 16:13:20","2023-11-26 14:13:20","2023-12-02 05:13:20",4,False,"training"
1096,205,2902,"account","low","open","Cannot login to dashboard","2023-07-03 11:24:12",NULL,NULL,NULL,False,"feature;migration;feature"
1097,473,6070,"integration","low","open","Need help with API authentication","2025-02-17 21:11:36",NULL,NULL,NULL,False,"documentation, feature, gdpr"
1098,676,NULL,"performance","high","resolved","Integration with Slack not working","2023-02-15 03:43:04","2023-02-15 05:43:04","2023-02-21 17:43:04",NULL,False,NULL
1099,354,4518,"security","low","closed","Feature request: dark mode","2025-10-05 10:46:25","2025-10-05 20:46:25","2025-10-12 08:46:25",3,False,"documentation , training , api"
1100,281,3835,"data_export","medium","in_progress","API rate limiting issues","2024-02-21 03:45:20","2024-02-22 00:45:20",NULL,NULL,False,"sso"
1101,799,NULL,"data_export","medium","waiting_on_customer","API rate limiting issues","2025-06-03 04:57:47","2025-06-05 21:57:47",NULL,NULL,False,"gdpr, onboarding"
1102,67,1065,"performance","medium","open","Account merge request","2025-07-01 17:27:42",NULL,NULL,NULL,False,"training,ux"
1103,373,4775,"onboarding","critical","open","Permission settings not saving","2025-09-08 19:17:38",NULL,NULL,NULL,False,"training;bug;onboarding;gdpr"
1104,436,5580,"api","critical","resolved","Audit log access denied","2024-11-05 09:52:05","2024-11-05 10:15:05","2024-11-10 18:15:05",4,True,"urgent , sso"
1105,743,NULL,"technical","medium","in_progress","SSO configuration help needed","2025-09-14 22:29:16","2025-09-15 21:29:16",NULL,NULL,False,"security;sso;training"
1106,590,7605,"security","low","resolved","SSO configuration help needed","2025-06-20 12:57:36","2025-06-21 17:57:36","2025-06-26 21:57:36",4,False,"api, enterprise, ux"
1107,1098,NULL,"onboarding","medium","waiting_on_customer","Account merge request","2025-04-12 12:56:01","2025-04-15 09:56:01",NULL,NULL,False,"security;export;api;technical"
1108,278,3817,"data_export","critical","closed","Webhook delivery failures","2025-06-25 01:59:39","2025-06-25 02:24:39","2025-07-01 08:24:39",4,False,"billing,mobile,api"
1109,466,6032,"data_export","low","in_progress","Time tracking sync issues","2025-08-11 05:21:00","2025-08-11 17:21:00",NULL,NULL,False,"api,integration"
1110,119,1699,"onboarding","medium","closed","White label logo not displaying","2024-06-06 15:27:03","2024-06-09 14:27:03","2024-06-12 18:27:03",3,False,"migration,documentation,billing,api"
1111,830,NULL,"integration","critical","closed","Cannot downgrade plan","2023-10-08 23:24:45","2023-10-09 01:01:45","2023-10-10 13:01:45",NULL,False,"training , enterprise , feature , integration"
1112,710,NULL,"security","medium","open","SSO configuration help needed","2024-03-26 03:46:41",NULL,NULL,NULL,False,"technical"
1113,555,7102,"billing","medium","waiting_on_customer","Data import from CSV failing","2025-01-13 23:51:21","2025-01-14 13:51:21",NULL,NULL,False,"bug;enterprise"
1114,712,NULL,"security","high","resolved","Slow loading on project boards","2024-11-07 15:26:49","2024-11-08 02:26:49","2024-11-12 00:26:49",NULL,False,"integration;mobile;sso;integration"
1115,49,802,"onboarding","critical","in_progress","Cannot login to dashboard","2024-11-29 17:36:21","2024-11-29 18:03:21",NULL,NULL,False,"export;migration;feature;training"
1116,1086,NULL,"feature_request","low","in_progress","Custom workflow automation broken","2023-07-27 21:43:56","2023-07-29 08:43:56",NULL,NULL,False,"documentation , urgent"
1117,1189,NULL,"account","medium","closed","Audit log access denied","2024-01-12 03:01:07","2024-01-13 19:01:07","2024-01-19 14:01:07",4,False,"security , performance"
1118,696,NULL,"api","low","in_progress","API rate limiting issues","2025-05-08 16:56:16","2025-05-09 14:56:16",NULL,NULL,False,"export,performance,api"
1119,164,2383,"account","medium","closed","Cannot login to dashboard","2025-10-28 09:13:28","2025-10-29 05:13:28","2025-11-04 04:13:28",4,False,NULL
1120,256,3551,"billing","high","open","Audit log access denied","2025-05-24 09:39:22",NULL,NULL,NULL,True,NULL
1121,297,3965,"technical","low","in_progress","Slow loading on project boards","2025-08-20 04:13:59","2025-08-21 19:13:59",NULL,NULL,False,"training"
1122,73,1115,"billing","critical","closed","Mobile app crashes on Android","2025-03-09 00:01:24","2025-03-09 01:57:24","2025-03-13 13:57:24",NULL,False,"onboarding"
1123,142,2115,"onboarding","medium","waiting_on_customer","Duplicate notifications being sent","2024-10-10 03:07:28","2024-10-10 15:07:28",NULL,NULL,False,"mobile;ux;export"
1124,1055,NULL,"account","low","closed","Audit log access denied","2024-01-22 01:17:10","2024-01-23 04:17:10","2024-01-24 07:17:10",4,False,"documentation , gdpr"
1125,81,1235,"performance","medium","open","Custom workflow automation broken","2024-03-06 15:52:29",NULL,NULL,NULL,False,NULL
1126,287,3867,"data_export","medium","waiting_on_customer","Duplicate notifications being sent","2025-10-17 11:34:20","2025-10-19 21:34:20",NULL,NULL,False,NULL
1127,1078,NULL,"data_export","high","open","Feature request: dark mode","2025-05-06 11:16:09",NULL,NULL,NULL,False,"sso"
1128,659,8485,"feature_request","medium","waiting_on_customer","Billing discrepancy on latest invoice","2023-11-25 08:20:38","2023-11-27 08:20:38",NULL,NULL,False,"security,documentation"
1129,749,NULL,"integration","low","open","Mobile app crashes on Android","2025-10-18 04:54:21",NULL,NULL,NULL,False,"sso;ux;performance"
1130,803,NULL,"data_export","high","in_progress","GDPR data export request","2024-08-15 04:41:36","2024-08-15 16:41:36",NULL,NULL,False,"integration,api,mobile"
1131,668,NULL,"api","critical","open","Feature request: dark mode","2024-10-27 15:06:03",NULL,NULL,NULL,True,NULL
1132,1,2,"integration","low","in_progress","Cannot downgrade plan","2023-08-09 04:50:38","2023-08-10 19:50:38",NULL,NULL,False,"ux , export , migration , integration , ux"
1133,652,8423,"technical","critical","open","Custom workflow automation broken","2025-05-14 08:48:22",NULL,NULL,NULL,True,"urgent , integration"
1134,1182,NULL,"security","medium","waiting_on_customer","Custom workflow automation broken","2025-08-02 05:38:10","2025-08-03 00:38:10",NULL,NULL,False,"bug , urgent , security"
1135,296,3963,"account","low","waiting_on_customer","SSO configuration help needed","2025-03-28 06:27:11","2025-03-30 17:27:11",NULL,NULL,False,"ux , documentation , performance"
1136,1119,NULL,"security","medium","open","Permission settings not saving","2025-08-14 07:40:59",NULL,NULL,NULL,False,"documentation,sso,enterprise,onboarding"
1137,1102,NULL,"performance","high","waiting_on_customer","Webhook delivery failures","2025-09-27 18:01:33","2025-09-28 00:01:33",NULL,NULL,True,NULL
1138,152,2184,"billing","high","resolved","Need to add more team members","2025-02-06 03:48:39","2025-02-06 08:48:39","2025-02-10 20:48:39",NULL,False,"urgent;billing;bug;security;urgent"
1139,1034,NULL,"api","critical","open","Custom workflow automation broken","2024-12-14 12:35:49",NULL,NULL,NULL,False,"security , urgent , ux"
1140,277,3814,"billing","low","waiting_on_customer","Report generation timeout","2025-08-30 04:54:02","2025-09-02 02:54:02",NULL,NULL,False,NULL
1141,659,8482,"performance","low","in_progress","Need to add more team members","2023-12-04 04:42:56","2023-12-04 18:42:56",NULL,NULL,False,"enterprise;gdpr"
1142,1017,NULL,"security","medium","resolved","Need help with API authentication","2025-10-27 23:25:23","2025-10-29 01:25:23","2025-10-30 01:25:23",NULL,False,"gdpr, urgent, technical, enterprise"
1143,858,NULL,"data_export","critical","open","Slow loading on project boards","2024-02-04 10:40:21",NULL,NULL,NULL,False,"enterprise,api,bug,urgent"
1144,368,4709,"feature_request","high","waiting_on_customer","SSO configuration help needed","2024-01-29 08:48:03","2024-01-29 19:48:03",NULL,NULL,False,"billing;training"
1145,133,1978,"feature_request","low","waiting_on_customer","GDPR data export request","2024-08-14 20:34:26","2024-08-15 20:34:26",NULL,NULL,False,"ux"
1146,521,6618,"data_export","medium","closed","SSO configuration help needed","2024-07-02 05:24:25","2024-07-02 21:24:25","2024-07-08 23:24:25",5,False,"billing,security"
1147,155,2255,"feature_request","low","open","Custom workflow automation broken","2025-10-01 10:26:54",NULL,NULL,NULL,False,NULL
1148,950,NULL,"technical","critical","waiting_on_customer","Audit log access denied","2025-04-19 22:16:56","2025-04-19 23:07:56",NULL,NULL,True,"security;api"
1149,581,7528,"api","medium","in_progress","Integration with Slack not working","2025-08-07 09:44:18","2025-08-10 08:44:18",NULL,NULL,False,"integration , billing , export"
1150,149,2152,"technical","critical","waiting_on_customer","Account merge request","2025-10-02 08:25:52","2025-10-02 09:27:52",NULL,NULL,True,NULL
1151,152,2199,"data_export","medium","open","Webhook delivery failures","2025-02-21 00:15:31",NULL,NULL,NULL,False,"integration,enterprise,mobile,training"
1152,1136,NULL,"security","critical","closed","Mobile app crashes on Android","2025-05-27 21:42:26","2025-05-27 22:12:26","2025-05-30 15:12:26",3,False,"training"
1153,1197,NULL,"data_export","medium","closed","Data import from CSV failing","2025-02-22 12:54:29","2025-02-23 15:54:29","2025-02-25 20:54:29",1,False,"documentation, urgent, gdpr, migration"
1154,897,NULL,"performance","critical","in_progress","Need to add more team members","2025-01-01 10:18:00","2025-01-01 11:10:00",NULL,NULL,False,"enterprise , documentation"
1155,897,NULL,"integration","high","waiting_on_customer","GDPR data export request","2024-04-03 13:35:47","2024-04-03 15:35:47",NULL,NULL,True,"sso, onboarding"
1156,22,453,"data_export","medium","resolved","API rate limiting issues","2025-04-07 04:36:14","2025-04-08 18:36:14","2025-04-11 04:36:14",NULL,False,NULL
1157,1006,NULL,"performance","low","waiting_on_customer","Cannot downgrade plan","2024-10-06 02:59:50","2024-10-07 19:59:50",NULL,NULL,False,"technical;training"
1158,788,NULL,"onboarding","high","closed","Export failing for large datasets","2025-01-14 20:22:08","2025-01-15 00:22:08","2025-01-21 12:22:08",3,True,NULL
1159,543,6906,"technical","medium","closed","GDPR data export request","2025-09-03 08:06:33","2025-09-03 23:06:33","2025-09-09 13:06:33",4,False,"api , documentation , gdpr , sso"
1160,821,NULL,"security","medium","waiting_on_customer","Time tracking sync issues","2024-04-20 08:52:59","2024-04-20 10:52:59",NULL,NULL,False,"api , security , gdpr , api"
1161,487,6187,"api","medium","open","GDPR data export request","2024-12-14 07:19:20",NULL,NULL,NULL,False,"export , api , urgent"
1162,839,NULL,"data_export","medium","closed","SSO configuration help needed","2025-09-09 22:49:10","2025-09-10 18:49:10","2025-09-11 10:49:10",5,False,"ux,enterprise,migration"
1163,539,6873,"integration","medium","resolved","SSO configuration help needed","2024-10-28 07:57:14","2024-10-31 05:57:14","2024-11-01 17:57:14",5,False,"documentation, mobile, technical, feature"
1164,289,3931,"account","low","open","Integration with Slack not working","2025-07-18 07:17:11",NULL,NULL,NULL,False,"urgent, ux, bug, documentation"
1165,251,3523,"feature_request","high","resolved","GDPR data export request","2024-01-14 21:26:11","2024-01-15 00:26:11","2024-01-21 11:26:11",3,False,"urgent"
1166,429,5436,"billing","low","open","White label logo not displaying","2025-05-31 14:25:04",NULL,NULL,NULL,False,"gdpr;integration;documentation;ux"
1167,791,NULL,"data_export","medium","resolved","SSO configuration help needed","2025-08-13 23:35:04","2025-08-16 14:35:04","2025-08-21 10:35:04",NULL,False,"performance"
1168,267,3713,"integration","high","waiting_on_customer","White label logo not displaying","2024-06-15 10:18:11","2024-06-15 15:18:11",NULL,NULL,False,NULL
1170,1150,NULL,"account","high","waiting_on_customer","Slow loading on project boards","2025-10-11 03:37:00","2025-10-11 11:37:00",NULL,NULL,False,"api, urgent"
1171,1007,NULL,"performance","medium","waiting_on_customer","Billing discrepancy on latest invoice","2025-02-06 12:47:30","2025-02-06 15:47:30",NULL,NULL,False,"urgent;bug;enterprise"
1172,632,8125,"technical","low","in_progress","Report generation timeout","2025-04-29 21:57:17","2025-05-01 16:57:17",NULL,NULL,False,"integration"
1173,996,NULL,"performance","high","closed","Cannot login to dashboard","2024-07-14 17:51:57","2024-07-14 23:51:57","2024-07-18 05:51:57",NULL,True,"gdpr;onboarding;technical"
1174,902,NULL,"account","medium","waiting_on_customer","Need to add more team members","2025-08-08 11:19:23","2025-08-10 10:19:23",NULL,NULL,False,NULL
1175,855,NULL,"integration","low","resolved","Account merge request","2023-08-12 16:59:30","2023-08-13 03:59:30","2023-08-16 17:59:30",3,False,"documentation,sso,ux,security"
1176,120,1727,"integration","low","closed","Need to add more team members","2024-08-17 16:02:34","2024-08-20 09:02:34","2024-08-25 00:02:34",4,False,"gdpr, security"
1177,1051,NULL,"feature_request","medium","in_progress","Report generation timeout","2024-08-11 12:46:32","2024-08-12 01:46:32",NULL,NULL,False,"feature"
1178,847,NULL,"performance","low","closed","Cannot downgrade plan","2024-09-28 11:21:36","2024-09-28 17:21:36","2024-10-04 01:21:36",4,False,"bug, export, technical, integration"
1179,532,6765,"billing","high","waiting_on_customer","Need help with API authentication","2024-11-02 04:59:27","2024-11-02 06:59:27",NULL,NULL,True,"sso,feature"
1180,600,7723,"data_export","medium","closed","Slow loading on project boards","2025-04-28 02:40:27","2025-04-29 21:40:27","2025-05-06 21:40:27",4,False,NULL
1181,643,8330,"api","low","in_progress","Cannot downgrade plan","2025-07-22 23:42:16","2025-07-23 13:42:16",NULL,NULL,False,"api,migration,mobile,sso"
1182,575,7427,"security","medium","open","SSO configuration help needed","2024-12-05 09:15:51",NULL,NULL,NULL,False,"api;feature;migration"
1183,1120,NULL,"integration","critical","closed","Need to add more team members","2025-05-27 22:52:39","2025-05-28 00:18:39","2025-05-29 12:18:39",5,False,"mobile , ux , migration , integration"
1184,960,NULL,"onboarding","low","resolved","GDPR data export request","2025-09-17 22:21:08","2025-09-19 05:21:08","2025-09-24 10:21:08",4,False,"security, bug, api"
1185,220,3154,"technical","medium","in_progress","Cannot downgrade plan","2025-03-18 23:47:04","2025-03-21 07:47:04",NULL,NULL,False,"documentation;api;integration"
1186,235,3314,"security","low","waiting_on_customer","Audit log access denied","2024-06-01 02:20:25","2024-06-02 05:20:25",NULL,NULL,False,"ux, onboarding, export, api"
1187,1040,NULL,"integration","medium","resolved","Data import from CSV failing","2025-01-12 20:50:55","2025-01-13 04:50:55","2025-01-15 16:50:55",4,False,"ux , performance"
1188,1044,NULL,"api","low","closed","Webhook delivery failures","2025-10-08 06:19:51","2025-10-09 20:19:51","2025-10-16 10:19:51",5,False,"gdpr,migration,bug"
1189,138,2060,"technical","low","waiting_on_customer","Feature request: dark mode","2025-03-09 13:26:08","2025-03-12 02:26:08",NULL,NULL,False,"performance,api"
1190,493,6241,"data_export","critical","closed","Data import from CSV failing","2025-05-06 20:54:01","2025-05-06 22:20:01","2025-05-10 22:20:01",NULL,False,"documentation;technical;bug;api;documentation"
1191,793,NULL,"data_export","low","in_progress","Cannot login to dashboard","2025-01-31 12:46:48","2025-02-01 18:46:48",NULL,NULL,False,"export"
1192,1064,NULL,"technical","medium","in_progress","White label logo not displaying","2025-06-25 18:11:20","2025-06-27 08:11:20",NULL,NULL,False,NULL
1193,848,NULL,"feature_request","high","resolved","SSO configuration help needed","2025-03-30 23:45:16","2025-03-31 08:45:16","2025-04-07 05:45:16",NULL,True,"feature,migration"
1194,943,NULL,"api","high","resolved","Mobile app crashes on Android","2025-02-25 07:02:42","2025-02-25 18:02:42","2025-02-25 22:02:42",NULL,True,NULL
1195,968,NULL,"technical","low","closed","Time tracking sync issues","2024-10-21 02:32:44","2024-10-23 00:32:44","2024-10-25 23:32:44",3,False,NULL
1196,335,4271,"feature_request","critical","in_progress","Data import from CSV failing","2024-12-15 02:37:47","2024-12-15 03:00:47",NULL,NULL,False,"mobile,onboarding,mobile"
1197,121,1748,"security","low","open","Webhook delivery failures","2025-09-29 09:38:41",NULL,NULL,NULL,False,"technical;ux;billing"
1198,863,NULL,"security","high","waiting_on_customer","Integration with Slack not working","2024-05-08 05:39:33","2024-05-08 06:39:33",NULL,NULL,False,"mobile;billing;integration;feature"
1199,422,5344,"technical","high","resolved","Integration with Slack not working","2025-09-29 05:10:41","2025-09-29 06:10:41","2025-10-02 02:10:41",5,False,NULL
1200,39,683,"data_export","low","resolved","Feature request: dark mode","2025-09-20 15:20:26","2025-09-22 21:20:26","2025-09-25 21:20:26",1,False,"gdpr"
1201,941,NULL,"data_export","medium","open","Duplicate notifications being sent","2023-05-22 18:15:32",NULL,NULL,NULL,False,"export"
1202,449,5738,"billing","high","in_progress","Feature request: dark mode","2024-06-26 14:15:59","2024-06-26 22:15:59",NULL,NULL,False,NULL
1203,1064,NULL,"data_export","medium","resolved","Custom workflow automation broken","2025-05-21 08:58:08","2025-05-23 04:58:08","2025-05-27 15:58:08",NULL,False,"performance , documentation , sso"
1204,493,6241,"onboarding","medium","closed","Webhook delivery failures","2025-10-28 21:11:52","2025-10-31 21:11:52","2025-11-07 17:11:52",NULL,False,NULL
1205,1078,NULL,"technical","medium","open","Need to add more team members","2025-05-23 01:33:36",NULL,NULL,NULL,False,"export , integration , training"
1206,746,NULL,"api","medium","resolved","API rate limiting issues","2024-10-19 13:20:54","2024-10-20 20:20:54","2024-10-26 18:20:54",5,False,"bug,performance,onboarding,enterprise"
1207,575,7428,"feature_request","low","resolved","Audit log access denied","2024-10-03 23:31:02","2024-10-06 02:31:02","2024-10-09 23:31:02",4,False,"performance , training"
1208,61,1005,"data_export","high","closed","Report generation timeout","2023-11-06 07:48:11","2023-11-06 17:48:11","2023-11-06 19:48:11",4,True,"export,onboarding,training,urgent"
1209,654,8433,"feature_request","medium","in_progress","SSO configuration help needed","2024-07-04 04:19:16","2024-07-06 05:19:16",NULL,NULL,False,NULL
1210,1025,NULL,"performance","medium","in_progress","Need to add more team members","2024-09-16 20:50:19","2024-09-17 03:50:19",NULL,NULL,False,"training"
1211,490,6232,"security","medium","waiting_on_customer","Data import from CSV failing","2025-04-04 09:41:00","2025-04-05 06:41:00",NULL,NULL,False,NULL
1212,1099,NULL,"billing","medium","closed","Billing discrepancy on latest invoice","2025-04-08 06:08:50","2025-04-09 13:08:50","2025-04-15 13:08:50",4,False,"technical, security, onboarding, api"
1213,808,NULL,"feature_request","medium","waiting_on_customer","Cannot login to dashboard","2025-02-09 13:33:51","2025-02-10 12:33:51",NULL,NULL,False,"enterprise,urgent,feature"
1214,539,6859,"feature_request","low","in_progress","White label logo not displaying","2025-04-11 15:31:50","2025-04-14 03:31:50",NULL,NULL,False,"technical"
1215,2,7,"billing","low","resolved","Duplicate notifications being sent","2025-10-25 20:43:19","2025-10-28 01:43:19","2025-10-28 14:43:19",NULL,False,"api , sso , export , integration"
1216,461,5948,"billing","high","closed","SSO configuration help needed","2025-03-18 16:48:37","2025-03-18 22:48:37","2025-03-20 22:48:37",1,False,NULL
1217,689,NULL,"api","low","closed","Gantt chart not rendering correctly","2025-06-03 02:09:54","2025-06-04 22:09:54","2025-06-10 13:09:54",4,False,NULL
1218,1042,NULL,"performance","low","in_progress","Mobile app crashes on Android","2024-09-27 12:07:22","2024-09-27 15:07:22",NULL,NULL,False,NULL
1219,388,4909,"feature_request","low","open","Need help with API authentication","2025-06-27 23:31:36",NULL,NULL,NULL,False,"feature , feature"
1220,356,4567,"data_export","critical","in_progress","Need to add more team members","2025-08-02 02:02:28","2025-08-02 03:31:28",NULL,NULL,False,NULL
1221,439,5606,"performance","low","waiting_on_customer","Account merge request","2025-03-10 08:59:12","2025-03-10 19:59:12",NULL,NULL,False,NULL
1222,835,NULL,"security","medium","waiting_on_customer","Webhook delivery failures","2024-07-25 17:34:10","2024-07-27 12:34:10",NULL,NULL,False,"mobile"
1223,835,NULL,"integration","medium","resolved","Webhook delivery failures","2024-11-13 01:08:20","2024-11-13 20:08:20","2024-11-14 08:08:20",4,False,"security, api, bug, onboarding, security"
1224,361,4639,"integration","medium","open","Time tracking sync issues","2025-09-24 03:06:27",NULL,NULL,NULL,False,"onboarding;billing"
1225,778,NULL,"feature_request","medium","waiting_on_customer","Billing discrepancy on latest invoice","2024-03-16 22:28:44","2024-03-17 00:28:44",NULL,NULL,False,"technical,bug,documentation"
1226,1136,NULL,"account","medium","in_progress","Slow loading on project boards","2023-06-12 13:43:43","2023-06-15 07:43:43",NULL,NULL,False,NULL
1227,597,7714,"account","critical","resolved","GDPR data export request","2025-03-17 16:17:53","2025-03-17 17:37:53","2025-03-20 12:37:53",4,False,"mobile;training;integration;onboarding"
1228,876,NULL,"integration","low","waiting_on_customer","Billing discrepancy on latest invoice","2025-06-20 16:29:17","2025-06-23 12:29:17",NULL,NULL,False,NULL
1229,279,3820,"performance","medium","open","Mobile app crashes on Android","2025-09-09 19:31:07",NULL,NULL,NULL,False,"training,gdpr,export,api"
1230,847,NULL,"onboarding","medium","open","Duplicate notifications being sent","2024-06-11 13:57:23",NULL,NULL,NULL,False,"urgent, security"
1231,689,NULL,"integration","medium","resolved","Time tracking sync issues","2025-03-07 00:38:15","2025-03-07 11:38:15","2025-03-07 19:38:15",5,False,"integration,migration,ux,security"
1232,1106,NULL,"integration","medium","open","Audit log access denied","2024-02-25 04:39:09",NULL,NULL,NULL,False,"onboarding"
1233,422,5344,"security","high","closed","Integration with Slack not working","2025-09-07 06:49:56","2025-09-07 11:49:56","2025-09-09 22:49:56",5,True,NULL
1234,1046,NULL,"billing","critical","closed","Need help with API authentication","2025-06-09 06:03:59","2025-06-09 07:32:59","2025-06-09 21:32:59",4,False,"urgent, billing, feature, security"
1235,50,809,"onboarding","low","resolved","SSO configuration help needed","2024-12-16 04:05:45","2024-12-16 17:05:45","2024-12-20 21:05:45",NULL,False,"security, performance, migration"
1236,273,3795,"integration","medium","waiting_on_customer","Billing discrepancy on latest invoice","2023-11-01 06:18:04","2023-11-01 21:18:04",NULL,NULL,False,"bug;feature;documentation;bug"
1237,849,NULL,"onboarding","high","in_progress","Duplicate notifications being sent","2025-04-01 12:11:17","2025-04-01 21:11:17",NULL,NULL,False,"integration"
1238,1153,NULL,"integration","critical","open","Export failing for large datasets","2024-12-02 03:03:33",NULL,NULL,NULL,False,NULL
1239,317,4138,"api","medium","closed","Need to add more team members","2025-06-11 21:26:30","2025-06-12 14:26:30","2025-06-16 10:26:30",NULL,False,"export,training,sso"
1240,319,4152,"performance","critical","resolved","Cannot downgrade plan","2024-10-21 23:42:34","2024-10-22 00:58:34","2024-10-22 15:58:34",NULL,False,"gdpr, enterprise"
1241,7,82,"technical","high","in_progress","Billing discrepancy on latest invoice","2025-07-30 09:53:01","2025-07-30 17:53:01",NULL,NULL,True,"billing,training,integration,billing"
1242,722,NULL,"integration","medium","resolved","API rate limiting issues","2025-01-16 13:34:56","2025-01-18 20:34:56","2025-01-25 03:34:56",2,False,NULL
1243,1081,NULL,"integration","low","resolved","Report generation timeout","2024-04-05 21:30:54","2024-04-06 10:30:54","2024-04-08 23:30:54",NULL,False,NULL
1244,1094,NULL,"onboarding","low","resolved","Report generation timeout","2025-02-15 15:08:45","2025-02-17 10:08:45","2025-02-23 09:08:45",4,False,"urgent, documentation, feature"
1245,841,NULL,"performance","low","in_progress","Cannot login to dashboard","2025-09-02 04:24:09","2025-09-05 03:24:09",NULL,NULL,False,"billing, enterprise"
1246,422,5339,"onboarding","low","closed","Audit log access denied","2025-10-15 04:48:34","2025-10-17 20:48:34","2025-10-23 16:48:34",5,False,"integration"
1247,26,528,"onboarding","high","closed","Account merge request","2024-04-11 22:26:21","2024-04-12 04:26:21","2024-04-15 01:26:21",4,True,NULL
1248,118,1693,"performance","low","waiting_on_customer","White label logo not displaying","2024-11-16 04:55:15","2024-11-16 06:55:15",NULL,NULL,False,"onboarding, migration, ux"
1249,627,8044,"billing","medium","open","Audit log access denied","2025-01-24 15:58:53",NULL,NULL,NULL,False,"migration;onboarding;integration;security"
1250,1174,NULL,"onboarding","high","in_progress","API rate limiting issues","2025-04-18 11:54:31","2025-04-18 19:54:31",NULL,NULL,False,"technical, billing, training, technical"
1251,519,6608,"api","high","closed","Cannot login to dashboard","2024-10-29 10:05:55","2024-10-29 18:05:55","2024-11-05 10:05:55",1,False,"technical,integration,feature,technical"
1252,570,7321,"performance","high","in_progress","SSO configuration help needed","2025-08-25 13:39:57","2025-08-25 16:39:57",NULL,NULL,True,"mobile, performance, security, bug"
1253,355,4556,"integration","low","resolved","Account merge request","2025-06-16 13:28:14","2025-06-16 15:28:14","2025-06-21 19:28:14",4,False,"api"
1254,728,NULL,"security","medium","open","Gantt chart not rendering correctly","2025-09-22 08:50:03",NULL,NULL,NULL,False,NULL
1255,699,NULL,"security","medium","resolved","Duplicate notifications being sent","2025-07-03 20:41:25","2025-07-04 17:41:25","2025-07-04 19:41:25",3,False,"security , training , onboarding"
1256,1176,NULL,"onboarding","medium","in_progress","API rate limiting issues","2025-05-11 15:30:58","2025-05-12 15:30:58",NULL,NULL,False,"integration;performance"
1257,489,6230,"performance","medium","closed","Duplicate notifications being sent","2024-11-15 09:22:36","2024-11-18 06:22:36","2024-11-19 07:22:36",NULL,False,NULL
1258,10,169,"technical","high","closed","Gantt chart not rendering correctly","2025-03-29 21:13:00","2025-03-30 03:13:00","2025-03-31 23:13:00",NULL,False,NULL
1259,734,NULL,"api","medium","resolved","GDPR data export request","2023-10-29 07:37:17","2023-11-01 00:37:17","2023-11-02 18:37:17",NULL,False,"feature, export, onboarding"
1260,92,1411,"api","critical","resolved","API rate limiting issues","2023-08-14 12:39:52","2023-08-14 13:01:52","2023-08-14 19:01:52",4,True,"documentation , training , technical , gdpr"
1261,375,4777,"performance","medium","in_progress","SSO configuration help needed","2025-06-18 06:36:09","2025-06-20 06:36:09",NULL,NULL,False,"performance,api,performance"
1262,382,4850,"security","critical","open","Data import from CSV failing","2025-02-18 08:09:15",NULL,NULL,NULL,True,"documentation"
1263,1190,NULL,"api","low","closed","Cannot login to dashboard","2025-04-02 02:19:33","2025-04-02 19:19:33","2025-04-03 01:19:33",NULL,False,"gdpr"
1264,86,1308,"integration","high","closed","Cannot login to dashboard","2025-09-01 19:53:07","2025-09-02 00:53:07","2025-09-04 09:53:07",5,True,"sso, documentation, sso"
1265,630,8114,"api","low","in_progress","Custom workflow automation broken","2024-01-22 02:59:10","2024-01-25 02:59:10",NULL,NULL,False,"performance"
1266,205,2900,"feature_request","medium","open","GDPR data export request","2025-06-10 22:13:14",NULL,NULL,NULL,False,"export"
1267,983,NULL,"api","critical","resolved","Duplicate notifications being sent","2025-03-26 07:50:38","2025-03-26 08:10:38","2025-03-28 00:10:38",NULL,False,"export"
1268,467,6035,"onboarding","medium","in_progress","Cannot login to dashboard","2025-09-15 15:35:49","2025-09-16 14:35:49",NULL,NULL,False,"export"
1269,601,7730,"data_export","medium","in_progress","Permission settings not saving","2025-06-22 00:18:38","2025-06-23 17:18:38",NULL,NULL,False,"api, security, billing, integration"
1270,1154,NULL,"technical","critical","closed","API rate limiting issues","2025-04-11 22:00:38","2025-04-11 23:53:38","2025-04-17 14:53:38",4,False,"api, ux"
1271,900,NULL,"api","medium","resolved","GDPR data export request","2024-06-20 12:46:12","2024-06-23 05:46:12","2024-06-28 16:46:12",NULL,False,"mobile,api,enterprise,sso"
1272,1013,NULL,"feature_request","low","in_progress","Custom workflow automation broken","2024-06-24 02:46:51","2024-06-26 16:46:51",NULL,NULL,False,"migration,export,migration"
1273,802,NULL,"api","medium","in_progress","Need to add more team members","2025-05-23 17:06:35","2025-05-25 19:06:35",NULL,NULL,False,"enterprise , sso , api , feature"
1274,217,3126,"data_export","high","open","Gantt chart not rendering correctly","2025-07-18 06:00:54",NULL,NULL,NULL,False,NULL
1275,642,8321,"api","medium","waiting_on_customer","Integration with Slack not working","2025-04-19 13:12:25","2025-04-22 06:12:25",NULL,NULL,False,"technical,gdpr"
1276,456,5857,"technical","high","waiting_on_customer","Mobile app crashes on Android","2025-02-13 19:23:53","2025-02-14 07:23:53",NULL,NULL,True,"api;bug;documentation;ux"
1277,400,5099,"integration","high","resolved","White label logo not displaying","2025-08-31 06:50:14","2025-08-31 13:50:14","2025-09-05 01:50:14",3,False,"performance , integration , bug"
1278,575,7427,"onboarding","medium","resolved","Billing discrepancy on latest invoice","2025-02-14 15:09:15","2025-02-15 03:09:15","2025-02-16 22:09:15",NULL,False,"billing"
1279,215,3112,"account","medium","closed","Audit log access denied","2024-12-23 14:17:58","2024-12-24 07:17:58","2024-12-30 10:17:58",NULL,False,"bug,mobile,enterprise,ux"
1280,200,2874,"security","medium","closed","Duplicate notifications being sent","2025-01-12 04:33:49","2025-01-12 11:33:49","2025-01-13 07:33:49",NULL,False,NULL
1281,857,NULL,"data_export","low","closed","Cannot downgrade plan","2025-04-10 09:57:29","2025-04-12 19:57:29","2025-04-16 19:57:29",5,False,"technical , mobile , gdpr"
1282,637,8187,"account","low","closed","Custom workflow automation broken","2025-04-17 02:23:39","2025-04-18 07:23:39","2025-04-22 05:23:39",NULL,False,"gdpr;performance;sso;bug"
1283,594,7670,"onboarding","low","resolved","Cannot login to dashboard","2025-06-08 07:22:19","2025-06-08 13:22:19","2025-06-11 01:22:19",4,False,"gdpr"
1284,1054,NULL,"feature_request","medium","waiting_on_customer","Cannot downgrade plan","2025-06-15 23:41:14","2025-06-16 15:41:14",NULL,NULL,False,NULL
1285,856,NULL,"integration","low","resolved","Custom workflow automation broken","2025-08-14 03:54:24","2025-08-15 01:54:24","2025-08-15 17:54:24",3,False,"migration, security, bug"
1286,398,5071,"feature_request","critical","waiting_on_customer","Integration with Slack not working","2024-07-30 22:20:22","2024-07-30 22:45:22",NULL,NULL,False,"billing;billing"
1287,727,NULL,"technical","critical","in_progress","Custom workflow automation broken","2025-01-29 22:11:38","2025-01-29 23:20:38",NULL,NULL,False,"performance,export,documentation,security"
1288,946,NULL,"data_export","medium","open","Duplicate notifications being sent","2025-10-24 00:23:21",NULL,NULL,NULL,False,"technical, api"
1289,1167,NULL,"api","medium","in_progress","API rate limiting issues","2025-07-11 01:45:13","2025-07-11 11:45:13",NULL,NULL,False,"security;integration;gdpr;security"
1290,807,NULL,"performance","medium","resolved","Need to add more team members","2025-01-11 18:20:59","2025-01-14 06:20:59","2025-01-20 14:20:59",4,False,"export , billing"
1291,1177,NULL,"technical","low","resolved","Audit log access denied","2025-01-24 06:27:12","2025-01-25 00:27:12","2025-02-01 00:27:12",NULL,False,"billing,gdpr"
1292,566,7223,"technical","medium","in_progress","Billing discrepancy on latest invoice","2023-09-22 16:06:36","2023-09-23 11:06:36",NULL,NULL,False,"migration,documentation,api,sso"
1293,456,5872,"onboarding","medium","in_progress","Need to add more team members","2025-05-18 16:23:12","2025-05-20 23:23:12",NULL,NULL,False,"mobile;bug;sso;technical"
1294,1053,NULL,"api","medium","waiting_on_customer","GDPR data export request","2024-12-18 05:22:21","2024-12-20 23:22:21",NULL,NULL,False,NULL
1295,816,NULL,"security","high","resolved","Report generation timeout","2024-12-30 20:59:27","2024-12-30 22:59:27","2025-01-05 19:59:27",NULL,True,"technical,security,billing"
1296,1082,NULL,"data_export","medium","closed","Cannot downgrade plan","2024-11-30 22:10:36","2024-12-01 17:10:36","2024-12-02 07:10:36",NULL,False,"mobile"
1297,1194,NULL,"security","medium","waiting_on_customer","White label logo not displaying","2025-09-14 14:07:12","2025-09-17 07:07:12",NULL,NULL,False,"documentation;documentation"
1298,974,NULL,"api","low","waiting_on_customer","Export failing for large datasets","2025-09-20 15:36:13","2025-09-21 05:36:13",NULL,NULL,False,NULL
1299,750,NULL,"feature_request","medium","waiting_on_customer","Custom workflow automation broken","2025-04-12 19:07:20","2025-04-13 11:07:20",NULL,NULL,False,"technical,bug,documentation,urgent,technical"
1300,1172,NULL,"billing","low","closed","Export failing for large datasets","2025-04-06 16:34:34","2025-04-07 11:34:34","2025-04-11 07:34:34",NULL,False,"gdpr,migration,sso,ux,gdpr"
1301,244,3439,"api","low","closed","Feature request: dark mode","2025-04-24 18:22:48","2025-04-27 01:22:48","2025-05-02 17:22:48",2,False,NULL
1302,439,5605,"performance","low","open","Audit log access denied","2025-09-06 13:58:20",NULL,NULL,NULL,False,"export;onboarding;urgent"
1303,636,8181,"billing","critical","resolved","Mobile app crashes on Android","2024-11-09 04:02:30","2024-11-09 05:38:30","2024-11-15 19:38:30",5,False,NULL
1304,211,3034,"api","high","resolved","Report generation timeout","2024-09-02 00:59:32","2024-09-02 12:59:32","2024-09-08 15:59:32",5,False,"technical;feature;export;documentation"
1305,96,1439,"performance","medium","open","Slow loading on project boards","2025-10-22 03:12:27",NULL,NULL,NULL,False,NULL
1306,133,1987,"integration","medium","closed","Webhook delivery failures","2024-12-25 14:50:12","2024-12-27 06:50:12","2024-12-30 16:50:12",NULL,False,"ux"
1307,963,NULL,"performance","medium","resolved","Export failing for large datasets","2025-09-11 01:45:18","2025-09-13 20:45:18","2025-09-17 18:45:18",NULL,False,"integration"
1308,447,5709,"security","low","resolved","Data import from CSV failing","2025-03-01 13:19:08","2025-03-02 06:19:08","2025-03-05 18:19:08",3,False,"integration"
1309,17,383,"technical","medium","closed","Need help with API authentication","2025-06-04 00:52:57","2025-06-06 09:52:57","2025-06-08 08:52:57",NULL,False,NULL
1310,807,NULL,"onboarding","low","closed","Report generation timeout","2024-07-11 22:10:40","2024-07-12 06:10:40","2024-07-15 01:10:40",4,False,NULL
1311,1128,NULL,"performance","high","in_progress","Export failing for large datasets","2023-12-23 04:27:59","2023-12-23 09:27:59",NULL,NULL,False,"training;integration;export"
1312,939,NULL,"technical","medium","waiting_on_customer","Mobile app crashes on Android","2025-06-14 21:07:03","2025-06-17 01:07:03",NULL,NULL,False,"integration , technical , sso , performance"
1313,1146,NULL,"billing","high","in_progress","Cannot downgrade plan","2025-10-18 19:49:43","2025-10-18 23:49:43",NULL,NULL,False,"training,gdpr"
1314,493,6241,"data_export","high","resolved","Duplicate notifications being sent","2025-06-05 03:35:59","2025-06-05 09:35:59","2025-06-11 12:35:59",NULL,False,"api , performance , integration , mobile"
1315,1194,NULL,"billing","medium","in_progress","Need help with API authentication","2025-10-25 02:15:43","2025-10-26 02:15:43",NULL,NULL,False,"integration,ux"
1316,40,707,"technical","critical","closed","Audit log access denied","2025-04-09 04:23:55","2025-04-09 06:05:55","2025-04-10 05:05:55",NULL,True,"ux;technical;mobile"
1317,69,1079,"feature_request","high","resolved","Slow loading on project boards","2024-10-22 02:30:43","2024-10-22 08:30:43","2024-10-27 04:30:43",5,False,NULL
1318,574,7403,"integration","high","closed","Webhook delivery failures","2025-10-11 10:42:09","2025-10-11 12:42:09","2025-10-16 22:42:09",4,True,"mobile"
1319,610,7809,"technical","high","in_progress","Feature request: dark mode","2025-01-16 09:13:22","2025-01-16 20:13:22",NULL,NULL,False,"urgent"
1320,1137,NULL,"api","medium","resolved","Need to add more team members","2025-02-07 05:49:14","2025-02-09 01:49:14","2025-02-11 05:49:14",NULL,False,"training;integration;enterprise"
1321,1001,NULL,"integration","high","open","Gantt chart not rendering correctly","2025-10-08 02:08:41",NULL,NULL,NULL,False,NULL
1322,56,925,"security","medium","resolved","Account merge request","2025-05-17 08:02:23","2025-05-18 18:02:23","2025-05-18 22:02:23",NULL,False,"urgent, performance, api"
1323,736,NULL,"billing","medium","closed","Webhook delivery failures","2024-06-03 23:43:43","2024-06-06 07:43:43","2024-06-08 01:43:43",4,False,"training;feature;training"
1324,596,7704,"security","high","closed","Webhook delivery failures","2025-02-09 10:45:01","2025-02-09 19:45:01","2025-02-15 22:45:01",5,True,"integration,enterprise,training"
1325,266,3704,"account","high","waiting_on_customer","Report generation timeout","2024-07-20 07:38:47","2024-07-20 08:38:47",NULL,NULL,False,"technical, export, ux, urgent"
1326,126,1840,"api","low","closed","Custom workflow automation broken","2025-03-31 08:39:39","2025-04-02 23:39:39","2025-04-05 08:39:39",NULL,False,"integration"
1327,1173,NULL,"billing","low","resolved","SSO configuration help needed","2025-09-19 22:30:05","2025-09-20 22:30:05","2025-09-21 09:30:05",NULL,False,NULL
1328,28,571,"performance","low","waiting_on_customer","Export failing for large datasets","2024-12-07 09:19:46","2024-12-08 02:19:46",NULL,NULL,False,"export, integration"
1329,91,1404,"security","critical","waiting_on_customer","Need to add more team members","2025-10-21 20:29:37","2025-10-21 21:56:37",NULL,NULL,False,"onboarding, enterprise, api, gdpr"
1330,399,5093,"technical","medium","in_progress","Integration with Slack not working","2025-09-04 03:28:35","2025-09-04 17:28:35",NULL,NULL,False,"api"
1331,819,NULL,"account","medium","open","Slow loading on project boards","2024-06-26 22:28:38",NULL,NULL,NULL,False,"enterprise, performance, gdpr"
1332,320,4171,"security","medium","closed","API rate limiting issues","2025-05-19 23:08:13","2025-05-21 11:08:13","2025-05-24 09:08:13",4,False,"enterprise, gdpr, export"
1333,400,5102,"account","medium","open","Need help with API authentication","2025-09-06 12:14:17",NULL,NULL,NULL,False,"billing, bug"
1334,1177,NULL,"onboarding","low","waiting_on_customer","Mobile app crashes on Android","2025-05-12 05:10:04","2025-05-12 12:10:04",NULL,NULL,False,"enterprise,bug,training,billing,enterprise"
1335,383,4862,"onboarding","high","in_progress","Audit log access denied","2023-06-28 09:05:24","2023-06-28 13:05:24",NULL,NULL,False,"urgent;billing;performance;security"
1336,519,6606,"data_export","low","closed","Need to add more team members","2024-05-28 12:37:29","2024-05-30 07:37:29","2024-05-31 07:37:29",3,False,"gdpr, gdpr"
1337,345,4378,"security","medium","open","Cannot login to dashboard","2025-01-19 06:40:31",NULL,NULL,NULL,False,NULL
1338,437,5590,"onboarding","medium","resolved","Feature request: dark mode","2024-05-03 11:12:06","2024-05-05 10:12:06","2024-05-06 01:12:06",3,False,"training"
1339,57,927,"feature_request","high","closed","Webhook delivery failures","2024-11-10 08:44:55","2024-11-10 17:44:55","2024-11-15 15:44:55",3,False,"documentation,integration,api"
1340,851,NULL,"security","low","resolved","Need to add more team members","2025-10-10 07:31:16","2025-10-10 18:31:16","2025-10-16 11:31:16",5,False,"ux"
1341,984,NULL,"performance","critical","closed","Mobile app crashes on Android","2025-03-28 16:26:08","2025-03-28 17:23:08","2025-03-30 23:23:08",NULL,False,"documentation;feature;urgent;migration;documentation"
1342,1105,NULL,"onboarding","medium","waiting_on_customer","Time tracking sync issues","2025-08-05 14:22:29","2025-08-08 01:22:29",NULL,NULL,False,NULL
1343,9,152,"api","medium","in_progress","Account merge request","2025-08-06 08:16:28","2025-08-07 07:16:28",NULL,NULL,False,"urgent, urgent"
1344,1165,NULL,"data_export","high","in_progress","Export failing for large datasets","2024-10-23 03:08:04","2024-10-23 06:08:04",NULL,NULL,True,NULL
1345,527,6703,"account","low","waiting_on_customer","Permission settings not saving","2025-08-29 23:44:41","2025-09-01 04:44:41",NULL,NULL,False,"mobile,enterprise,urgent"
1346,114,1616,"performance","low","closed","Slow loading on project boards","2025-07-02 14:05:52","2025-07-04 08:05:52","2025-07-09 17:05:52",5,False,"sso;migration;technical;feature"
1347,499,6295,"data_export","medium","in_progress","Integration with Slack not working","2025-02-02 06:08:14","2025-02-05 02:08:14",NULL,NULL,False,"feature"
1348,453,5824,"security","low","closed","Integration with Slack not working","2025-09-25 05:37:57","2025-09-25 09:37:57","2025-09-30 04:37:57",5,False,NULL
1349,786,NULL,"account","low","open","Need to add more team members","2025-07-31 00:00:24",NULL,NULL,NULL,False,"performance;urgent;api;integration"
1350,879,NULL,"api","critical","open","API rate limiting issues","2025-09-30 02:24:08",NULL,NULL,NULL,False,"onboarding,technical,billing"
1351,618,7855,"account","medium","in_progress","Duplicate notifications being sent","2025-06-08 18:28:42","2025-06-09 03:28:42",NULL,NULL,False,"gdpr, documentation"
1352,958,NULL,"account","critical","resolved","Export failing for large datasets","2025-02-26 17:58:32","2025-02-26 18:52:32","2025-02-28 05:52:32",5,False,NULL
1353,1100,NULL,"security","high","in_progress","Slow loading on project boards","2025-04-17 03:12:09","2025-04-17 13:12:09",NULL,NULL,True,"export,export"
1354,1085,NULL,"billing","critical","waiting_on_customer","GDPR data export request","2025-09-01 00:54:47","2025-09-01 02:32:47",NULL,NULL,True,NULL
1355,48,801,"technical","medium","closed","Export failing for large datasets","2025-09-20 20:39:38","2025-09-22 10:39:38","2025-09-23 20:39:38",4,False,"onboarding;integration;mobile;billing"
1356,1123,NULL,"account","low","in_progress","Account merge request","2025-10-12 13:56:42","2025-10-12 15:56:42",NULL,NULL,False,NULL
1357,968,NULL,"performance","high","resolved","Slow loading on project boards","2024-05-01 17:25:36","2024-05-02 02:25:36","2024-05-05 18:25:36",4,True,NULL
1358,528,6705,"security","medium","resolved","SSO configuration help needed","2024-11-24 15:01:43","2024-11-26 01:01:43","2024-12-01 09:01:43",NULL,False,"ux , documentation , bug , urgent"
1359,1145,NULL,"onboarding","medium","closed","Time tracking sync issues","2025-06-03 14:23:48","2025-06-03 16:23:48","2025-06-05 23:23:48",NULL,False,NULL
1360,726,NULL,"feature_request","high","in_progress","Slow loading on project boards","2025-01-19 15:58:59","2025-01-19 17:58:59",NULL,NULL,False,"security , urgent , billing"
1361,386,4894,"account","low","waiting_on_customer","Permission settings not saving","2024-04-20 23:59:08","2024-04-21 09:59:08",NULL,NULL,False,"documentation"
1362,852,NULL,"security","medium","closed","GDPR data export request","2025-09-04 08:19:27","2025-09-07 00:19:27","2025-09-11 02:19:27",5,False,"enterprise , onboarding , training"
1363,975,NULL,"onboarding","high","in_progress","Feature request: dark mode","2025-03-08 18:15:10","2025-03-08 22:15:10",NULL,NULL,False,"urgent,migration,integration"
1364,567,7239,"account","critical","resolved","White label logo not displaying","2025-04-28 16:43:17","2025-04-28 17:20:17","2025-05-03 20:20:17",3,True,NULL
1365,264,3686,"feature_request","medium","waiting_on_customer","Cannot login to dashboard","2025-09-25 03:58:36","2025-09-26 22:58:36",NULL,NULL,False,"migration, documentation, ux, gdpr"
1366,655,8434,"data_export","medium","resolved","Integration with Slack not working","2024-07-26 14:28:35","2024-07-28 04:28:35","2024-08-02 20:28:35",3,False,"gdpr,ux,performance,sso"
1367,543,6906,"performance","high","closed","Export failing for large datasets","2025-07-06 08:32:59","2025-07-06 15:32:59","2025-07-09 02:32:59",4,False,"feature , enterprise , feature"
1368,701,NULL,"technical","medium","resolved","Need to add more team members","2023-10-31 20:08:11","2023-11-01 05:08:11","2023-11-02 18:08:11",NULL,False,"technical"
1369,510,6469,"technical","low","in_progress","Custom workflow automation broken","2025-10-22 04:36:36","2025-10-23 21:36:36",NULL,NULL,False,"export"
1370,1169,NULL,"feature_request","critical","closed","SSO configuration help needed","2023-12-06 05:00:51","2023-12-06 05:28:51","2023-12-08 01:28:51",NULL,False,"bug , feature , sso , billing , bug"
1371,635,8146,"account","low","in_progress","Webhook delivery failures","2023-12-13 04:18:44","2023-12-15 02:18:44",NULL,NULL,False,"migration"
1372,922,NULL,"onboarding","low","closed","Audit log access denied","2025-08-06 16:27:46","2025-08-08 13:27:46","2025-08-14 13:27:46",NULL,False,"bug;api;integration;technical"
1373,1181,NULL,"api","medium","open","Mobile app crashes on Android","2024-12-26 17:08:49",NULL,NULL,NULL,False,"onboarding;ux;training"
1374,227,3203,"security","medium","in_progress","Feature request: dark mode","2025-07-28 11:51:14","2025-07-30 00:51:14",NULL,NULL,False,"performance"
1375,1030,NULL,"billing","high","closed","Account merge request","2025-10-29 14:14:27","2025-10-30 01:14:27","2025-10-30 10:14:27",NULL,True,NULL
1376,275,3799,"feature_request","critical","open","Permission settings not saving","2025-03-31 15:28:56",NULL,NULL,NULL,False,"technical, billing, enterprise"
1377,96,1440,"api","medium","waiting_on_customer","Cannot downgrade plan","2024-02-24 22:21:13","2024-02-26 12:21:13",NULL,NULL,False,"migration"
1378,458,5895,"integration","high","closed","Audit log access denied","2025-10-04 18:33:17","2025-10-04 22:33:17","2025-10-10 10:33:17",NULL,False,"integration, bug"
1379,943,NULL,"billing","critical","closed","Mobile app crashes on Android","2024-10-22 05:21:45","2024-10-22 07:08:45","2024-10-25 02:08:45",NULL,False,"performance, enterprise"
1380,1015,NULL,"security","low","open","Export failing for large datasets","2025-08-22 15:46:35",NULL,NULL,NULL,False,"mobile,api,gdpr"
1381,261,3637,"feature_request","medium","waiting_on_customer","API rate limiting issues","2025-01-31 10:52:25","2025-02-01 03:52:25",NULL,NULL,False,"onboarding , enterprise , api , documentation"
1382,1166,NULL,"performance","low","open","Integration with Slack not working","2025-05-11 17:02:33",NULL,NULL,NULL,False,"feature,gdpr"
1383,677,NULL,"integration","medium","open","Permission settings not saving","2024-06-19 17:41:17",NULL,NULL,NULL,False,"training"
1384,114,1626,"billing","low","open","Data import from CSV failing","2025-07-18 10:06:29",NULL,NULL,NULL,False,NULL
1385,739,NULL,"security","medium","in_progress","Audit log access denied","2023-05-12 21:34:20","2023-05-13 18:34:20",NULL,NULL,False,"mobile, gdpr, sso"
1386,554,7080,"onboarding","low","waiting_on_customer","GDPR data export request","2024-08-17 12:28:12","2024-08-19 09:28:12",NULL,NULL,False,NULL
1387,284,3843,"integration","high","in_progress","Data import from CSV failing","2023-09-01 00:47:56","2023-09-01 01:47:56",NULL,NULL,False,"training;technical;migration"
1388,1039,NULL,"integration","low","open","Need to add more team members","2025-09-02 11:00:57",NULL,NULL,NULL,False,"onboarding, performance, integration, training"
1444,1101,NULL,"account","medium","waiting_on_customer","API rate limiting issues","2025-07-11 12:58:36","2025-07-11 16:58:36",NULL,NULL,False,NULL
1389,558,7159,"api","medium","resolved","Integration with Slack not working","2023-11-19 18:13:14","2023-11-22 11:13:14","2023-11-23 11:13:14",5,False,"performance , migration , documentation"
1390,1000,NULL,"billing","critical","in_progress","API rate limiting issues","2025-07-17 08:16:24","2025-07-17 09:25:24",NULL,NULL,False,"bug, technical"
1391,747,NULL,"data_export","medium","resolved","Webhook delivery failures","2025-02-14 16:48:20","2025-02-17 03:48:20","2025-02-19 00:48:20",2,False,"gdpr"
1392,1181,NULL,"api","low","open","Permission settings not saving","2024-06-20 08:44:04",NULL,NULL,NULL,False,"feature,mobile,documentation"
1393,5,74,"billing","medium","closed","Gantt chart not rendering correctly","2024-01-30 11:55:31","2024-01-31 01:55:31","2024-02-04 16:55:31",NULL,False,"urgent, enterprise, feature, urgent"
1394,885,NULL,"technical","medium","closed","Report generation timeout","2024-04-25 11:43:49","2024-04-26 19:43:49","2024-04-30 14:43:49",NULL,False,"urgent,ux,security,sso"
1395,582,7532,"performance","low","waiting_on_customer","Audit log access denied","2025-01-14 23:43:26","2025-01-16 19:43:26",NULL,NULL,False,"onboarding , feature"
1396,1113,NULL,"technical","medium","waiting_on_customer","Need help with API authentication","2025-10-14 20:18:17","2025-10-15 04:18:17",NULL,NULL,False,"technical,technical"
1397,687,NULL,"technical","low","resolved","Feature request: dark mode","2025-09-17 18:22:19","2025-09-20 00:22:19","2025-09-26 13:22:19",3,False,"export , security , urgent"
1398,303,4026,"security","high","closed","Billing discrepancy on latest invoice","2025-08-22 09:16:16","2025-08-22 11:16:16","2025-08-24 09:16:16",3,True,"performance;security;training"
1399,1079,NULL,"onboarding","medium","closed","Data import from CSV failing","2025-04-17 01:31:57","2025-04-19 02:31:57","2025-04-26 02:31:57",NULL,False,NULL
1400,778,NULL,"billing","medium","closed","Gantt chart not rendering correctly","2025-08-23 10:07:23","2025-08-24 15:07:23","2025-08-25 19:07:23",4,False,"technical,gdpr,feature,enterprise"
1401,959,NULL,"api","low","waiting_on_customer","Gantt chart not rendering correctly","2025-09-16 20:49:23","2025-09-19 12:49:23",NULL,NULL,False,"sso"
1402,415,5245,"feature_request","critical","waiting_on_customer","API rate limiting issues","2025-10-03 08:56:47","2025-10-03 10:36:47",NULL,NULL,False,"mobile"
1403,22,460,"account","low","in_progress","Mobile app crashes on Android","2025-02-12 20:42:45","2025-02-13 15:42:45",NULL,NULL,False,"integration,mobile,technical,enterprise"
1404,1075,NULL,"feature_request","low","resolved","Data import from CSV failing","2025-06-19 07:10:35","2025-06-20 18:10:35","2025-06-23 14:10:35",5,False,"integration, documentation, gdpr, performance"
1405,237,3335,"data_export","low","open","Feature request: dark mode","2025-10-03 09:49:32",NULL,NULL,NULL,False,"enterprise, billing"
1406,338,4315,"performance","medium","in_progress","Mobile app crashes on Android","2024-06-26 20:00:01","2024-06-28 02:00:01",NULL,NULL,False,"gdpr"
1407,277,3813,"billing","high","open","White label logo not displaying","2025-08-08 20:52:24",NULL,NULL,NULL,False,"ux"
1408,446,5685,"data_export","low","in_progress","Need to add more team members","2025-06-19 16:18:53","2025-06-21 20:18:53",NULL,NULL,False,"export;migration;performance;training"
1409,1008,NULL,"performance","critical","open","SSO configuration help needed","2023-08-24 17:01:28",NULL,NULL,NULL,True,"security , billing , export , technical"
1410,1052,NULL,"account","low","in_progress","SSO configuration help needed","2025-10-22 01:07:25","2025-10-22 09:07:25",NULL,NULL,False,"integration, bug"
1411,626,8037,"integration","high","open","Custom workflow automation broken","2025-09-05 06:44:03",NULL,NULL,NULL,False,NULL
1412,114,1611,"feature_request","high","waiting_on_customer","Integration with Slack not working","2025-09-01 10:47:52","2025-09-01 12:47:52",NULL,NULL,False,"training , bug"
1413,962,NULL,"account","medium","waiting_on_customer","Account merge request","2024-10-07 18:40:17","2024-10-08 19:40:17",NULL,NULL,False,"api"
1414,700,NULL,"integration","low","closed","Export failing for large datasets","2024-08-24 11:15:34","2024-08-26 21:15:34","2024-08-28 08:15:34",5,False,NULL
1415,131,1968,"billing","high","open","Cannot login to dashboard","2025-05-30 16:34:59",NULL,NULL,NULL,True,"billing"
1416,975,NULL,"feature_request","low","waiting_on_customer","Feature request: dark mode","2025-03-06 23:05:15","2025-03-07 20:05:15",NULL,NULL,False,NULL
1417,692,NULL,"billing","medium","open","Export failing for large datasets","2024-10-15 19:19:51",NULL,NULL,NULL,False,"integration"
1418,771,NULL,"account","medium","closed","Mobile app crashes on Android","2024-01-11 09:43:53","2024-01-14 05:43:53","2024-01-20 23:43:53",NULL,False,"technical"
1419,976,NULL,"billing","high","resolved","Cannot downgrade plan","2025-03-10 17:45:14","2025-03-11 02:45:14","2025-03-13 13:45:14",NULL,False,"bug , performance , billing , technical"
1420,269,3742,"feature_request","high","in_progress","Audit log access denied","2025-05-12 07:59:17","2025-05-12 08:59:17",NULL,NULL,True,"mobile,security"
1421,126,1842,"billing","medium","resolved","Need help with API authentication","2025-03-22 16:49:45","2025-03-23 09:49:45","2025-03-30 04:49:45",4,False,"feature , ux , documentation"
1422,143,2122,"account","low","open","Custom workflow automation broken","2025-02-22 02:22:14",NULL,NULL,NULL,False,"technical, performance"
1423,240,3409,"onboarding","critical","in_progress","API rate limiting issues","2025-07-20 23:27:25","2025-07-20 23:37:25",NULL,NULL,True,"ux;onboarding"
1424,294,3953,"account","medium","open","Slow loading on project boards","2025-07-17 08:32:55",NULL,NULL,NULL,False,"bug,security"
1425,207,2929,"technical","medium","open","Cannot login to dashboard","2025-05-22 04:13:41",NULL,NULL,NULL,False,NULL
1426,807,NULL,"integration","medium","resolved","Data import from CSV failing","2024-01-11 07:50:50","2024-01-11 13:50:50","2024-01-14 02:50:50",NULL,False,NULL
1427,135,1995,"feature_request","low","closed","White label logo not displaying","2025-06-08 06:06:07","2025-06-09 05:06:07","2025-06-09 13:06:07",NULL,False,NULL
1428,789,NULL,"data_export","critical","resolved","Need help with API authentication","2024-11-28 21:58:44","2024-11-28 22:27:44","2024-12-03 01:27:44",NULL,False,"onboarding"
1429,1043,NULL,"billing","high","open","Time tracking sync issues","2025-08-06 09:18:58",NULL,NULL,NULL,False,"documentation , api , technical , gdpr"
1430,995,NULL,"account","low","in_progress","Data import from CSV failing","2025-08-17 03:41:58","2025-08-17 14:41:58",NULL,NULL,False,"sso, bug, onboarding, api"
1431,1108,NULL,"account","medium","open","Mobile app crashes on Android","2024-01-13 05:44:57",NULL,NULL,NULL,False,"billing;feature;urgent"
1432,762,NULL,"integration","high","resolved","Need to add more team members","2025-03-20 10:28:20","2025-03-20 14:28:20","2025-03-21 14:28:20",3,False,"documentation, performance, ux, gdpr"
1433,1170,NULL,"integration","medium","resolved","Audit log access denied","2024-10-06 12:36:48","2024-10-06 19:36:48","2024-10-11 14:36:48",5,False,"sso;ux;sso"
1434,318,4148,"account","medium","open","Webhook delivery failures","2024-07-07 15:20:16",NULL,NULL,NULL,False,"sso;documentation"
1435,740,NULL,"security","low","closed","Audit log access denied","2025-04-26 12:45:46","2025-04-28 08:45:46","2025-05-02 09:45:46",3,False,"enterprise, ux, mobile"
1436,766,NULL,"performance","medium","closed","Cannot login to dashboard","2025-10-21 02:54:03","2025-10-22 08:54:03","2025-10-25 16:54:03",NULL,False,"enterprise, training"
1437,1059,NULL,"feature_request","critical","closed","Account merge request","2025-09-24 23:47:21","2025-09-25 00:59:21","2025-09-28 19:59:21",2,False,"documentation,integration,export,mobile"
1438,1183,NULL,"data_export","medium","closed","Gantt chart not rendering correctly","2023-12-29 19:06:00","2023-12-31 08:06:00","2024-01-05 16:06:00",5,False,"onboarding, api, gdpr"
1439,241,3414,"security","medium","in_progress","Slow loading on project boards","2024-07-04 04:13:42","2024-07-05 19:13:42",NULL,NULL,False,"ux,integration,documentation,technical"
1440,326,4192,"data_export","high","resolved","Need to add more team members","2025-04-20 03:10:39","2025-04-20 05:10:39","2025-04-23 09:10:39",5,False,"bug , migration , feature , integration"
1441,496,6268,"technical","medium","resolved","API rate limiting issues","2025-03-13 20:07:17","2025-03-15 13:07:17","2025-03-18 09:07:17",3,False,"migration,export,feature,gdpr"
1442,986,NULL,"api","medium","in_progress","Custom workflow automation broken","2025-09-21 05:51:55","2025-09-21 23:51:55",NULL,NULL,False,"documentation,onboarding,integration"
1443,196,2763,"performance","low","closed","Mobile app crashes on Android","2025-09-21 07:20:30","2025-09-22 12:20:30","2025-09-28 03:20:30",3,False,"api , feature , bug , documentation"
1445,456,5857,"security","medium","waiting_on_customer","Need to add more team members","2025-02-22 10:25:34","2025-02-25 03:25:34",NULL,NULL,False,"documentation"
1446,1136,NULL,"account","low","resolved","Cannot login to dashboard","2024-02-24 17:14:09","2024-02-24 19:14:09","2024-02-29 05:14:09",5,False,"performance , integration"
1447,264,3686,"account","medium","in_progress","Need help with API authentication","2025-10-13 12:15:56","2025-10-13 17:15:56",NULL,NULL,False,"documentation , feature"
1448,898,NULL,"api","low","resolved","Need to add more team members","2023-08-17 02:47:12","2023-08-17 14:47:12","2023-08-23 06:47:12",NULL,False,"export, api, bug, export"
1449,637,8186,"integration","low","closed","API rate limiting issues","2025-01-07 03:52:09","2025-01-08 09:52:09","2025-01-15 00:52:09",3,False,NULL
1450,1027,NULL,"data_export","medium","resolved","Integration with Slack not working","2024-07-25 08:55:28","2024-07-26 20:55:28","2024-07-30 09:55:28",NULL,False,"export"
1451,633,8127,"security","medium","waiting_on_customer","Permission settings not saving","2023-07-25 05:58:32","2023-07-25 17:58:32",NULL,NULL,False,"ux , documentation"
1452,520,6611,"feature_request","low","closed","Custom workflow automation broken","2024-12-02 17:10:25","2024-12-02 21:10:25","2024-12-04 14:10:25",3,False,"enterprise,technical,documentation"
1453,76,1153,"security","low","open","Account merge request","2025-07-09 07:40:21",NULL,NULL,NULL,False,"security"
1454,258,3574,"performance","high","in_progress","Mobile app crashes on Android","2025-02-25 09:06:52","2025-02-25 12:06:52",NULL,NULL,False,NULL
1455,1099,NULL,"integration","medium","resolved","Integration with Slack not working","2024-05-01 14:35:13","2024-05-02 19:35:13","2024-05-04 13:35:13",4,False,"gdpr;integration;gdpr"
1456,413,5208,"integration","medium","resolved","Time tracking sync issues","2024-11-20 09:43:23","2024-11-20 23:43:23","2024-11-22 20:43:23",3,False,"documentation, urgent"
1457,873,NULL,"security","medium","waiting_on_customer","Audit log access denied","2025-06-27 19:10:59","2025-06-29 02:10:59",NULL,NULL,False,"api, gdpr, export"
1458,757,NULL,"data_export","low","closed","Need to add more team members","2025-10-04 08:42:10","2025-10-06 19:42:10","2025-10-08 01:42:10",NULL,False,"security, api, onboarding"
1459,118,1694,"data_export","low","resolved","Integration with Slack not working","2025-10-10 19:51:39","2025-10-11 00:51:39","2025-10-15 16:51:39",NULL,False,NULL
1460,840,NULL,"account","high","in_progress","Mobile app crashes on Android","2024-12-25 15:39:45","2024-12-25 22:39:45",NULL,NULL,False,NULL
1461,529,6711,"performance","low","closed","Account merge request","2024-07-14 21:30:52","2024-07-17 07:30:52","2024-07-22 20:30:52",NULL,False,"performance"
1462,566,7219,"technical","high","open","Account merge request","2024-07-13 02:43:56",NULL,NULL,NULL,True,"gdpr;export;urgent;performance"
1463,471,6055,"security","low","waiting_on_customer","Billing discrepancy on latest invoice","2025-01-12 22:48:25","2025-01-15 13:48:25",NULL,NULL,False,"technical, performance"
1464,350,4488,"onboarding","critical","waiting_on_customer","Gantt chart not rendering correctly","2024-12-12 09:29:36","2024-12-12 09:44:36",NULL,NULL,False,"gdpr"
1465,959,NULL,"account","medium","closed","API rate limiting issues","2025-04-25 06:19:46","2025-04-26 02:19:46","2025-04-29 13:19:46",1,False,"technical,technical"
1466,564,7217,"billing","high","closed","Audit log access denied","2023-12-30 02:51:10","2023-12-30 14:51:10","2024-01-02 00:51:10",3,True,"gdpr"
1467,814,NULL,"technical","high","closed","Custom workflow automation broken","2025-10-25 02:53:11","2025-10-25 09:53:11","2025-11-01 05:53:11",NULL,False,"integration, technical"
1468,605,7756,"technical","high","resolved","Time tracking sync issues","2025-05-12 23:00:56","2025-05-13 06:00:56","2025-05-15 22:00:56",3,False,"technical;sso"
1469,26,528,"api","medium","closed","Gantt chart not rendering correctly","2023-10-18 02:51:42","2023-10-19 09:51:42","2023-10-20 17:51:42",NULL,False,"security,integration,ux"
1470,905,NULL,"feature_request","high","waiting_on_customer","Integration with Slack not working","2025-09-04 15:37:30","2025-09-04 22:37:30",NULL,NULL,False,"api;gdpr;documentation"
1471,376,4791,"security","medium","waiting_on_customer","SSO configuration help needed","2025-02-11 11:09:49","2025-02-12 17:09:49",NULL,NULL,False,"training,sso,onboarding,integration"
1472,80,1231,"billing","medium","waiting_on_customer","Need to add more team members","2024-12-20 07:33:42","2024-12-22 21:33:42",NULL,NULL,False,NULL
1473,319,4153,"data_export","low","closed","Gantt chart not rendering correctly","2025-07-16 07:50:49","2025-07-18 06:50:49","2025-07-20 14:50:49",4,False,"technical;gdpr;enterprise;documentation"
1474,609,7800,"integration","medium","open","Gantt chart not rendering correctly","2025-08-24 19:10:43",NULL,NULL,NULL,False,NULL
1475,250,3499,"billing","medium","in_progress","Duplicate notifications being sent","2025-09-26 11:51:26","2025-09-28 18:51:26",NULL,NULL,False,"integration;gdpr"
1476,827,NULL,"integration","high","closed","Gantt chart not rendering correctly","2024-06-01 12:17:40","2024-06-01 20:17:40","2024-06-02 22:17:40",4,False,"billing"
1477,247,3457,"api","high","waiting_on_customer","White label logo not displaying","2025-04-19 14:53:10","2025-04-19 21:53:10",NULL,NULL,False,"enterprise,security,migration"
1478,943,NULL,"security","low","open","Export failing for large datasets","2024-05-12 07:18:56",NULL,NULL,NULL,False,"technical, billing"
1479,717,NULL,"data_export","high","open","Gantt chart not rendering correctly","2024-11-12 12:34:59",NULL,NULL,NULL,False,"urgent , sso , export , migration"
1480,532,6760,"technical","low","in_progress","Mobile app crashes on Android","2024-05-26 08:29:54","2024-05-27 19:29:54",NULL,NULL,False,"feature"
1481,1199,NULL,"security","medium","resolved","Audit log access denied","2025-04-06 03:55:43","2025-04-07 03:55:43","2025-04-08 11:55:43",4,False,"security , onboarding , mobile , export , security"
1482,614,7832,"feature_request","medium","open","Audit log access denied","2025-07-29 10:37:54",NULL,NULL,NULL,False,"api"
1483,86,1308,"account","low","in_progress","Custom workflow automation broken","2025-10-14 19:27:55","2025-10-15 00:27:55",NULL,NULL,False,NULL
1484,757,NULL,"technical","critical","waiting_on_customer","Permission settings not saving","2025-10-30 09:03:52","2025-10-30 09:56:52",NULL,NULL,True,"export"
1485,311,4108,"performance","medium","open","Feature request: dark mode","2025-04-21 09:34:18",NULL,NULL,NULL,False,"urgent;billing;security;onboarding"
1486,576,7458,"technical","high","open","API rate limiting issues","2025-09-20 06:47:30",NULL,NULL,NULL,False,"onboarding;gdpr;technical"
1487,1008,NULL,"performance","low","waiting_on_customer","Export failing for large datasets","2025-02-06 02:28:16","2025-02-07 10:28:16",NULL,NULL,False,"training"
1488,962,NULL,"billing","medium","in_progress","Time tracking sync issues","2023-10-12 20:49:06","2023-10-15 10:49:06",NULL,NULL,False,"gdpr"
1489,211,3036,"feature_request","low","waiting_on_customer","Webhook delivery failures","2024-09-11 20:43:53","2024-09-13 18:43:53",NULL,NULL,False,"onboarding,documentation,migration"
1490,150,2157,"account","medium","closed","Gantt chart not rendering correctly","2024-01-20 05:58:09","2024-01-21 16:58:09","2024-01-22 16:58:09",NULL,False,NULL
1491,1104,NULL,"technical","low","closed","Need help with API authentication","2024-04-09 06:34:31","2024-04-09 18:34:31","2024-04-14 03:34:31",NULL,False,NULL
1492,329,4208,"account","low","waiting_on_customer","Time tracking sync issues","2025-04-20 19:19:52","2025-04-21 00:19:52",NULL,NULL,False,"sso"
1493,190,2720,"api","low","closed","Custom workflow automation broken","2025-10-25 00:22:35","2025-10-25 07:22:35","2025-10-25 10:22:35",5,False,"mobile, billing, mobile"
1494,429,5432,"integration","high","resolved","Data import from CSV failing","2025-08-09 09:10:17","2025-08-09 19:10:17","2025-08-13 02:10:17",5,False,"training,onboarding"
1495,881,NULL,"performance","medium","open","Data import from CSV failing","2023-04-06 20:21:52",NULL,NULL,NULL,False,"bug"
1496,807,NULL,"onboarding","high","open","GDPR data export request","2025-04-08 17:48:13",NULL,NULL,NULL,False,"performance, export, enterprise"
1497,302,4017,"data_export","low","open","Cannot login to dashboard","2025-08-31 14:04:26",NULL,NULL,NULL,False,"api,technical,ux,security"
1498,1193,NULL,"security","medium","closed","API rate limiting issues","2025-06-30 17:57:42","2025-07-03 17:57:42","2025-07-09 22:57:42",4,False,NULL
1499,492,6240,"performance","low","in_progress","Report generation timeout","2025-07-18 20:10:31","2025-07-20 03:10:31",NULL,NULL,False,"documentation;urgent"
1500,918,NULL,"security","critical","in_progress","Integration with Slack not working","2025-03-13 12:22:09","2025-03-13 12:56:09",NULL,NULL,False,"documentation"
1501,1013,NULL,"api","medium","resolved","White label logo not displaying","2024-05-22 14:57:58","2024-05-23 00:57:58","2024-05-28 19:57:58",NULL,False,"bug , mobile , technical"
1502,806,NULL,"feature_request","low","closed","Slow loading on project boards","2024-08-05 04:40:59","2024-08-06 21:40:59","2024-08-08 22:40:59",4,False,"performance"
1503,39,684,"account","low","waiting_on_customer","Time tracking sync issues","2025-09-06 03:53:15","2025-09-08 18:53:15",NULL,NULL,False,"performance"
1504,815,NULL,"security","medium","waiting_on_customer","Account merge request","2023-11-26 19:09:44","2023-11-29 13:09:44",NULL,NULL,False,"onboarding , billing , enterprise , bug"
1505,153,2235,"account","critical","open","Report generation timeout","2025-07-14 01:08:14",NULL,NULL,NULL,False,"technical, sso"
1506,345,4378,"performance","critical","resolved","Duplicate notifications being sent","2025-10-26 02:40:36","2025-10-26 03:55:36","2025-10-27 10:55:36",5,False,"export"
1507,523,6678,"integration","medium","in_progress","SSO configuration help needed","2024-12-02 13:45:55","2024-12-03 12:45:55",NULL,NULL,False,"export, training, security"
1508,598,7718,"api","low","closed","Billing discrepancy on latest invoice","2025-09-12 11:29:17","2025-09-13 09:29:17","2025-09-15 12:29:17",NULL,False,"gdpr"
1509,407,5162,"security","medium","resolved","Audit log access denied","2023-12-25 11:00:31","2023-12-26 04:00:31","2023-12-31 16:00:31",4,False,NULL
1510,573,7381,"integration","critical","waiting_on_customer","Audit log access denied","2025-08-05 20:12:10","2025-08-05 21:02:10",NULL,NULL,False,"security"
1511,240,3401,"billing","critical","in_progress","Data import from CSV failing","2025-08-05 05:17:35","2025-08-05 05:32:35",NULL,NULL,False,"integration, bug, training"
1512,545,6924,"billing","medium","waiting_on_customer","Need help with API authentication","2024-12-15 19:46:26","2024-12-18 12:46:26",NULL,NULL,False,NULL
1513,409,5184,"integration","low","resolved","Duplicate notifications being sent","2025-03-07 08:01:56","2025-03-08 14:01:56","2025-03-12 14:01:56",3,False,"technical,enterprise,migration"
1514,2,8,"integration","high","in_progress","Report generation timeout","2024-03-02 18:40:54","2024-03-03 01:40:54",NULL,NULL,True,"integration, documentation, gdpr, mobile"
1515,228,3204,"api","medium","waiting_on_customer","Account merge request","2025-02-12 18:54:33","2025-02-15 18:54:33",NULL,NULL,False,"export,feature,bug,urgent"
1516,329,4206,"performance","low","closed","Gantt chart not rendering correctly","2025-07-03 21:54:48","2025-07-05 06:54:48","2025-07-08 12:54:48",4,False,"api, urgent, bug, ux"
1517,646,8367,"integration","low","resolved","Need help with API authentication","2025-09-20 07:34:56","2025-09-20 11:34:56","2025-09-25 06:34:56",3,False,"feature, migration, documentation, export"
1518,580,7509,"onboarding","medium","resolved","GDPR data export request","2023-06-07 15:20:06","2023-06-08 16:20:06","2023-06-09 00:20:06",NULL,False,"gdpr;ux"
1519,364,4684,"data_export","critical","waiting_on_customer","Custom workflow automation broken","2025-03-28 12:29:03","2025-03-28 13:56:03",NULL,NULL,False,NULL
1520,839,NULL,"performance","medium","in_progress","Slow loading on project boards","2025-05-13 14:48:10","2025-05-15 14:48:10",NULL,NULL,False,"onboarding;mobile;billing;api"
1521,775,NULL,"technical","high","in_progress","Feature request: dark mode","2024-11-28 15:24:53","2024-11-28 21:24:53",NULL,NULL,False,"onboarding , training , onboarding"
1522,237,3359,"api","low","resolved","API rate limiting issues","2025-07-17 03:16:39","2025-07-19 19:16:39","2025-07-26 14:16:39",NULL,False,"technical;security"
1523,974,NULL,"performance","medium","waiting_on_customer","Permission settings not saving","2024-03-30 09:58:32","2024-03-31 03:58:32",NULL,NULL,False,"technical , billing"
1524,549,6980,"technical","medium","resolved","Report generation timeout","2025-10-29 20:05:49","2025-10-31 12:05:49","2025-11-04 21:05:49",3,False,"gdpr;sso"
1525,484,6151,"security","high","waiting_on_customer","Gantt chart not rendering correctly","2024-02-21 04:12:52","2024-02-21 13:12:52",NULL,NULL,True,NULL
1526,593,7627,"technical","medium","resolved","Cannot login to dashboard","2025-08-12 13:18:41","2025-08-13 03:18:41","2025-08-19 18:18:41",NULL,False,"migration"
1527,513,6545,"account","medium","in_progress","Permission settings not saving","2025-04-18 01:48:01","2025-04-19 11:48:01",NULL,NULL,False,"technical , mobile"
1528,156,2268,"data_export","medium","in_progress","Mobile app crashes on Android","2024-12-10 20:57:20","2024-12-12 04:57:20",NULL,NULL,False,"export , billing , feature , gdpr"
1529,1077,NULL,"onboarding","critical","closed","White label logo not displaying","2025-06-14 12:37:33","2025-06-14 13:03:33","2025-06-14 23:03:33",4,True,"training , migration"
1530,202,2883,"integration","medium","waiting_on_customer","Data import from CSV failing","2025-08-19 21:51:07","2025-08-21 17:51:07",NULL,NULL,False,"api , export , gdpr"
1531,816,NULL,"performance","low","closed","Report generation timeout","2024-12-08 02:53:45","2024-12-09 18:53:45","2024-12-09 21:53:45",5,False,"performance , feature"
1532,518,6599,"technical","critical","resolved","Cannot downgrade plan","2025-06-29 12:31:39","2025-06-29 13:49:39","2025-06-30 06:49:39",5,True,"bug , feature"
1533,425,5395,"integration","low","closed","Report generation timeout","2025-06-15 00:27:56","2025-06-17 13:27:56","2025-06-18 00:27:56",2,False,"mobile,gdpr,security,feature"
1534,160,2336,"data_export","low","waiting_on_customer","Account merge request","2024-02-24 08:26:19","2024-02-25 19:26:19",NULL,NULL,False,"migration"
1535,634,8131,"integration","medium","in_progress","GDPR data export request","2025-09-12 05:48:16","2025-09-12 11:48:16",NULL,NULL,False,"bug, mobile, enterprise, migration"
1536,428,5426,"performance","low","closed","Mobile app crashes on Android","2025-02-22 17:27:54","2025-02-24 08:27:54","2025-02-28 21:27:54",NULL,False,"security,ux"
1537,66,1060,"integration","critical","resolved","Need to add more team members","2025-09-19 19:25:48","2025-09-19 20:13:48","2025-09-24 06:13:48",NULL,True,"urgent"
1538,831,NULL,"data_export","low","in_progress","Duplicate notifications being sent","2025-10-04 11:34:23","2025-10-05 10:34:23",NULL,NULL,False,"onboarding;urgent;onboarding"
1539,379,4817,"feature_request","low","resolved","Gantt chart not rendering correctly","2024-11-09 07:06:07","2024-11-11 11:06:07","2024-11-17 03:06:07",5,False,"training , integration , export , mobile , training"
1540,367,4700,"feature_request","high","open","Time tracking sync issues","2025-02-04 15:08:48",NULL,NULL,NULL,False,NULL
1541,425,5391,"security","medium","closed","Audit log access denied","2025-09-29 10:35:21","2025-10-02 06:35:21","2025-10-03 00:35:21",4,False,"integration , mobile"
1542,993,NULL,"security","critical","waiting_on_customer","API rate limiting issues","2025-05-18 16:37:42","2025-05-18 17:32:42",NULL,NULL,True,NULL
1543,800,NULL,"api","high","open","Report generation timeout","2025-03-27 11:38:43",NULL,NULL,NULL,True,"migration, gdpr, migration"
1544,624,7944,"onboarding","medium","in_progress","Audit log access denied","2024-11-15 13:22:18","2024-11-17 20:22:18",NULL,NULL,False,"billing , gdpr"
1545,451,5817,"integration","medium","waiting_on_customer","Need help with API authentication","2025-07-29 15:33:39","2025-07-31 23:33:39",NULL,NULL,False,"sso"
1546,263,3684,"performance","critical","in_progress","White label logo not displaying","2024-07-10 21:01:52","2024-07-10 23:00:52",NULL,NULL,False,"performance"
1547,326,4191,"integration","high","waiting_on_customer","Gantt chart not rendering correctly","2024-11-16 14:12:16","2024-11-16 17:12:16",NULL,NULL,True,NULL
1548,392,4959,"feature_request","medium","closed","Integration with Slack not working","2024-01-04 20:22:34","2024-01-07 06:22:34","2024-01-12 21:22:34",NULL,False,"export"
1549,1057,NULL,"feature_request","medium","resolved","Gantt chart not rendering correctly","2025-08-31 17:28:42","2025-09-01 08:28:42","2025-09-07 17:28:42",2,False,"sso,technical,documentation,ux"
1550,1061,NULL,"performance","critical","open","Gantt chart not rendering correctly","2025-10-23 14:29:45",NULL,NULL,NULL,False,"bug, training, export"
1551,84,1294,"billing","high","in_progress","Audit log access denied","2025-10-13 03:50:59","2025-10-13 14:50:59",NULL,NULL,False,"security;bug;technical"
1552,803,NULL,"technical","medium","resolved","GDPR data export request","2024-08-10 01:51:14","2024-08-12 07:51:14","2024-08-18 08:51:14",4,False,"feature"
1553,882,NULL,"security","high","resolved","Cannot downgrade plan","2025-09-23 10:56:17","2025-09-23 17:56:17","2025-09-29 00:56:17",NULL,False,NULL
1554,99,1459,"performance","critical","waiting_on_customer","Mobile app crashes on Android","2025-08-05 20:12:21","2025-08-05 21:38:21",NULL,NULL,False,NULL
1555,173,2530,"billing","low","waiting_on_customer","GDPR data export request","2025-03-13 15:47:38","2025-03-14 22:47:38",NULL,NULL,False,"integration, gdpr, performance, billing"
1556,1147,NULL,"api","high","open","Cannot downgrade plan","2025-02-14 03:40:45",NULL,NULL,NULL,False,"technical , security , feature"
1557,923,NULL,"api","critical","in_progress","Need to add more team members","2025-09-30 22:20:04","2025-09-30 22:34:04",NULL,NULL,False,"mobile;feature;gdpr"
1558,499,6313,"performance","high","in_progress","Integration with Slack not working","2025-08-09 15:37:20","2025-08-10 00:37:20",NULL,NULL,False,"technical , training"
1559,948,NULL,"technical","low","in_progress","API rate limiting issues","2025-03-31 13:39:45","2025-04-02 22:39:45",NULL,NULL,False,NULL
1560,295,3959,"onboarding","medium","closed","Custom workflow automation broken","2024-07-11 05:10:33","2024-07-12 15:10:33","2024-07-14 00:10:33",2,False,"security,documentation,feature"
1561,1091,NULL,"security","medium","in_progress","Need help with API authentication","2024-04-22 03:11:06","2024-04-22 19:11:06",NULL,NULL,False,"training , documentation , export , training"
1562,870,NULL,"security","medium","waiting_on_customer","Gantt chart not rendering correctly","2024-04-01 01:46:56","2024-04-02 04:46:56",NULL,NULL,False,"export , documentation"
1563,552,7046,"data_export","high","open","SSO configuration help needed","2025-02-02 18:22:58",NULL,NULL,NULL,False,"feature"
1564,211,3037,"data_export","low","in_progress","White label logo not displaying","2025-01-15 17:23:20","2025-01-18 16:23:20",NULL,NULL,False,"sso, export, enterprise"
1565,796,NULL,"billing","low","closed","Gantt chart not rendering correctly","2025-10-23 18:24:39","2025-10-24 23:24:39","2025-10-29 17:24:39",NULL,False,"enterprise , enterprise"
1566,1076,NULL,"billing","medium","closed","Duplicate notifications being sent","2025-07-29 14:53:58","2025-07-31 11:53:58","2025-08-01 16:53:58",4,False,"technical, feature"
1567,397,5063,"integration","low","closed","Need help with API authentication","2025-04-27 02:41:39","2025-04-27 16:41:39","2025-04-29 05:41:39",5,False,"feature, onboarding, training"
1568,457,5874,"technical","low","closed","Duplicate notifications being sent","2025-09-07 13:41:50","2025-09-08 18:41:50","2025-09-10 05:41:50",NULL,False,NULL
1569,1108,NULL,"performance","low","resolved","Feature request: dark mode","2025-01-07 06:38:37","2025-01-09 01:38:37","2025-01-10 07:38:37",5,False,"security , mobile , integration , security"
1570,877,NULL,"performance","medium","waiting_on_customer","White label logo not displaying","2024-11-07 22:54:01","2024-11-09 10:54:01",NULL,NULL,False,NULL
1571,1029,NULL,"data_export","high","closed","Need help with API authentication","2025-09-17 18:02:52","2025-09-18 01:02:52","2025-09-23 10:02:52",NULL,False,"mobile,training"
1572,434,5559,"integration","medium","closed","Slow loading on project boards","2023-12-08 06:44:25","2023-12-08 10:44:25","2023-12-12 11:44:25",NULL,False,"gdpr"
1573,555,7117,"onboarding","medium","resolved","Slow loading on project boards","2025-06-02 22:10:32","2025-06-05 08:10:32","2025-06-07 07:10:32",3,False,"bug , sso , mobile , onboarding"
1574,96,1442,"security","medium","in_progress","Webhook delivery failures","2024-02-14 08:12:54","2024-02-17 01:12:54",NULL,NULL,False,"performance,sso,urgent,onboarding"
1575,389,4916,"security","low","open","Mobile app crashes on Android","2025-06-05 07:42:29",NULL,NULL,NULL,False,NULL
1576,173,2531,"account","low","closed","SSO configuration help needed","2024-10-10 15:11:08","2024-10-11 03:11:08","2024-10-17 19:11:08",5,False,"bug;performance;mobile"
1577,1193,NULL,"data_export","low","open","Billing discrepancy on latest invoice","2025-07-03 03:14:43",NULL,NULL,NULL,False,"integration;documentation"
1578,943,NULL,"integration","high","in_progress","Need help with API authentication","2025-03-03 13:11:31","2025-03-04 00:11:31",NULL,NULL,True,"security"
1579,301,4008,"feature_request","medium","waiting_on_customer","GDPR data export request","2024-10-22 12:16:36","2024-10-24 19:16:36",NULL,NULL,False,"gdpr;sso;urgent"
1580,811,NULL,"data_export","low","open","Need help with API authentication","2023-12-08 21:48:08",NULL,NULL,NULL,False,"onboarding,training,security"
1581,1099,NULL,"technical","medium","in_progress","Feature request: dark mode","2025-01-09 02:01:00","2025-01-10 08:01:00",NULL,NULL,False,"migration, enterprise, training"
1582,551,7036,"onboarding","critical","waiting_on_customer","Gantt chart not rendering correctly","2025-10-05 03:52:26","2025-10-05 05:03:26",NULL,NULL,False,"gdpr,ux"
1583,338,4318,"integration","medium","open","API rate limiting issues","2025-01-27 16:17:18",NULL,NULL,NULL,False,"enterprise,training"
1584,932,NULL,"data_export","medium","waiting_on_customer","Data import from CSV failing","2024-12-22 02:57:38","2024-12-22 22:57:38",NULL,NULL,False,"mobile, migration"
1585,577,7485,"onboarding","medium","closed","Permission settings not saving","2024-07-30 09:37:09","2024-08-02 09:37:09","2024-08-03 21:37:09",5,False,"export;technical;performance;export"
1586,840,NULL,"technical","low","waiting_on_customer","Time tracking sync issues","2024-03-21 13:03:58","2024-03-24 10:03:58",NULL,NULL,False,"gdpr, enterprise, training"
1587,878,NULL,"onboarding","low","waiting_on_customer","Account merge request","2024-06-30 23:11:32","2024-07-03 12:11:32",NULL,NULL,False,"training , export"
1588,113,1600,"integration","high","in_progress","Billing discrepancy on latest invoice","2025-07-26 01:47:17","2025-07-26 04:47:17",NULL,NULL,True,"enterprise , export , api"
1589,1198,NULL,"billing","medium","open","Need help with API authentication","2024-01-04 16:01:56",NULL,NULL,NULL,False,NULL
1590,261,3637,"integration","low","open","GDPR data export request","2025-05-04 05:43:14",NULL,NULL,NULL,False,"sso , onboarding , performance"
1591,454,5826,"data_export","medium","closed","Billing discrepancy on latest invoice","2023-08-31 04:47:52","2023-09-01 15:47:52","2023-09-06 15:47:52",3,False,"export,urgent"
1592,497,6275,"onboarding","high","closed","Need to add more team members","2024-12-29 20:23:30","2024-12-29 22:23:30","2025-01-03 20:23:30",2,False,"bug , documentation , api"
1593,596,7702,"account","low","closed","Gantt chart not rendering correctly","2024-12-07 06:08:43","2024-12-07 12:08:43","2024-12-09 03:08:43",5,False,"sso , integration , urgent"
1594,1000,NULL,"security","critical","in_progress","Export failing for large datasets","2025-04-05 08:22:47","2025-04-05 09:00:47",NULL,NULL,False,"security"
1595,9,134,"technical","low","in_progress","Export failing for large datasets","2025-08-07 22:20:57","2025-08-09 23:20:57",NULL,NULL,False,"technical, billing"
1596,999,NULL,"performance","high","open","Gantt chart not rendering correctly","2025-10-07 05:46:51",NULL,NULL,NULL,False,"integration,api,enterprise,ux"
1597,478,6109,"integration","high","in_progress","Need help with API authentication","2025-06-02 17:59:27","2025-06-03 01:59:27",NULL,NULL,False,NULL
1598,1121,NULL,"performance","high","open","White label logo not displaying","2023-12-05 11:58:14",NULL,NULL,NULL,False,NULL
1599,539,6873,"billing","medium","open","Cannot downgrade plan","2025-02-22 17:28:42",NULL,NULL,NULL,False,"urgent , gdpr"
1600,958,NULL,"api","medium","open","Cannot login to dashboard","2024-06-23 21:00:19",NULL,NULL,NULL,False,"security;enterprise;api"
1601,1004,NULL,"integration","low","in_progress","White label logo not displaying","2024-03-02 09:24:25","2024-03-03 23:24:25",NULL,NULL,False,"enterprise, api"
1602,484,6152,"data_export","high","open","Cannot downgrade plan","2025-06-21 05:18:37",NULL,NULL,NULL,True,"migration"
1603,539,6876,"security","low","resolved","GDPR data export request","2024-10-25 08:41:06","2024-10-27 07:41:06","2024-11-01 17:41:06",4,False,"documentation, sso, urgent, documentation"
1604,14,219,"security","high","closed","Time tracking sync issues","2024-10-15 18:41:00","2024-10-16 02:41:00","2024-10-21 22:41:00",NULL,False,"bug"
1605,1143,NULL,"performance","high","waiting_on_customer","Data import from CSV failing","2025-07-08 05:14:28","2025-07-08 10:14:28",NULL,NULL,True,"integration,technical,training"
1606,136,1998,"data_export","low","open","Webhook delivery failures","2025-05-04 02:59:23",NULL,NULL,NULL,False,"documentation , export , documentation"
1607,176,2568,"billing","low","open","Slow loading on project boards","2024-04-11 18:42:45",NULL,NULL,NULL,False,"urgent, technical, documentation, security"
1608,24,516,"security","high","open","Slow loading on project boards","2025-08-01 06:26:21",NULL,NULL,NULL,False,NULL
1609,934,NULL,"security","low","closed","Integration with Slack not working","2025-10-26 13:26:08","2025-10-27 04:26:08","2025-10-28 20:26:08",NULL,False,"urgent"
1610,613,7824,"performance","medium","in_progress","Time tracking sync issues","2025-06-16 09:39:44","2025-06-18 06:39:44",NULL,NULL,False,"training , billing , mobile , documentation"
1611,975,NULL,"security","high","closed","Time tracking sync issues","2025-04-11 23:09:09","2025-04-12 09:09:09","2025-04-18 11:09:09",4,False,"bug,security"
1612,777,NULL,"technical","medium","closed","GDPR data export request","2024-05-17 08:40:43","2024-05-19 02:40:43","2024-05-26 02:40:43",4,False,"urgent;sso"
1613,402,5111,"account","low","closed","Feature request: dark mode","2024-12-21 23:45:12","2024-12-24 16:45:12","2024-12-28 21:45:12",NULL,False,"feature"
1614,59,959,"security","high","in_progress","Gantt chart not rendering correctly","2024-07-19 10:16:19","2024-07-19 18:16:19",NULL,NULL,False,"mobile, urgent, integration"
1615,778,NULL,"technical","medium","waiting_on_customer","Time tracking sync issues","2023-06-07 23:52:45","2023-06-10 17:52:45",NULL,NULL,False,"enterprise"
1616,669,NULL,"data_export","medium","waiting_on_customer","API rate limiting issues","2023-12-08 10:23:12","2023-12-10 08:23:12",NULL,NULL,False,"urgent , training , api"
1617,1076,NULL,"integration","low","closed","Time tracking sync issues","2025-10-14 01:17:23","2025-10-16 12:17:23","2025-10-23 01:17:23",NULL,False,"documentation;performance;mobile;security"
1618,1079,NULL,"performance","critical","open","Mobile app crashes on Android","2025-10-01 00:40:18",NULL,NULL,NULL,False,"urgent"
1619,560,7169,"account","low","resolved","Data import from CSV failing","2025-09-08 12:39:09","2025-09-10 12:39:09","2025-09-15 18:39:09",4,False,"feature, mobile, ux, integration"
1620,945,NULL,"security","low","closed","Duplicate notifications being sent","2024-12-31 02:29:33","2025-01-02 13:29:33","2025-01-08 19:29:33",NULL,False,"feature, performance, billing"
1621,913,NULL,"performance","medium","waiting_on_customer","Cannot downgrade plan","2025-08-23 05:02:39","2025-08-23 20:02:39",NULL,NULL,False,"api;training;security"
1622,112,1595,"data_export","medium","open","API rate limiting issues","2025-10-11 15:36:41",NULL,NULL,NULL,False,NULL
1623,433,5557,"performance","medium","closed","Cannot login to dashboard","2025-10-05 17:01:19","2025-10-06 10:01:19","2025-10-12 10:01:19",NULL,False,"ux,billing"
1624,692,NULL,"onboarding","medium","resolved","Mobile app crashes on Android","2025-05-24 12:51:56","2025-05-25 17:51:56","2025-05-31 15:51:56",4,False,NULL
1625,922,NULL,"billing","high","resolved","Mobile app crashes on Android","2025-09-24 09:13:15","2025-09-24 12:13:15","2025-09-27 12:13:15",NULL,False,NULL
1626,117,1684,"api","low","waiting_on_customer","Data import from CSV failing","2025-10-24 20:06:58","2025-10-26 20:06:58",NULL,NULL,False,"onboarding;performance;gdpr;technical"
1627,1071,NULL,"api","low","waiting_on_customer","Cannot downgrade plan","2023-12-02 17:25:04","2023-12-04 06:25:04",NULL,NULL,False,"mobile"
1628,683,NULL,"account","low","open","Need help with API authentication","2024-09-26 19:45:16",NULL,NULL,NULL,False,"billing;mobile;feature;integration"
1629,614,7832,"account","low","closed","API rate limiting issues","2025-09-03 06:29:10","2025-09-04 23:29:10","2025-09-11 12:29:10",4,False,"gdpr, onboarding"
1630,1151,NULL,"data_export","low","in_progress","Time tracking sync issues","2023-05-09 11:57:15","2023-05-11 05:57:15",NULL,NULL,False,NULL
1631,120,1705,"technical","high","resolved","Webhook delivery failures","2023-10-09 06:55:51","2023-10-09 10:55:51","2023-10-14 12:55:51",NULL,True,"ux , sso , performance"
1632,1104,NULL,"performance","high","in_progress","GDPR data export request","2024-10-03 00:08:07","2024-10-03 09:08:07",NULL,NULL,False,"performance"
1633,598,7720,"onboarding","high","closed","Feature request: dark mode","2025-09-22 02:50:46","2025-09-22 05:50:46","2025-09-27 01:50:46",NULL,False,"integration,migration,training"
1634,988,NULL,"onboarding","medium","resolved","Account merge request","2025-02-13 22:10:27","2025-02-16 08:10:27","2025-02-21 18:10:27",4,False,"ux;enterprise"
1635,907,NULL,"api","medium","in_progress","Duplicate notifications being sent","2025-10-21 18:17:33","2025-10-24 04:17:33",NULL,NULL,False,NULL
1636,764,NULL,"security","medium","closed","Time tracking sync issues","2025-01-10 02:14:08","2025-01-12 11:14:08","2025-01-14 02:14:08",5,False,NULL
1637,118,1693,"data_export","medium","open","Permission settings not saving","2024-12-07 10:54:40",NULL,NULL,NULL,False,NULL
1638,281,3830,"integration","medium","in_progress","Cannot login to dashboard","2024-08-24 08:31:01","2024-08-26 06:31:01",NULL,NULL,False,"documentation,performance"
1639,841,NULL,"technical","medium","in_progress","Slow loading on project boards","2025-10-08 14:22:00","2025-10-10 22:22:00",NULL,NULL,False,"api"
1640,42,721,"technical","high","in_progress","Gantt chart not rendering correctly","2025-10-11 11:09:40","2025-10-11 23:09:40",NULL,NULL,True,"billing,technical,onboarding,security"
1641,460,5943,"onboarding","medium","resolved","SSO configuration help needed","2025-05-07 01:20:21","2025-05-07 21:20:21","2025-05-14 07:20:21",3,False,"ux;export;sso;security"
1642,470,6049,"performance","medium","open","GDPR data export request","2025-10-08 21:33:35",NULL,NULL,NULL,False,"security, technical, export, billing"
1643,778,NULL,"billing","low","waiting_on_customer","Slow loading on project boards","2025-01-24 12:00:43","2025-01-25 08:00:43",NULL,NULL,False,"performance"
1644,781,NULL,"api","critical","open","Cannot login to dashboard","2025-03-13 12:07:10",NULL,NULL,NULL,False,"security"
1645,506,6429,"api","medium","open","Feature request: dark mode","2025-02-18 16:15:56",NULL,NULL,NULL,False,"ux,documentation"
1646,240,3400,"billing","low","closed","Billing discrepancy on latest invoice","2025-09-15 16:00:14","2025-09-18 10:00:14","2025-09-19 01:00:14",2,False,"feature , technical , sso , ux"
1647,149,2152,"security","medium","in_progress","Audit log access denied","2025-02-01 11:41:47","2025-02-01 20:41:47",NULL,NULL,False,NULL
1648,443,5621,"technical","medium","waiting_on_customer","Permission settings not saving","2024-06-24 01:22:41","2024-06-24 12:22:41",NULL,NULL,False,"security , technical , sso , migration"
1649,363,4653,"security","high","in_progress","Webhook delivery failures","2025-04-12 08:08:48","2025-04-12 13:08:48",NULL,NULL,False,"security;urgent;enterprise"
1650,251,3518,"api","low","waiting_on_customer","Slow loading on project boards","2025-09-27 06:36:13","2025-09-29 02:36:13",NULL,NULL,False,"technical , documentation"
1651,798,NULL,"security","high","closed","Need help with API authentication","2025-04-12 16:34:24","2025-04-12 23:34:24","2025-04-14 22:34:24",3,False,"ux, migration, performance, bug"
1652,391,4919,"feature_request","low","in_progress","Report generation timeout","2024-12-16 07:31:29","2024-12-16 16:31:29",NULL,NULL,False,"documentation, training"
1653,387,4900,"billing","medium","in_progress","Mobile app crashes on Android","2025-07-13 00:04:52","2025-07-13 04:04:52",NULL,NULL,False,"migration"
1654,363,4654,"integration","high","in_progress","Mobile app crashes on Android","2024-01-12 18:43:37","2024-01-12 20:43:37",NULL,NULL,False,"billing;onboarding;integration"
1655,866,NULL,"feature_request","medium","waiting_on_customer","Report generation timeout","2025-04-03 23:59:06","2025-04-05 01:59:06",NULL,NULL,False,"sso,technical,performance"
1656,954,NULL,"data_export","medium","waiting_on_customer","Billing discrepancy on latest invoice","2025-10-09 05:17:29","2025-10-10 17:17:29",NULL,NULL,False,"security;technical"
1657,603,7739,"account","critical","waiting_on_customer","Cannot login to dashboard","2025-06-26 08:55:40","2025-06-26 10:54:40",NULL,NULL,True,"billing, documentation"
1658,52,837,"account","low","open","Duplicate notifications being sent","2025-05-28 03:36:59",NULL,NULL,NULL,False,"onboarding,technical,mobile,performance"
1659,900,NULL,"performance","low","open","Mobile app crashes on Android","2024-05-13 19:45:24",NULL,NULL,NULL,False,"performance, api, export"
1660,367,4705,"security","medium","closed","SSO configuration help needed","2025-07-06 17:29:01","2025-07-09 10:29:01","2025-07-13 20:29:01",NULL,False,"technical,api,technical"
1661,876,NULL,"billing","low","resolved","Webhook delivery failures","2025-04-02 20:23:10","2025-04-04 22:23:10","2025-04-09 02:23:10",5,False,"documentation"
1662,3,25,"security","low","waiting_on_customer","Permission settings not saving","2024-07-24 05:13:17","2024-07-24 16:13:17",NULL,NULL,False,NULL
1663,1078,NULL,"performance","low","open","Account merge request","2024-12-16 12:15:55",NULL,NULL,NULL,False,"security"
1664,125,1830,"security","low","resolved","Cannot login to dashboard","2025-04-01 06:33:55","2025-04-01 09:33:55","2025-04-02 18:33:55",5,False,"technical, performance, documentation"
1719,959,NULL,"api","medium","closed","API rate limiting issues","2024-07-18 05:27:30","2024-07-19 16:27:30","2024-07-25 17:27:30",4,False,NULL
1665,634,8128,"integration","low","closed","Custom workflow automation broken","2025-09-23 19:25:52","2025-09-24 09:25:52","2025-09-29 13:25:52",3,False,"onboarding,migration"
1666,546,6952,"performance","low","waiting_on_customer","SSO configuration help needed","2025-09-11 23:53:13","2025-09-13 16:53:13",NULL,NULL,False,NULL
1667,922,NULL,"billing","low","in_progress","Need to add more team members","2025-02-16 13:02:05","2025-02-17 21:02:05",NULL,NULL,False,"technical;technical"
1668,336,4278,"api","medium","closed","Custom workflow automation broken","2023-06-14 20:27:53","2023-06-17 00:27:53","2023-06-22 13:27:53",1,False,"export"
1669,680,NULL,"onboarding","high","waiting_on_customer","API rate limiting issues","2025-02-08 23:53:45","2025-02-09 00:53:45",NULL,NULL,False,"feature"
1670,462,6006,"performance","low","open","Account merge request","2025-07-22 22:15:44",NULL,NULL,NULL,False,"performance;security"
1671,278,3819,"security","low","open","API rate limiting issues","2025-01-07 12:36:42",NULL,NULL,NULL,False,"technical , performance , onboarding , enterprise"
1672,937,NULL,"feature_request","critical","waiting_on_customer","Time tracking sync issues","2024-02-03 22:54:47","2024-02-03 23:02:47",NULL,NULL,True,"migration;ux;billing"
1673,1172,NULL,"data_export","low","closed","Cannot login to dashboard","2025-02-05 16:41:49","2025-02-07 13:41:49","2025-02-08 02:41:49",NULL,False,"technical , urgent , technical"
1674,14,219,"technical","medium","in_progress","Gantt chart not rendering correctly","2024-12-10 13:12:29","2024-12-13 08:12:29",NULL,NULL,False,"feature;export"
1675,768,NULL,"account","medium","in_progress","Export failing for large datasets","2025-09-27 03:06:25","2025-09-30 01:06:25",NULL,NULL,False,"technical;performance;documentation;enterprise"
1676,1151,NULL,"account","high","open","Webhook delivery failures","2024-12-04 07:49:47",NULL,NULL,NULL,False,"documentation, urgent, onboarding, documentation"
1677,853,NULL,"account","high","waiting_on_customer","Permission settings not saving","2025-08-09 15:57:48","2025-08-10 01:57:48",NULL,NULL,True,"api"
1678,1042,NULL,"feature_request","high","waiting_on_customer","Permission settings not saving","2025-10-26 20:33:02","2025-10-27 05:33:02",NULL,NULL,True,"ux , export , sso , gdpr"
1679,1138,NULL,"performance","critical","closed","SSO configuration help needed","2025-10-08 20:53:30","2025-10-08 22:32:30","2025-10-14 03:32:30",5,False,"documentation,enterprise"
1680,1127,NULL,"account","medium","closed","SSO configuration help needed","2025-08-10 11:33:13","2025-08-11 15:33:13","2025-08-15 08:33:13",5,False,"bug, ux, enterprise, training"
1681,663,8498,"security","low","resolved","Need to add more team members","2025-08-07 04:20:09","2025-08-09 21:20:09","2025-08-15 17:20:09",3,False,"mobile , security , migration , integration , mobile"
1682,587,7580,"security","medium","resolved","Integration with Slack not working","2025-10-22 00:57:37","2025-10-22 05:57:37","2025-10-27 18:57:37",5,False,"sso"
1683,928,NULL,"account","medium","closed","Need to add more team members","2024-04-06 16:19:00","2024-04-09 15:19:00","2024-04-10 08:19:00",5,False,"billing;sso"
1684,1163,NULL,"api","low","resolved","SSO configuration help needed","2025-07-21 01:52:55","2025-07-24 01:52:55","2025-07-30 03:52:55",NULL,False,"onboarding;gdpr;urgent;api"
1685,745,NULL,"account","medium","open","Custom workflow automation broken","2025-04-21 02:53:11",NULL,NULL,NULL,False,"api"
1686,271,3759,"security","medium","closed","Gantt chart not rendering correctly","2025-04-29 04:32:19","2025-05-01 22:32:19","2025-05-07 06:32:19",3,False,"performance;billing;training;enterprise;performance"
1687,1013,NULL,"feature_request","medium","in_progress","Feature request: dark mode","2024-10-22 05:23:27","2024-10-23 18:23:27",NULL,NULL,False,"urgent;gdpr"
1688,712,NULL,"onboarding","medium","open","Integration with Slack not working","2025-01-12 12:56:04",NULL,NULL,NULL,False,"api, export, migration"
1689,390,4918,"data_export","medium","waiting_on_customer","Webhook delivery failures","2025-07-17 06:57:09","2025-07-18 20:57:09",NULL,NULL,False,"billing,api,billing"
1690,401,5104,"account","low","in_progress","Gantt chart not rendering correctly","2025-07-10 21:28:23","2025-07-11 08:28:23",NULL,NULL,False,"api"
1691,172,2524,"api","high","waiting_on_customer","Need to add more team members","2025-03-21 15:23:52","2025-03-22 02:23:52",NULL,NULL,False,"enterprise , gdpr"
1692,136,1998,"performance","low","waiting_on_customer","Cannot login to dashboard","2025-08-01 12:55:05","2025-08-01 20:55:05",NULL,NULL,False,"ux , gdpr , urgent , feature"
1693,1136,NULL,"integration","low","in_progress","Integration with Slack not working","2024-08-08 06:33:59","2024-08-10 14:33:59",NULL,NULL,False,"training, api, enterprise"
1694,367,4704,"performance","medium","waiting_on_customer","Duplicate notifications being sent","2025-04-04 16:10:16","2025-04-05 14:10:16",NULL,NULL,False,NULL
1695,920,NULL,"performance","critical","in_progress","Integration with Slack not working","2025-07-18 14:52:55","2025-07-18 16:46:55",NULL,NULL,False,"training"
1696,706,NULL,"security","high","closed","Cannot downgrade plan","2025-04-03 15:14:46","2025-04-04 01:14:46","2025-04-05 18:14:46",3,True,"enterprise;onboarding;mobile;integration"
1697,872,NULL,"data_export","medium","waiting_on_customer","Account merge request","2025-08-23 14:08:32","2025-08-26 04:08:32",NULL,NULL,False,"ux,performance,onboarding"
1698,254,3545,"performance","high","in_progress","API rate limiting issues","2025-09-11 01:26:56","2025-09-11 04:26:56",NULL,NULL,False,"mobile , urgent , billing , migration"
1699,899,NULL,"onboarding","medium","waiting_on_customer","Data import from CSV failing","2024-07-10 06:43:37","2024-07-12 01:43:37",NULL,NULL,False,"bug, sso, mobile, billing"
1700,437,5591,"account","low","in_progress","Billing discrepancy on latest invoice","2024-09-11 12:46:31","2024-09-12 00:46:31",NULL,NULL,False,"gdpr, performance, export, gdpr"
1701,124,1815,"feature_request","low","resolved","GDPR data export request","2025-10-09 02:36:02","2025-10-10 22:36:02","2025-10-12 19:36:02",4,False,"export,migration,enterprise"
1702,246,3450,"technical","medium","waiting_on_customer","Mobile app crashes on Android","2025-10-13 19:38:48","2025-10-16 00:38:48",NULL,NULL,False,"bug;enterprise;feature"
1703,669,NULL,"data_export","low","waiting_on_customer","Webhook delivery failures","2024-08-18 17:18:33","2024-08-21 08:18:33",NULL,NULL,False,"bug;security;ux"
1704,354,4515,"account","critical","open","Webhook delivery failures","2024-09-01 23:56:23",NULL,NULL,NULL,False,NULL
1705,572,7367,"security","critical","resolved","Permission settings not saving","2025-08-03 20:55:28","2025-08-03 22:35:28","2025-08-09 20:35:28",4,False,"integration"
1706,185,2685,"billing","high","waiting_on_customer","Feature request: dark mode","2025-06-14 17:03:54","2025-06-15 00:03:54",NULL,NULL,True,"bug;billing;performance;sso"
1707,435,5565,"data_export","low","open","GDPR data export request","2025-10-18 20:17:07",NULL,NULL,NULL,False,"integration , urgent , ux"
1708,519,6606,"integration","critical","resolved","Feature request: dark mode","2024-07-29 06:48:49","2024-07-29 08:24:49","2024-08-04 21:24:49",NULL,True,NULL
1709,220,3154,"account","medium","in_progress","Data import from CSV failing","2024-10-14 03:29:51","2024-10-15 02:29:51",NULL,NULL,False,"migration;feature;security;sso"
1710,1068,NULL,"account","low","open","Gantt chart not rendering correctly","2024-10-31 10:26:09",NULL,NULL,NULL,False,"migration , migration"
1711,184,2677,"account","low","in_progress","Need help with API authentication","2025-03-01 13:09:50","2025-03-03 09:09:50",NULL,NULL,False,NULL
1712,1106,NULL,"security","medium","waiting_on_customer","Report generation timeout","2024-10-18 01:26:06","2024-10-18 12:26:06",NULL,NULL,False,"integration, enterprise"
1713,817,NULL,"security","low","waiting_on_customer","Duplicate notifications being sent","2024-06-23 19:58:54","2024-06-26 13:58:54",NULL,NULL,False,"security"
1714,241,3414,"api","critical","open","API rate limiting issues","2025-08-06 23:49:28",NULL,NULL,NULL,True,"documentation,integration,export"
1715,503,6396,"api","low","open","Data import from CSV failing","2025-04-02 08:02:47",NULL,NULL,NULL,False,"export , sso , ux , technical"
1716,180,2607,"performance","low","waiting_on_customer","SSO configuration help needed","2023-07-18 01:09:50","2023-07-20 13:09:50",NULL,NULL,False,NULL
1717,492,6240,"integration","high","in_progress","Duplicate notifications being sent","2025-08-02 12:33:24","2025-08-02 17:33:24",NULL,NULL,False,"gdpr , api , bug , feature"
1718,937,NULL,"security","high","waiting_on_customer","Billing discrepancy on latest invoice","2023-11-28 06:54:17","2023-11-28 13:54:17",NULL,NULL,False,"mobile;training;gdpr"
1720,746,NULL,"feature_request","medium","open","Gantt chart not rendering correctly","2025-01-25 18:57:56",NULL,NULL,NULL,False,"ux, onboarding, technical, ux"
1721,883,NULL,"technical","high","resolved","Gantt chart not rendering correctly","2025-09-29 01:46:57","2025-09-29 03:46:57","2025-09-30 09:46:57",5,False,"export;enterprise"
1722,1199,NULL,"security","critical","waiting_on_customer","Mobile app crashes on Android","2025-07-04 16:47:59","2025-07-04 18:34:59",NULL,NULL,False,"onboarding;ux;migration;mobile"
1723,215,3115,"feature_request","high","in_progress","Duplicate notifications being sent","2025-01-31 11:38:07","2025-01-31 15:38:07",NULL,NULL,False,"mobile"
1724,724,NULL,"billing","low","resolved","Account merge request","2025-09-12 07:28:17","2025-09-12 22:28:17","2025-09-14 10:28:17",2,False,"urgent, security"
1725,80,1231,"data_export","low","in_progress","Permission settings not saving","2025-01-07 04:13:35","2025-01-07 12:13:35",NULL,NULL,False,"mobile , onboarding"
1726,1126,NULL,"technical","high","open","Integration with Slack not working","2025-07-18 15:50:19",NULL,NULL,NULL,False,"documentation,billing,mobile"
1727,535,6799,"technical","low","in_progress","GDPR data export request","2025-09-07 17:03:33","2025-09-09 18:03:33",NULL,NULL,False,"billing, feature"
1728,384,4872,"security","low","open","Data import from CSV failing","2024-11-01 09:27:20",NULL,NULL,NULL,False,NULL
1729,847,NULL,"feature_request","low","open","Time tracking sync issues","2024-08-02 13:43:20",NULL,NULL,NULL,False,"export,enterprise,documentation,gdpr"
1730,43,739,"technical","low","in_progress","API rate limiting issues","2025-04-28 09:22:45","2025-04-30 20:22:45",NULL,NULL,False,"bug;export;training;mobile;bug"
1731,1171,NULL,"api","medium","resolved","Slow loading on project boards","2025-05-15 13:06:00","2025-05-15 21:06:00","2025-05-22 12:06:00",NULL,False,"ux, urgent, sso, billing"
1732,413,5208,"billing","high","resolved","Webhook delivery failures","2025-03-20 20:47:40","2025-03-21 08:47:40","2025-03-23 08:47:40",4,False,NULL
1733,715,NULL,"integration","low","closed","Account merge request","2025-10-29 00:53:48","2025-10-29 16:53:48","2025-10-30 23:53:48",5,False,"training, bug, export, enterprise"
1734,1151,NULL,"security","low","closed","Time tracking sync issues","2024-04-28 06:09:37","2024-04-29 08:09:37","2024-04-29 18:09:37",NULL,False,"mobile"
1735,518,6602,"onboarding","low","closed","Cannot downgrade plan","2024-03-01 09:22:54","2024-03-02 16:22:54","2024-03-06 03:22:54",NULL,False,"ux"
1736,1004,NULL,"technical","high","open","API rate limiting issues","2025-05-11 12:39:46",NULL,NULL,NULL,True,"enterprise"
1737,238,3382,"api","medium","waiting_on_customer","Need to add more team members","2023-10-04 05:58:20","2023-10-06 05:58:20",NULL,NULL,False,NULL
1738,969,NULL,"data_export","medium","open","Feature request: dark mode","2025-08-09 16:38:29",NULL,NULL,NULL,False,"performance,api,sso"
1739,553,7051,"security","low","waiting_on_customer","Mobile app crashes on Android","2024-04-28 12:40:26","2024-04-30 05:40:26",NULL,NULL,False,"migration"
1740,620,7878,"performance","high","in_progress","Audit log access denied","2025-06-05 21:13:43","2025-06-06 00:13:43",NULL,NULL,False,"mobile,documentation,sso"
1741,230,3253,"integration","medium","closed","Gantt chart not rendering correctly","2023-09-15 12:05:13","2023-09-18 10:05:13","2023-09-18 13:05:13",5,False,"api"
1742,45,768,"security","medium","open","Gantt chart not rendering correctly","2024-11-09 17:27:56",NULL,NULL,NULL,False,"gdpr"
1743,1003,NULL,"api","medium","resolved","SSO configuration help needed","2024-12-06 14:58:39","2024-12-09 09:58:39","2024-12-10 21:58:39",NULL,False,"bug,gdpr,bug"
1744,541,6895,"data_export","medium","closed","Gantt chart not rendering correctly","2025-06-10 04:05:16","2025-06-12 02:05:16","2025-06-12 15:05:16",5,False,NULL
1745,829,NULL,"integration","critical","open","Audit log access denied","2025-10-01 03:27:35",NULL,NULL,NULL,False,"api, performance, sso, documentation"
1746,582,7532,"technical","medium","closed","Slow loading on project boards","2025-02-08 05:25:01","2025-02-10 16:25:01","2025-02-16 21:25:01",5,False,"bug , billing"
1747,689,NULL,"security","medium","waiting_on_customer","Time tracking sync issues","2025-01-28 04:08:54","2025-01-29 13:08:54",NULL,NULL,False,"sso"
1748,79,1227,"feature_request","medium","waiting_on_customer","Webhook delivery failures","2025-08-30 22:52:18","2025-08-31 01:52:18",NULL,NULL,False,"performance, feature, export, onboarding, performance"
1749,608,7794,"technical","low","resolved","Audit log access denied","2025-03-28 23:25:21","2025-03-30 07:25:21","2025-04-04 04:25:21",3,False,"gdpr;mobile;integration;bug"
1750,130,1966,"feature_request","low","waiting_on_customer","Billing discrepancy on latest invoice","2024-12-09 09:28:52","2024-12-11 21:28:52",NULL,NULL,False,"billing , export , documentation"
1751,234,3307,"security","medium","waiting_on_customer","Time tracking sync issues","2025-07-14 22:03:06","2025-07-15 01:03:06",NULL,NULL,False,"documentation,training"
1752,337,4308,"security","low","waiting_on_customer","Permission settings not saving","2024-05-19 02:54:54","2024-05-21 17:54:54",NULL,NULL,False,"mobile"
1753,220,3157,"integration","medium","open","Time tracking sync issues","2024-07-31 21:04:17",NULL,NULL,NULL,False,"integration, performance, billing, integration"
1754,147,2147,"onboarding","low","resolved","Duplicate notifications being sent","2025-08-26 06:27:52","2025-08-29 00:27:52","2025-09-02 04:27:52",NULL,False,NULL
1755,54,878,"technical","medium","closed","Cannot downgrade plan","2025-05-07 15:35:46","2025-05-09 09:35:46","2025-05-15 07:35:46",NULL,False,"gdpr"
1756,11,207,"technical","low","waiting_on_customer","Custom workflow automation broken","2025-07-11 11:58:17","2025-07-14 04:58:17",NULL,NULL,False,"export, billing, onboarding"
1757,406,5157,"security","medium","open","GDPR data export request","2024-08-29 11:13:41",NULL,NULL,NULL,False,"urgent"
1758,178,2599,"onboarding","low","open","Duplicate notifications being sent","2024-01-10 12:49:13",NULL,NULL,NULL,False,NULL
1759,445,5683,"feature_request","high","resolved","Time tracking sync issues","2025-08-14 03:30:42","2025-08-14 13:30:42","2025-08-15 09:30:42",4,False,"training;sso;bug;security"
1760,549,6979,"integration","medium","waiting_on_customer","GDPR data export request","2025-09-05 04:57:01","2025-09-05 13:57:01",NULL,NULL,False,"integration, enterprise, sso"
1761,1091,NULL,"security","medium","open","Export failing for large datasets","2024-12-23 22:04:21",NULL,NULL,NULL,False,"billing , migration , performance , technical , billing"
1762,274,3798,"api","low","resolved","API rate limiting issues","2025-05-14 05:19:33","2025-05-16 21:19:33","2025-05-21 05:19:33",NULL,False,NULL
1763,299,3981,"feature_request","critical","waiting_on_customer","Billing discrepancy on latest invoice","2024-06-25 22:45:20","2024-06-26 00:23:20",NULL,NULL,True,"feature , migration , technical , api , feature"
1764,886,NULL,"account","low","resolved","GDPR data export request","2025-05-23 10:33:53","2025-05-26 05:33:53","2025-05-30 00:33:53",3,False,"feature, feature"
1765,1002,NULL,"technical","medium","resolved","GDPR data export request","2024-12-04 20:21:25","2024-12-07 13:21:25","2024-12-12 14:21:25",2,False,"api, sso, training"
1766,937,NULL,"technical","medium","resolved","Need to add more team members","2024-06-06 05:45:35","2024-06-08 19:45:35","2024-06-09 14:45:35",2,False,"feature, export, ux"
1767,182,2642,"data_export","high","waiting_on_customer","Audit log access denied","2025-01-30 13:19:04","2025-01-30 16:19:04",NULL,NULL,False,NULL
1768,511,6498,"feature_request","low","open","Report generation timeout","2025-08-30 16:16:30",NULL,NULL,NULL,False,"integration , billing"
1769,601,7729,"billing","high","closed","Permission settings not saving","2024-03-30 22:16:23","2024-03-30 23:16:23","2024-04-06 22:16:23",5,True,"onboarding , documentation , training"
1770,896,NULL,"billing","high","waiting_on_customer","Mobile app crashes on Android","2024-12-28 17:05:39","2024-12-28 20:05:39",NULL,NULL,True,"api"
1771,979,NULL,"api","medium","open","Custom workflow automation broken","2025-07-15 02:43:21",NULL,NULL,NULL,False,"training"
1772,254,3546,"data_export","medium","resolved","Mobile app crashes on Android","2025-07-20 22:11:27","2025-07-21 07:11:27","2025-07-26 23:11:27",5,False,"urgent , api , onboarding , gdpr"
1773,825,NULL,"technical","medium","waiting_on_customer","Account merge request","2025-10-19 15:39:10","2025-10-20 10:39:10",NULL,NULL,False,NULL
1774,1111,NULL,"billing","low","closed","Cannot downgrade plan","2025-10-14 21:01:02","2025-10-17 18:01:02","2025-10-22 16:01:02",NULL,False,"api , export"
1830,128,1941,"api","high","open","Need to add more team members","2025-08-30 23:47:30",NULL,NULL,NULL,False,NULL
1775,177,2577,"technical","low","resolved","Integration with Slack not working","2024-09-08 23:45:43","2024-09-11 08:45:43","2024-09-17 18:45:43",NULL,False,"mobile,sso,migration,export"
1776,269,3726,"billing","critical","in_progress","Account merge request","2025-03-08 19:10:13","2025-03-08 19:17:13",NULL,NULL,False,"integration,integration"
1777,1066,NULL,"billing","critical","resolved","Audit log access denied","2023-08-19 14:11:04","2023-08-19 16:06:04","2023-08-23 07:06:04",5,True,"urgent,gdpr,security,sso,urgent"
1778,304,4038,"onboarding","medium","in_progress","Cannot login to dashboard","2024-01-13 10:32:16","2024-01-13 21:32:16",NULL,NULL,False,"urgent, billing, feature, ux"
1779,219,3147,"api","high","open","Billing discrepancy on latest invoice","2025-07-27 11:28:31",NULL,NULL,NULL,False,NULL
1780,1105,NULL,"data_export","low","open","Report generation timeout","2025-10-09 18:56:08",NULL,NULL,NULL,False,"documentation,integration,enterprise"
1781,852,NULL,"performance","medium","in_progress","White label logo not displaying","2025-05-15 03:55:51","2025-05-18 03:55:51",NULL,NULL,False,"onboarding;bug;gdpr"
1782,837,NULL,"integration","high","in_progress","Mobile app crashes on Android","2025-10-21 01:07:57","2025-10-21 05:07:57",NULL,NULL,False,"documentation , api"
1783,1036,NULL,"account","high","waiting_on_customer","Permission settings not saving","2025-07-18 23:02:37","2025-07-19 10:02:37",NULL,NULL,True,"integration , mobile"
1784,31,616,"security","medium","waiting_on_customer","GDPR data export request","2025-05-31 20:26:54","2025-05-31 22:26:54",NULL,NULL,False,"gdpr,performance,sso,enterprise"
1785,1050,NULL,"integration","low","waiting_on_customer","Billing discrepancy on latest invoice","2025-09-16 04:26:48","2025-09-17 09:26:48",NULL,NULL,False,"enterprise, gdpr"
1786,225,3178,"performance","low","closed","Mobile app crashes on Android","2025-10-09 16:48:20","2025-10-11 00:48:20","2025-10-11 04:48:20",2,False,"urgent , onboarding"
1787,1186,NULL,"security","high","closed","Custom workflow automation broken","2025-08-28 22:32:19","2025-08-29 08:32:19","2025-09-05 07:32:19",1,False,NULL
1788,369,4717,"billing","high","closed","Need help with API authentication","2025-07-28 15:26:39","2025-07-28 17:26:39","2025-07-28 20:26:39",NULL,True,"documentation"
1789,940,NULL,"onboarding","high","in_progress","Time tracking sync issues","2025-09-22 09:21:35","2025-09-22 11:21:35",NULL,NULL,True,"urgent,bug,export,feature"
1790,946,NULL,"api","low","waiting_on_customer","Report generation timeout","2025-09-29 10:22:19","2025-09-29 14:22:19",NULL,NULL,False,"security, billing, integration, migration"
1791,760,NULL,"data_export","low","in_progress","Time tracking sync issues","2024-08-26 05:55:59","2024-08-26 22:55:59",NULL,NULL,False,"migration,feature"
1792,43,743,"feature_request","high","waiting_on_customer","White label logo not displaying","2025-07-11 10:58:23","2025-07-11 12:58:23",NULL,NULL,False,"training , urgent , bug"
1793,333,4255,"data_export","medium","resolved","Feature request: dark mode","2025-08-29 07:30:53","2025-08-30 18:30:53","2025-09-05 09:30:53",5,False,NULL
1794,1028,NULL,"integration","low","resolved","Duplicate notifications being sent","2024-12-08 22:54:55","2024-12-11 09:54:55","2024-12-17 20:54:55",3,False,"performance;migration"
1795,599,7722,"data_export","low","open","Need help with API authentication","2025-04-19 11:32:02",NULL,NULL,NULL,False,"mobile, feature, documentation"
1796,7,84,"feature_request","medium","open","Audit log access denied","2025-10-21 12:22:12",NULL,NULL,NULL,False,"performance;export;onboarding;training"
1797,1061,NULL,"billing","low","waiting_on_customer","Integration with Slack not working","2025-10-04 16:43:34","2025-10-07 09:43:34",NULL,NULL,False,"training , mobile , technical"
1798,577,7487,"feature_request","low","in_progress","Cannot login to dashboard","2024-11-03 05:39:32","2024-11-06 04:39:32",NULL,NULL,False,NULL
1799,1008,NULL,"performance","critical","in_progress","Account merge request","2023-10-29 01:54:21","2023-10-29 02:25:21",NULL,NULL,False,"ux"
1800,18,395,"api","low","resolved","Slow loading on project boards","2025-08-22 04:05:59","2025-08-24 17:05:59","2025-08-29 21:05:59",NULL,False,"bug, technical, migration"
1801,805,NULL,"billing","medium","waiting_on_customer","Audit log access denied","2025-01-20 23:08:22","2025-01-21 13:08:22",NULL,NULL,False,"training , feature"
1802,245,3443,"technical","low","open","Account merge request","2025-10-12 19:00:13",NULL,NULL,NULL,False,NULL
1803,1131,NULL,"onboarding","low","open","Permission settings not saving","2025-07-11 17:16:08",NULL,NULL,NULL,False,"performance , export , bug , security"
1804,259,3584,"billing","medium","closed","Custom workflow automation broken","2024-12-22 09:46:40","2024-12-24 14:46:40","2024-12-28 05:46:40",3,False,"api, migration, gdpr, api"
1805,774,NULL,"billing","medium","resolved","Duplicate notifications being sent","2025-07-27 04:49:13","2025-07-28 21:49:13","2025-07-31 22:49:13",3,False,"enterprise, bug, technical"
1806,429,5437,"integration","high","resolved","Feature request: dark mode","2025-04-20 15:08:52","2025-04-20 23:08:52","2025-04-21 02:08:52",NULL,False,"performance,integration"
1807,1160,NULL,"integration","medium","in_progress","Need to add more team members","2025-07-15 20:56:16","2025-07-18 08:56:16",NULL,NULL,False,NULL
1808,674,NULL,"billing","low","waiting_on_customer","API rate limiting issues","2025-08-19 05:19:50","2025-08-20 03:19:50",NULL,NULL,False,"performance, mobile, security, urgent"
1809,603,7739,"api","low","in_progress","GDPR data export request","2025-10-04 02:04:21","2025-10-04 17:04:21",NULL,NULL,False,"mobile , export , onboarding"
1810,815,NULL,"billing","medium","resolved","Cannot login to dashboard","2024-01-11 03:11:01","2024-01-13 18:11:01","2024-01-16 02:11:01",4,False,NULL
1811,1169,NULL,"security","high","waiting_on_customer","Time tracking sync issues","2025-01-28 09:15:45","2025-01-28 20:15:45",NULL,NULL,True,"documentation,bug,gdpr,api"
1812,1086,NULL,"billing","high","waiting_on_customer","Time tracking sync issues","2025-07-23 00:41:07","2025-07-23 03:41:07",NULL,NULL,False,"billing"
1813,671,NULL,"data_export","medium","waiting_on_customer","Duplicate notifications being sent","2024-08-28 12:51:20","2024-08-28 21:51:20",NULL,NULL,False,"enterprise , mobile"
1814,809,NULL,"data_export","low","closed","API rate limiting issues","2025-04-28 04:46:31","2025-04-28 10:46:31","2025-05-05 04:46:31",4,False,NULL
1815,240,3410,"account","low","waiting_on_customer","SSO configuration help needed","2025-06-16 17:29:09","2025-06-16 19:29:09",NULL,NULL,False,NULL
1816,98,1453,"technical","high","closed","Feature request: dark mode","2025-09-19 11:34:05","2025-09-19 14:34:05","2025-09-23 05:34:05",NULL,True,NULL
1817,943,NULL,"account","medium","resolved","Custom workflow automation broken","2024-12-12 15:38:12","2024-12-13 07:38:12","2024-12-19 01:38:12",2,False,NULL
1818,438,5596,"billing","medium","closed","Permission settings not saving","2023-12-25 01:41:05","2023-12-27 02:41:05","2023-12-30 16:41:05",4,False,"api,mobile,sso,ux"
1819,1088,NULL,"feature_request","low","in_progress","Export failing for large datasets","2025-03-04 21:00:44","2025-03-05 10:00:44",NULL,NULL,False,"performance"
1820,894,NULL,"integration","low","closed","Custom workflow automation broken","2025-09-09 23:30:18","2025-09-12 23:30:18","2025-09-16 03:30:18",4,False,"feature , migration , feature"
1821,290,3938,"data_export","low","resolved","Webhook delivery failures","2025-05-30 16:41:11","2025-06-02 07:41:11","2025-06-07 15:41:11",NULL,False,"api,performance,integration,feature"
1822,1162,NULL,"api","low","in_progress","Report generation timeout","2024-11-22 03:56:58","2024-11-23 22:56:58",NULL,NULL,False,"mobile , technical , urgent , training"
1823,6,79,"api","low","resolved","Billing discrepancy on latest invoice","2025-09-30 13:30:29","2025-10-02 20:30:29","2025-10-07 13:30:29",NULL,False,"bug;urgent;ux"
1824,817,NULL,"integration","medium","in_progress","Mobile app crashes on Android","2025-08-24 06:01:27","2025-08-24 19:01:27",NULL,NULL,False,"documentation, enterprise"
1825,510,6470,"security","low","closed","Audit log access denied","2025-09-07 15:13:12","2025-09-08 06:13:12","2025-09-10 22:13:12",4,False,"export,documentation"
1826,951,NULL,"billing","low","closed","Audit log access denied","2024-08-07 03:46:33","2024-08-07 16:46:33","2024-08-14 16:46:33",3,False,"training;billing"
1827,132,1972,"security","high","closed","Integration with Slack not working","2025-06-09 00:48:41","2025-06-09 11:48:41","2025-06-11 10:48:41",3,False,"training, ux, training"
1828,630,8114,"technical","medium","waiting_on_customer","Webhook delivery failures","2025-04-06 06:54:28","2025-04-08 10:54:28",NULL,NULL,False,NULL
1829,1088,NULL,"account","medium","closed","API rate limiting issues","2024-09-19 05:28:21","2024-09-20 08:28:21","2024-09-25 15:28:21",5,False,NULL
1831,1125,NULL,"feature_request","medium","waiting_on_customer","Webhook delivery failures","2025-02-02 18:36:51","2025-02-03 01:36:51",NULL,NULL,False,"gdpr"
1832,918,NULL,"feature_request","medium","closed","Audit log access denied","2024-09-27 23:20:58","2024-09-30 09:20:58","2024-09-30 11:20:58",NULL,False,"documentation"
1833,608,7798,"onboarding","medium","in_progress","Need to add more team members","2025-04-28 05:50:25","2025-05-01 03:50:25",NULL,NULL,False,"billing, training"
1834,1065,NULL,"onboarding","low","closed","Custom workflow automation broken","2025-07-28 17:37:06","2025-07-31 02:37:06","2025-08-06 02:37:06",NULL,False,"feature,onboarding,enterprise,sso"
1835,1021,NULL,"feature_request","medium","closed","Time tracking sync issues","2025-01-02 05:25:22","2025-01-02 17:25:22","2025-01-04 15:25:22",NULL,False,"performance"
1836,883,NULL,"api","medium","waiting_on_customer","Slow loading on project boards","2025-10-04 01:25:46","2025-10-05 21:25:46",NULL,NULL,False,"bug;documentation;security"
1837,237,3336,"account","critical","waiting_on_customer","Permission settings not saving","2025-07-01 07:41:39","2025-07-01 07:54:39",NULL,NULL,True,"onboarding, integration, enterprise, billing"
1838,946,NULL,"data_export","medium","open","Custom workflow automation broken","2025-02-20 14:33:25",NULL,NULL,NULL,False,"export"
1839,919,NULL,"technical","low","open","Cannot login to dashboard","2025-04-04 00:02:15",NULL,NULL,NULL,False,"export;urgent;gdpr;api"
1840,286,3864,"security","low","closed","Time tracking sync issues","2025-02-09 21:55:01","2025-02-10 20:55:01","2025-02-14 23:55:01",NULL,False,NULL
1841,1082,NULL,"account","medium","in_progress","SSO configuration help needed","2025-03-10 23:06:31","2025-03-11 21:06:31",NULL,NULL,False,"ux,urgent,feature,mobile"
1842,1153,NULL,"performance","low","open","Gantt chart not rendering correctly","2025-04-11 19:09:01",NULL,NULL,NULL,False,NULL
1843,1011,NULL,"data_export","medium","open","Integration with Slack not working","2025-08-20 00:21:05",NULL,NULL,NULL,False,"bug, technical, sso"
1844,866,NULL,"integration","low","waiting_on_customer","Duplicate notifications being sent","2024-10-08 18:25:24","2024-10-09 20:25:24",NULL,NULL,False,"bug,training,performance,technical"
1845,171,2511,"data_export","medium","resolved","API rate limiting issues","2025-09-26 11:03:50","2025-09-27 05:03:50","2025-10-01 09:03:50",5,False,"bug,security,bug"
1846,748,NULL,"performance","low","waiting_on_customer","Account merge request","2025-03-01 10:29:33","2025-03-01 16:29:33",NULL,NULL,False,"migration, integration, api, migration"
1847,957,NULL,"onboarding","low","open","Integration with Slack not working","2025-07-16 00:16:57",NULL,NULL,NULL,False,"api"
1848,643,8329,"api","high","closed","Report generation timeout","2025-09-17 16:15:15","2025-09-17 19:15:15","2025-09-23 11:15:15",5,True,"gdpr , technical"
1849,316,4128,"onboarding","high","waiting_on_customer","Cannot downgrade plan","2023-09-23 18:13:12","2023-09-24 03:13:12",NULL,NULL,False,"urgent,performance,urgent"
1850,371,4753,"feature_request","critical","open","Cannot login to dashboard","2025-09-20 21:28:15",NULL,NULL,NULL,False,NULL
1851,419,5321,"billing","medium","resolved","Feature request: dark mode","2025-10-30 18:34:03","2025-10-30 21:34:03","2025-11-01 05:34:03",2,False,"migration , security , technical , enterprise"
1852,774,NULL,"security","high","resolved","Cannot downgrade plan","2025-03-07 18:51:48","2025-03-07 19:51:48","2025-03-09 16:51:48",NULL,False,"training;security"
1853,727,NULL,"api","medium","closed","Audit log access denied","2024-09-18 03:38:49","2024-09-19 04:38:49","2024-09-24 02:38:49",NULL,False,"urgent"
1854,1066,NULL,"feature_request","medium","closed","Mobile app crashes on Android","2025-03-04 19:34:51","2025-03-06 04:34:51","2025-03-10 19:34:51",NULL,False,"bug"
1855,448,5725,"onboarding","medium","resolved","GDPR data export request","2024-09-04 10:35:56","2024-09-05 18:35:56","2024-09-06 13:35:56",3,False,NULL
1856,510,6477,"onboarding","medium","waiting_on_customer","Gantt chart not rendering correctly","2025-10-12 05:21:29","2025-10-14 04:21:29",NULL,NULL,False,"security, documentation"
1857,1030,NULL,"performance","medium","waiting_on_customer","Need to add more team members","2025-08-13 22:54:03","2025-08-14 03:54:03",NULL,NULL,False,"ux,security,feature"
1858,761,NULL,"data_export","medium","waiting_on_customer","SSO configuration help needed","2025-07-30 16:40:54","2025-08-01 04:40:54",NULL,NULL,False,"documentation"
1859,654,8429,"billing","low","waiting_on_customer","Permission settings not saving","2025-06-30 10:07:28","2025-07-02 04:07:28",NULL,NULL,False,"billing , feature"
1860,944,NULL,"account","high","waiting_on_customer","Report generation timeout","2024-12-07 05:38:53","2024-12-07 08:38:53",NULL,NULL,False,"training , billing , security , migration"
1861,137,2026,"performance","medium","open","Time tracking sync issues","2023-10-20 21:32:08",NULL,NULL,NULL,False,NULL
1862,942,NULL,"technical","low","closed","Audit log access denied","2024-09-11 08:43:28","2024-09-12 23:43:28","2024-09-14 22:43:28",3,False,"technical , performance , ux , training"
1863,1191,NULL,"api","high","waiting_on_customer","Custom workflow automation broken","2025-10-08 13:01:33","2025-10-08 16:01:33",NULL,NULL,True,"gdpr , training , urgent , enterprise"
1864,724,NULL,"billing","high","in_progress","Duplicate notifications being sent","2025-08-30 03:29:24","2025-08-30 10:29:24",NULL,NULL,False,"gdpr, documentation, migration, onboarding"
1865,182,2644,"feature_request","high","resolved","Mobile app crashes on Android","2025-06-21 17:24:16","2025-06-21 19:24:16","2025-06-23 16:24:16",1,False,"mobile,documentation,export"
1866,217,3125,"billing","medium","closed","Need to add more team members","2025-05-12 10:12:27","2025-05-12 20:12:27","2025-05-15 14:12:27",NULL,False,"onboarding, mobile"
1867,961,NULL,"security","high","closed","Permission settings not saving","2024-12-02 09:00:21","2024-12-02 11:00:21","2024-12-06 09:00:21",4,False,"feature"
1868,905,NULL,"account","medium","closed","Account merge request","2025-07-20 02:49:18","2025-07-22 16:49:18","2025-07-28 21:49:18",4,False,"technical"
1869,386,4898,"account","low","open","SSO configuration help needed","2024-09-08 12:30:02",NULL,NULL,NULL,False,"technical,integration,billing"
1870,374,4776,"api","high","waiting_on_customer","API rate limiting issues","2025-08-18 10:17:57","2025-08-18 20:17:57",NULL,NULL,False,"api"
1871,281,3836,"feature_request","low","closed","White label logo not displaying","2025-02-20 23:53:24","2025-02-22 20:53:24","2025-03-01 18:53:24",4,False,NULL
1872,759,NULL,"data_export","low","waiting_on_customer","Account merge request","2025-10-18 17:28:09","2025-10-19 02:28:09",NULL,NULL,False,"training;bug;sso"
1873,679,NULL,"integration","low","closed","Feature request: dark mode","2024-03-23 03:13:28","2024-03-25 07:13:28","2024-03-29 19:13:28",4,False,"ux,documentation,billing"
1874,753,NULL,"security","medium","closed","Cannot downgrade plan","2023-08-11 12:15:28","2023-08-13 06:15:28","2023-08-20 05:15:28",NULL,False,"integration,migration"
1875,420,5324,"security","medium","in_progress","Slow loading on project boards","2025-05-04 02:10:23","2025-05-06 13:10:23",NULL,NULL,False,NULL
1876,232,3282,"api","medium","open","Need help with API authentication","2024-11-25 18:51:21",NULL,NULL,NULL,False,"performance, billing"
1877,627,8041,"feature_request","high","waiting_on_customer","Report generation timeout","2025-04-02 17:39:24","2025-04-02 21:39:24",NULL,NULL,False,"security"
1878,425,5392,"onboarding","low","closed","Data import from CSV failing","2025-08-13 20:24:50","2025-08-16 02:24:50","2025-08-21 22:24:50",4,False,"performance,migration,urgent"
1879,600,7723,"account","critical","resolved","Audit log access denied","2024-09-11 06:04:12","2024-09-11 07:12:12","2024-09-13 18:12:12",4,False,"security;technical;enterprise;onboarding"
1880,617,7847,"billing","low","open","Report generation timeout","2025-10-10 20:48:56",NULL,NULL,NULL,False,NULL
1881,630,8118,"feature_request","high","in_progress","Feature request: dark mode","2025-07-26 04:23:41","2025-07-26 07:23:41",NULL,NULL,False,"feature;feature"
1882,227,3202,"api","high","open","White label logo not displaying","2024-04-02 17:09:06",NULL,NULL,NULL,False,"gdpr;bug;security"
1883,1143,NULL,"api","high","in_progress","Time tracking sync issues","2025-10-13 19:04:00","2025-10-13 23:04:00",NULL,NULL,False,"urgent;onboarding;sso;mobile"
1884,273,3792,"data_export","low","open","Report generation timeout","2024-05-23 04:41:14",NULL,NULL,NULL,False,NULL
1885,960,NULL,"integration","critical","in_progress","Custom workflow automation broken","2025-09-14 01:58:34","2025-09-14 02:16:34",NULL,NULL,False,"gdpr, bug, migration, sso"
1886,868,NULL,"feature_request","medium","closed","Audit log access denied","2025-10-27 10:26:03","2025-10-30 04:26:03","2025-11-01 10:26:03",NULL,False,"enterprise;billing"
1887,326,4191,"billing","medium","in_progress","GDPR data export request","2025-02-03 01:44:00","2025-02-05 11:44:00",NULL,NULL,False,"feature , documentation , ux"
1888,494,6250,"api","critical","waiting_on_customer","Cannot login to dashboard","2025-02-04 03:42:56","2025-02-04 05:28:56",NULL,NULL,False,"security"
1889,206,2910,"data_export","low","in_progress","Custom workflow automation broken","2024-03-15 12:59:33","2024-03-15 18:59:33",NULL,NULL,False,"billing, urgent"
1890,748,NULL,"integration","medium","open","Cannot downgrade plan","2025-04-17 05:14:41",NULL,NULL,NULL,False,"mobile"
1891,747,NULL,"billing","medium","in_progress","Report generation timeout","2025-03-29 17:44:39","2025-03-29 22:44:39",NULL,NULL,False,"export , api , ux"
1892,601,7729,"feature_request","low","in_progress","Need to add more team members","2024-12-02 23:21:55","2024-12-03 13:21:55",NULL,NULL,False,"ux, onboarding"
1893,338,4320,"performance","low","in_progress","Report generation timeout","2023-10-27 08:54:24","2023-10-28 14:54:24",NULL,NULL,False,NULL
1894,452,5821,"billing","low","resolved","Custom workflow automation broken","2023-12-12 23:28:40","2023-12-15 01:28:40","2023-12-17 00:28:40",4,False,"api,api"
1895,100,1480,"billing","medium","waiting_on_customer","GDPR data export request","2025-08-19 02:59:08","2025-08-20 00:59:08",NULL,NULL,False,"security, performance, security"
1896,465,6025,"account","medium","in_progress","Cannot login to dashboard","2025-08-29 10:02:03","2025-08-31 22:02:03",NULL,NULL,False,NULL
1897,258,3573,"account","low","closed","Need to add more team members","2025-07-02 12:17:10","2025-07-04 08:17:10","2025-07-10 09:17:10",5,False,"bug , training , ux , migration"
1898,255,3547,"data_export","medium","in_progress","Report generation timeout","2024-09-12 14:37:16","2024-09-15 08:37:16",NULL,NULL,False,"gdpr"
1899,356,4567,"feature_request","low","closed","Account merge request","2025-05-23 08:34:31","2025-05-23 20:34:31","2025-05-25 22:34:31",5,False,"migration,bug,enterprise"
1900,34,643,"technical","medium","closed","Integration with Slack not working","2025-03-14 12:55:52","2025-03-17 01:55:52","2025-03-23 08:55:52",4,False,"bug;urgent;sso;feature;bug"
1901,24,476,"technical","medium","waiting_on_customer","Export failing for large datasets","2025-06-29 03:17:55","2025-07-01 05:17:55",NULL,NULL,False,"security"
1902,551,7033,"onboarding","medium","in_progress","Gantt chart not rendering correctly","2025-09-27 07:11:54","2025-09-27 15:11:54",NULL,NULL,False,NULL
1903,934,NULL,"performance","medium","open","API rate limiting issues","2025-02-28 22:42:44",NULL,NULL,NULL,False,"gdpr , billing , migration , api"
1904,891,NULL,"integration","high","waiting_on_customer","Billing discrepancy on latest invoice","2025-07-15 04:54:54","2025-07-15 09:54:54",NULL,NULL,True,"security,export"
1905,711,NULL,"technical","critical","waiting_on_customer","Data import from CSV failing","2025-04-16 23:50:24","2025-04-17 01:23:24",NULL,NULL,False,"ux,bug,enterprise,urgent"
1906,606,7779,"account","high","waiting_on_customer","Data import from CSV failing","2025-03-15 07:07:46","2025-03-15 17:07:46",NULL,NULL,False,"mobile;documentation;export;feature"
1907,1066,NULL,"billing","low","waiting_on_customer","Need to add more team members","2024-04-14 19:31:22","2024-04-17 12:31:22",NULL,NULL,False,"sso, bug, integration"
1908,176,2570,"api","critical","closed","Audit log access denied","2023-12-26 04:04:59","2023-12-26 04:56:59","2023-12-26 19:56:59",NULL,False,"performance, integration"
1909,179,2605,"security","low","in_progress","Time tracking sync issues","2025-06-25 22:31:49","2025-06-26 19:31:49",NULL,NULL,False,"api;documentation;feature;export;api"
1910,307,4074,"feature_request","low","closed","Data import from CSV failing","2025-02-24 08:48:49","2025-02-26 20:48:49","2025-02-27 08:48:49",4,False,NULL
1911,1188,NULL,"account","high","waiting_on_customer","Feature request: dark mode","2025-01-01 19:56:50","2025-01-02 01:56:50",NULL,NULL,False,NULL
1912,607,7789,"security","high","resolved","Custom workflow automation broken","2025-05-01 16:18:02","2025-05-02 02:18:02","2025-05-07 02:18:02",5,False,"documentation;mobile;billing;ux"
1913,635,8141,"onboarding","low","closed","Cannot login to dashboard","2024-01-26 10:57:29","2024-01-28 16:57:29","2024-01-30 01:57:29",NULL,False,"urgent, api"
1914,499,6331,"integration","low","waiting_on_customer","White label logo not displaying","2024-06-02 03:03:48","2024-06-02 10:03:48",NULL,NULL,False,"sso , export , training , bug"
1915,230,3245,"onboarding","high","open","Permission settings not saving","2023-07-12 10:53:14",NULL,NULL,NULL,True,"feature"
1916,891,NULL,"onboarding","high","closed","Integration with Slack not working","2025-05-13 02:22:56","2025-05-13 03:22:56","2025-05-15 13:22:56",4,False,"ux , technical , bug , ux"
1917,1121,NULL,"api","high","in_progress","SSO configuration help needed","2024-09-15 01:04:42","2024-09-15 13:04:42",NULL,NULL,False,"sso"
1918,457,5874,"onboarding","low","open","Feature request: dark mode","2025-09-28 04:04:36",NULL,NULL,NULL,False,"integration , gdpr"
1919,1142,NULL,"integration","low","waiting_on_customer","Audit log access denied","2025-01-29 14:37:23","2025-02-01 02:37:23",NULL,NULL,False,"api, api"
1920,217,3126,"performance","low","waiting_on_customer","White label logo not displaying","2025-07-16 00:07:17","2025-07-18 10:07:17",NULL,NULL,False,"security , integration , export"
1921,1134,NULL,"api","low","open","Time tracking sync issues","2024-02-15 23:49:23",NULL,NULL,NULL,False,"gdpr , urgent , billing"
1922,620,7878,"integration","medium","in_progress","SSO configuration help needed","2025-06-17 08:17:17","2025-06-20 07:17:17",NULL,NULL,False,NULL
1923,79,1229,"technical","medium","open","Duplicate notifications being sent","2025-09-06 23:07:28",NULL,NULL,NULL,False,"enterprise , enterprise"
1924,984,NULL,"security","medium","closed","Need help with API authentication","2025-09-25 02:36:45","2025-09-26 09:36:45","2025-10-03 07:36:45",NULL,False,NULL
1925,1128,NULL,"security","medium","resolved","GDPR data export request","2024-03-27 13:54:55","2024-03-28 23:54:55","2024-04-03 21:54:55",5,False,"security, enterprise, urgent"
1926,367,4705,"performance","medium","open","GDPR data export request","2025-01-09 21:15:26",NULL,NULL,NULL,False,"performance , gdpr"
1927,174,2556,"performance","high","in_progress","Export failing for large datasets","2025-03-15 09:56:10","2025-03-15 13:56:10",NULL,NULL,False,NULL
1928,771,NULL,"onboarding","low","resolved","Permission settings not saving","2024-06-04 13:19:16","2024-06-05 03:19:16","2024-06-08 00:19:16",4,False,"performance,mobile,billing"
1929,232,3296,"security","medium","closed","Cannot downgrade plan","2025-03-20 19:15:10","2025-03-20 23:15:10","2025-03-26 08:15:10",5,False,"ux"
1930,209,3005,"integration","critical","waiting_on_customer","Integration with Slack not working","2025-03-28 18:18:51","2025-03-28 20:18:51",NULL,NULL,False,"feature"
1931,960,NULL,"account","low","in_progress","Slow loading on project boards","2025-08-09 22:27:24","2025-08-11 10:27:24",NULL,NULL,False,"documentation , documentation"
1932,146,2144,"technical","low","in_progress","Mobile app crashes on Android","2024-08-30 12:55:13","2024-09-02 02:55:13",NULL,NULL,False,"security,mobile,export,migration"
1933,989,NULL,"account","critical","waiting_on_customer","White label logo not displaying","2024-06-20 14:05:18","2024-06-20 14:20:18",NULL,NULL,False,"documentation"
1934,242,3416,"security","medium","open","Cannot downgrade plan","2024-12-12 17:44:22",NULL,NULL,NULL,False,NULL
1935,308,4087,"api","low","closed","Mobile app crashes on Android","2025-01-25 08:30:13","2025-01-28 04:30:13","2025-02-02 07:30:13",2,False,"technical , documentation"
1936,179,2605,"security","medium","in_progress","Report generation timeout","2025-07-14 17:33:02","2025-07-15 17:33:02",NULL,NULL,False,"feature , urgent"
1937,245,3445,"api","high","waiting_on_customer","White label logo not displaying","2025-07-06 08:09:37","2025-07-06 18:09:37",NULL,NULL,True,"technical"
1938,391,4919,"technical","low","closed","Audit log access denied","2025-05-29 21:07:52","2025-05-30 20:07:52","2025-06-05 17:07:52",NULL,False,"documentation , ux , gdpr , security"
1939,85,1303,"feature_request","low","waiting_on_customer","API rate limiting issues","2024-02-16 07:19:51","2024-02-17 09:19:51",NULL,NULL,False,"bug"
1940,840,NULL,"integration","medium","waiting_on_customer","Cannot login to dashboard","2023-07-14 19:24:18","2023-07-15 20:24:18",NULL,NULL,False,"enterprise , onboarding , ux"
1941,1145,NULL,"feature_request","medium","waiting_on_customer","Account merge request","2025-02-24 13:47:48","2025-02-27 06:47:48",NULL,NULL,False,NULL
2109,171,2507,"billing","high","open","Custom workflow automation broken","2024-03-28 01:03:09",NULL,NULL,NULL,False,NULL
1942,875,NULL,"data_export","medium","closed","White label logo not displaying","2023-10-08 18:15:24","2023-10-09 07:15:24","2023-10-09 16:15:24",NULL,False,"security , gdpr , bug , migration"
1943,53,870,"security","critical","closed","Billing discrepancy on latest invoice","2024-10-07 03:58:48","2024-10-07 04:15:48","2024-10-11 15:15:48",4,False,"training"
1944,902,NULL,"onboarding","medium","in_progress","Audit log access denied","2024-04-13 21:19:02","2024-04-16 11:19:02",NULL,NULL,False,"security , billing"
1945,505,6414,"security","low","waiting_on_customer","White label logo not displaying","2025-02-01 01:09:04","2025-02-03 01:09:04",NULL,NULL,False,"urgent,documentation,onboarding,sso"
1946,526,6697,"integration","high","open","Feature request: dark mode","2024-08-09 15:24:38",NULL,NULL,NULL,True,"enterprise;bug"
1947,645,8352,"performance","medium","resolved","Webhook delivery failures","2025-04-29 11:09:17","2025-04-30 04:09:17","2025-05-02 05:09:17",3,False,"sso;billing;documentation"
1948,243,3432,"integration","medium","waiting_on_customer","Permission settings not saving","2025-03-05 03:36:45","2025-03-07 16:36:45",NULL,NULL,False,"urgent , sso"
1949,632,8125,"feature_request","medium","resolved","Audit log access denied","2025-05-27 02:33:57","2025-05-27 09:33:57","2025-06-02 13:33:57",3,False,"export;onboarding;bug;ux"
1950,535,6801,"feature_request","high","waiting_on_customer","Need to add more team members","2025-07-22 17:48:18","2025-07-23 05:48:18",NULL,NULL,True,NULL
1951,387,4901,"billing","medium","closed","Need help with API authentication","2025-05-08 23:20:09","2025-05-11 14:20:09","2025-05-12 15:20:09",NULL,False,"api"
1952,970,NULL,"technical","medium","waiting_on_customer","Audit log access denied","2023-09-24 05:37:32","2023-09-26 17:37:32",NULL,NULL,False,"documentation , sso"
1953,585,7559,"api","high","closed","GDPR data export request","2025-06-03 09:52:04","2025-06-03 15:52:04","2025-06-09 03:52:04",4,False,"mobile;billing;urgent;migration"
1954,180,2611,"performance","low","closed","Audit log access denied","2024-05-18 01:30:25","2024-05-20 04:30:25","2024-05-23 13:30:25",2,False,"documentation;sso;performance;feature"
1955,791,NULL,"performance","medium","closed","Time tracking sync issues","2025-08-30 19:37:20","2025-08-31 03:37:20","2025-09-05 00:37:20",5,False,"sso, training"
1956,1094,NULL,"api","critical","in_progress","SSO configuration help needed","2025-05-09 07:38:23","2025-05-09 07:57:23",NULL,NULL,True,"enterprise"
1957,922,NULL,"integration","low","in_progress","Report generation timeout","2024-12-25 03:51:46","2024-12-25 06:51:46",NULL,NULL,False,"export"
1958,879,NULL,"integration","low","closed","Billing discrepancy on latest invoice","2025-04-17 18:48:36","2025-04-17 22:48:36","2025-04-20 00:48:36",1,False,"migration;training;sso"
1959,707,NULL,"account","medium","waiting_on_customer","Cannot downgrade plan","2023-09-09 15:24:25","2023-09-11 05:24:25",NULL,NULL,False,"bug, feature, enterprise, performance"
1960,40,696,"technical","low","resolved","Export failing for large datasets","2025-03-24 04:38:02","2025-03-26 01:38:02","2025-04-01 06:38:02",3,False,"documentation"
1961,115,1628,"data_export","high","closed","Slow loading on project boards","2025-08-09 23:11:55","2025-08-10 11:11:55","2025-08-10 18:11:55",NULL,False,"feature;gdpr;urgent"
1962,775,NULL,"feature_request","medium","in_progress","Cannot login to dashboard","2023-08-13 18:56:36","2023-08-14 09:56:36",NULL,NULL,False,"urgent;feature;integration"
1963,385,4879,"technical","medium","open","Cannot login to dashboard","2024-10-25 13:28:58",NULL,NULL,NULL,False,"enterprise"
1964,591,7609,"feature_request","critical","in_progress","Integration with Slack not working","2024-10-25 20:33:39","2024-10-25 21:07:39",NULL,NULL,False,NULL
1965,20,400,"data_export","high","open","GDPR data export request","2025-08-11 12:17:25",NULL,NULL,NULL,False,NULL
1966,56,922,"data_export","medium","closed","Duplicate notifications being sent","2025-05-16 13:27:35","2025-05-17 06:27:35","2025-05-23 17:27:35",NULL,False,"gdpr"
1967,797,NULL,"data_export","low","open","Integration with Slack not working","2025-06-13 03:38:13",NULL,NULL,NULL,False,"billing"
1968,660,8486,"data_export","medium","resolved","Time tracking sync issues","2023-08-15 17:59:39","2023-08-17 01:59:39","2023-08-19 19:59:39",2,False,NULL
1969,706,NULL,"performance","medium","waiting_on_customer","Data import from CSV failing","2025-08-19 10:50:40","2025-08-21 22:50:40",NULL,NULL,False,"technical;urgent;enterprise;bug"
1970,985,NULL,"feature_request","high","in_progress","GDPR data export request","2025-09-22 14:39:09","2025-09-22 16:39:09",NULL,NULL,False,NULL
1971,761,NULL,"billing","low","waiting_on_customer","Export failing for large datasets","2025-07-01 03:14:23","2025-07-02 20:14:23",NULL,NULL,False,"mobile , performance , migration , security"
1972,993,NULL,"account","medium","resolved","API rate limiting issues","2025-09-17 20:06:05","2025-09-18 00:06:05","2025-09-24 12:06:05",4,False,"sso,ux,billing,urgent"
1973,508,6444,"security","medium","waiting_on_customer","API rate limiting issues","2025-10-28 19:42:17","2025-10-30 05:42:17",NULL,NULL,False,"sso"
1974,1098,NULL,"performance","low","open","Slow loading on project boards","2025-03-25 17:14:29",NULL,NULL,NULL,False,"mobile"
1975,533,6772,"api","medium","closed","Duplicate notifications being sent","2025-10-13 08:01:04","2025-10-13 21:01:04","2025-10-18 03:01:04",5,False,"feature;urgent;enterprise;technical"
1976,882,NULL,"account","low","closed","Slow loading on project boards","2025-05-27 22:21:18","2025-05-30 03:21:18","2025-06-01 01:21:18",NULL,False,"sso;urgent"
1977,174,2555,"data_export","high","closed","Integration with Slack not working","2025-08-08 12:52:45","2025-08-08 17:52:45","2025-08-10 16:52:45",NULL,False,"migration,urgent,sso,billing,migration"
1978,456,5854,"feature_request","low","open","Cannot login to dashboard","2025-08-06 12:54:58",NULL,NULL,NULL,False,"api, mobile, training"
1979,311,4108,"onboarding","medium","waiting_on_customer","Export failing for large datasets","2025-04-19 17:50:05","2025-04-22 07:50:05",NULL,NULL,False,"performance"
1980,767,NULL,"billing","low","closed","White label logo not displaying","2024-11-16 01:41:32","2024-11-16 08:41:32","2024-11-18 04:41:32",NULL,False,NULL
1981,409,5181,"onboarding","low","open","Data import from CSV failing","2024-06-17 23:52:39",NULL,NULL,NULL,False,NULL
1982,288,3929,"onboarding","medium","open","Export failing for large datasets","2024-02-24 17:46:56",NULL,NULL,NULL,False,"enterprise,onboarding,feature,enterprise"
1983,346,4385,"account","low","resolved","Custom workflow automation broken","2025-07-19 03:54:43","2025-07-21 09:54:43","2025-07-22 19:54:43",3,False,"bug"
1984,261,3637,"billing","medium","open","Permission settings not saving","2025-04-20 16:30:58",NULL,NULL,NULL,False,"gdpr , bug , performance , documentation"
1985,45,771,"data_export","low","in_progress","Feature request: dark mode","2025-02-01 17:31:40","2025-02-02 12:31:40",NULL,NULL,False,"migration;gdpr;ux;performance;migration"
1986,490,6233,"billing","critical","closed","Feature request: dark mode","2025-10-30 04:21:08","2025-10-30 06:11:08","2025-11-05 12:11:08",4,False,"security"
1987,416,5246,"performance","critical","closed","SSO configuration help needed","2025-10-16 14:46:30","2025-10-16 15:35:30","2025-10-22 06:35:30",3,False,"performance"
1988,1190,NULL,"api","medium","open","SSO configuration help needed","2025-08-10 08:06:24",NULL,NULL,NULL,False,"integration"
1989,195,2758,"account","medium","open","Need to add more team members","2025-07-09 02:05:51",NULL,NULL,NULL,False,"billing,gdpr,api,urgent"
1990,203,2885,"onboarding","low","closed","Integration with Slack not working","2025-08-24 02:21:42","2025-08-26 21:21:42","2025-08-27 05:21:42",3,False,"security , urgent , onboarding , performance , security"
1991,468,6039,"account","medium","in_progress","Data import from CSV failing","2025-08-24 05:24:31","2025-08-26 08:24:31",NULL,NULL,False,"feature , technical , billing , documentation"
1992,785,NULL,"onboarding","medium","in_progress","API rate limiting issues","2025-09-18 01:16:42","2025-09-20 10:16:42",NULL,NULL,False,"ux"
1993,374,4776,"billing","critical","waiting_on_customer","Account merge request","2024-11-10 12:20:05","2024-11-10 14:14:05",NULL,NULL,False,"billing"
1994,1123,NULL,"technical","critical","open","Data import from CSV failing","2025-07-30 18:14:21",NULL,NULL,NULL,True,"export, urgent, export"
1995,1112,NULL,"technical","medium","in_progress","Cannot login to dashboard","2024-03-25 08:31:39","2024-03-26 18:31:39",NULL,NULL,False,NULL
1996,1125,NULL,"account","high","in_progress","Audit log access denied","2025-08-07 19:06:08","2025-08-08 02:06:08",NULL,NULL,False,NULL
1997,919,NULL,"onboarding","high","open","Need to add more team members","2024-11-11 07:58:52",NULL,NULL,NULL,False,"migration,performance,feature,migration"
1998,263,3685,"security","medium","resolved","Time tracking sync issues","2025-09-03 19:39:53","2025-09-04 20:39:53","2025-09-11 13:39:53",5,False,"ux"
1999,731,NULL,"feature_request","critical","open","Cannot login to dashboard","2025-06-27 05:21:50",NULL,NULL,NULL,True,"urgent, billing, integration"
2000,38,679,"feature_request","medium","open","Permission settings not saving","2025-07-15 08:48:36",NULL,NULL,NULL,False,"integration,gdpr"
2001,1189,NULL,"security","high","waiting_on_customer","API rate limiting issues","2024-05-09 09:31:34","2024-05-09 20:31:34",NULL,NULL,False,"security,enterprise,bug,billing"
2002,736,NULL,"performance","medium","in_progress","Report generation timeout","2025-02-23 04:14:52","2025-02-24 22:14:52",NULL,NULL,False,"onboarding, onboarding"
2003,732,NULL,"integration","critical","open","Slow loading on project boards","2025-06-03 12:33:49",NULL,NULL,NULL,True,"ux , api , performance"
2004,503,6400,"billing","high","resolved","Data import from CSV failing","2025-08-21 12:25:50","2025-08-21 15:25:50","2025-08-26 02:25:50",NULL,False,"api, documentation, integration"
2005,325,4190,"billing","medium","in_progress","Data import from CSV failing","2025-04-06 21:25:52","2025-04-07 14:25:52",NULL,NULL,False,"api"
2006,1135,NULL,"onboarding","low","waiting_on_customer","Billing discrepancy on latest invoice","2025-05-07 07:12:57","2025-05-09 14:12:57",NULL,NULL,False,"migration"
2007,717,NULL,"onboarding","high","waiting_on_customer","Billing discrepancy on latest invoice","2025-08-19 10:09:00","2025-08-19 20:09:00",NULL,NULL,True,NULL
2008,1047,NULL,"onboarding","low","resolved","Gantt chart not rendering correctly","2024-06-10 04:31:44","2024-06-10 10:31:44","2024-06-13 22:31:44",4,False,NULL
2009,1016,NULL,"feature_request","high","waiting_on_customer","API rate limiting issues","2024-07-10 22:41:21","2024-07-11 01:41:21",NULL,NULL,False,NULL
2010,747,NULL,"security","low","in_progress","Audit log access denied","2025-02-20 14:58:15","2025-02-22 13:58:15",NULL,NULL,False,NULL
2011,1105,NULL,"onboarding","high","in_progress","Need help with API authentication","2025-06-17 00:15:26","2025-06-17 06:15:26",NULL,NULL,True,"billing,export,onboarding"
2012,759,NULL,"performance","low","open","Webhook delivery failures","2024-07-26 06:22:01",NULL,NULL,NULL,False,"mobile,export,gdpr"
2013,655,8437,"data_export","low","closed","Custom workflow automation broken","2024-09-30 14:35:48","2024-10-01 05:35:48","2024-10-04 13:35:48",2,False,"onboarding,enterprise"
2014,1037,NULL,"data_export","medium","open","Need help with API authentication","2024-12-10 08:23:23",NULL,NULL,NULL,False,"export,bug"
2015,1096,NULL,"billing","medium","in_progress","Cannot login to dashboard","2025-08-05 04:18:11","2025-08-05 17:18:11",NULL,NULL,False,"onboarding;performance"
2016,97,1445,"performance","low","in_progress","Webhook delivery failures","2023-08-22 05:32:10","2023-08-22 12:32:10",NULL,NULL,False,NULL
2017,294,3952,"feature_request","high","open","Audit log access denied","2025-09-17 10:53:59",NULL,NULL,NULL,True,"migration , ux , mobile"
2018,611,7812,"billing","low","closed","Duplicate notifications being sent","2025-01-26 08:54:17","2025-01-28 07:54:17","2025-02-02 06:54:17",NULL,False,"ux , enterprise , onboarding , integration"
2019,385,4893,"integration","critical","waiting_on_customer","Cannot login to dashboard","2025-01-16 11:57:33","2025-01-16 13:37:33",NULL,NULL,True,"ux;sso;documentation"
2020,734,NULL,"data_export","low","waiting_on_customer","Need to add more team members","2024-03-02 09:43:11","2024-03-05 07:43:11",NULL,NULL,False,NULL
2021,246,3450,"performance","high","resolved","Permission settings not saving","2025-08-09 05:48:12","2025-08-09 15:48:12","2025-08-12 16:48:12",NULL,True,"feature, enterprise, migration, feature"
2022,722,NULL,"api","medium","open","Time tracking sync issues","2023-06-15 13:41:21",NULL,NULL,NULL,False,"training;feature"
2023,53,866,"feature_request","low","open","Feature request: dark mode","2025-04-17 08:08:18",NULL,NULL,NULL,False,"performance;mobile"
2024,191,2723,"account","medium","resolved","Duplicate notifications being sent","2024-08-30 03:49:08","2024-08-31 21:49:08","2024-09-01 15:49:08",NULL,False,"integration"
2025,744,NULL,"billing","medium","in_progress","Gantt chart not rendering correctly","2025-07-28 06:18:06","2025-07-30 08:18:06",NULL,NULL,False,NULL
2026,352,4497,"onboarding","medium","waiting_on_customer","Data import from CSV failing","2025-09-14 08:14:31","2025-09-16 15:14:31",NULL,NULL,False,"technical, bug"
2027,94,1425,"billing","medium","resolved","Need to add more team members","2024-12-22 12:08:55","2024-12-24 08:08:55","2024-12-26 21:08:55",5,False,"urgent"
2028,22,461,"technical","medium","open","Feature request: dark mode","2024-09-02 12:35:17",NULL,NULL,NULL,False,"migration, migration"
2029,808,NULL,"security","medium","in_progress","Time tracking sync issues","2024-08-31 11:25:43","2024-09-01 05:25:43",NULL,NULL,False,NULL
2030,584,7544,"security","low","closed","Cannot login to dashboard","2025-09-30 07:55:26","2025-10-01 09:55:26","2025-10-06 02:55:26",NULL,False,"ux , gdpr , billing"
2031,1061,NULL,"technical","medium","waiting_on_customer","Export failing for large datasets","2025-08-21 02:09:46","2025-08-21 11:09:46",NULL,NULL,False,"onboarding"
2032,1118,NULL,"performance","low","in_progress","Permission settings not saving","2025-05-08 15:35:13","2025-05-10 18:35:13",NULL,NULL,False,NULL
2033,1002,NULL,"api","high","in_progress","Report generation timeout","2025-03-06 15:17:19","2025-03-06 20:17:19",NULL,NULL,False,"migration , documentation , bug , technical"
2034,837,NULL,"data_export","high","waiting_on_customer","White label logo not displaying","2024-12-26 12:27:19","2024-12-26 18:27:19",NULL,NULL,False,"bug"
2035,1037,NULL,"performance","medium","in_progress","Mobile app crashes on Android","2025-06-15 03:19:13","2025-06-15 07:19:13",NULL,NULL,False,NULL
2036,471,6055,"integration","critical","in_progress","API rate limiting issues","2025-03-22 15:15:57","2025-03-22 16:56:57",NULL,NULL,False,"performance , gdpr"
2037,9,142,"account","low","resolved","Account merge request","2025-06-30 00:36:24","2025-07-02 00:36:24","2025-07-02 11:36:24",4,False,NULL
2038,719,NULL,"api","low","waiting_on_customer","SSO configuration help needed","2024-10-03 19:10:09","2024-10-05 00:10:09",NULL,NULL,False,"onboarding , migration , sso"
2039,67,1064,"integration","low","resolved","GDPR data export request","2025-08-09 20:50:28","2025-08-12 18:50:28","2025-08-19 07:50:28",NULL,False,"enterprise;sso;gdpr;api;enterprise"
2040,338,4326,"data_export","low","waiting_on_customer","Integration with Slack not working","2025-08-28 22:15:17","2025-08-31 20:15:17",NULL,NULL,False,NULL
2041,186,2686,"onboarding","low","waiting_on_customer","Mobile app crashes on Android","2025-08-27 21:52:38","2025-08-29 13:52:38",NULL,NULL,False,"urgent, training"
2042,853,NULL,"onboarding","medium","waiting_on_customer","White label logo not displaying","2025-04-06 03:19:53","2025-04-09 01:19:53",NULL,NULL,False,"bug"
2043,1076,NULL,"api","medium","closed","Report generation timeout","2025-03-15 07:41:38","2025-03-16 07:41:38","2025-03-19 10:41:38",NULL,False,"technical, security, api, urgent"
2044,162,2348,"feature_request","critical","in_progress","GDPR data export request","2025-01-02 19:42:56","2025-01-02 21:33:56",NULL,NULL,False,"security , performance"
2045,807,NULL,"account","low","closed","Webhook delivery failures","2025-08-14 14:47:23","2025-08-16 20:47:23","2025-08-22 20:47:23",4,False,"bug;training"
2046,822,NULL,"onboarding","low","resolved","Cannot downgrade plan","2024-06-23 18:41:41","2024-06-25 10:41:41","2024-06-25 20:41:41",NULL,False,"documentation , gdpr , performance"
2047,389,4916,"integration","medium","resolved","Data import from CSV failing","2024-09-16 08:02:16","2024-09-16 11:02:16","2024-09-16 12:02:16",NULL,False,"integration,feature"
2048,575,7427,"onboarding","low","closed","GDPR data export request","2024-08-07 03:31:40","2024-08-09 05:31:40","2024-08-14 10:31:40",3,False,"migration , documentation , feature , bug"
2049,931,NULL,"api","medium","in_progress","Feature request: dark mode","2025-10-18 14:20:30","2025-10-19 10:20:30",NULL,NULL,False,"technical"
2050,969,NULL,"technical","high","in_progress","White label logo not displaying","2025-09-28 22:32:27","2025-09-29 00:32:27",NULL,NULL,False,"bug , feature , mobile , documentation"
2051,177,2592,"account","high","closed","Need to add more team members","2025-06-12 09:02:22","2025-06-12 18:02:22","2025-06-19 08:02:22",NULL,False,"bug,mobile,migration"
2052,71,1097,"technical","medium","open","Custom workflow automation broken","2024-09-23 19:52:06",NULL,NULL,NULL,False,"feature,api,performance"
2053,1102,NULL,"performance","medium","open","Need help with API authentication","2024-12-12 01:57:56",NULL,NULL,NULL,False,"training,technical"
2054,883,NULL,"api","medium","waiting_on_customer","Slow loading on project boards","2025-10-06 21:26:04","2025-10-07 08:26:04",NULL,NULL,False,"feature,api"
2055,505,6414,"onboarding","low","resolved","Custom workflow automation broken","2025-04-11 16:46:26","2025-04-13 23:46:26","2025-04-19 10:46:26",4,False,"performance,mobile,integration"
2056,948,NULL,"feature_request","high","waiting_on_customer","Duplicate notifications being sent","2025-07-20 23:27:25","2025-07-21 03:27:25",NULL,NULL,False,"mobile"
2057,1004,NULL,"security","medium","in_progress","Need help with API authentication","2024-06-08 00:15:45","2024-06-08 09:15:45",NULL,NULL,False,"integration, sso, technical"
2058,648,8403,"api","high","in_progress","Export failing for large datasets","2025-09-24 22:59:26","2025-09-25 08:59:26",NULL,NULL,True,"urgent"
2059,635,8157,"security","high","waiting_on_customer","Billing discrepancy on latest invoice","2024-03-28 03:02:40","2024-03-28 11:02:40",NULL,NULL,False,"mobile , onboarding"
2060,623,7934,"security","high","waiting_on_customer","Integration with Slack not working","2024-10-11 10:15:56","2024-10-11 14:15:56",NULL,NULL,True,NULL
2061,1046,NULL,"integration","medium","open","Data import from CSV failing","2025-09-30 01:28:49",NULL,NULL,NULL,False,"gdpr"
2062,1143,NULL,"integration","low","waiting_on_customer","Account merge request","2025-06-17 18:04:54","2025-06-19 04:04:54",NULL,NULL,False,"export,enterprise,feature"
2063,1146,NULL,"security","medium","resolved","Cannot login to dashboard","2025-10-11 19:27:04","2025-10-12 02:27:04","2025-10-14 18:27:04",5,False,"urgent;feature;export"
2064,227,3203,"onboarding","critical","open","Webhook delivery failures","2023-12-31 23:21:07",NULL,NULL,NULL,False,"technical"
2065,172,2516,"feature_request","medium","closed","Data import from CSV failing","2025-02-08 17:53:09","2025-02-11 13:53:09","2025-02-12 09:53:09",NULL,False,"mobile"
2066,1190,NULL,"api","low","open","Permission settings not saving","2025-10-20 17:21:38",NULL,NULL,NULL,False,"enterprise , performance"
2067,454,5827,"security","high","resolved","Feature request: dark mode","2024-08-30 20:27:38","2024-08-31 03:27:38","2024-09-02 02:27:38",3,False,"feature"
2068,693,NULL,"api","low","in_progress","Mobile app crashes on Android","2025-07-12 06:51:42","2025-07-12 16:51:42",NULL,NULL,False,"documentation;training;security"
2069,5,70,"feature_request","medium","waiting_on_customer","Cannot login to dashboard","2024-10-13 03:58:33","2024-10-14 18:58:33",NULL,NULL,False,NULL
2070,594,7639,"feature_request","medium","open","Slow loading on project boards","2025-06-02 19:02:29",NULL,NULL,NULL,False,"urgent,mobile,feature,training"
2071,719,NULL,"account","medium","waiting_on_customer","Need help with API authentication","2025-05-10 01:49:17","2025-05-12 23:49:17",NULL,NULL,False,"integration;migration;sso;integration"
2072,291,3941,"integration","low","open","Cannot login to dashboard","2024-09-10 18:35:57",NULL,NULL,NULL,False,"api"
2073,899,NULL,"feature_request","medium","in_progress","Slow loading on project boards","2023-11-19 09:36:36","2023-11-19 20:36:36",NULL,NULL,False,"urgent, integration"
2074,854,NULL,"data_export","critical","waiting_on_customer","Need to add more team members","2024-01-25 20:51:29","2024-01-25 21:09:29",NULL,NULL,False,"gdpr , enterprise , sso"
2075,289,3934,"data_export","high","waiting_on_customer","Slow loading on project boards","2025-05-19 16:55:07","2025-05-19 21:55:07",NULL,NULL,True,NULL
2076,1079,NULL,"performance","high","waiting_on_customer","Cannot downgrade plan","2025-09-06 13:42:40","2025-09-06 22:42:40",NULL,NULL,False,"feature"
2077,78,1205,"api","low","resolved","Need help with API authentication","2025-02-15 21:21:05","2025-02-17 22:21:05","2025-02-21 10:21:05",2,False,"sso"
2078,710,NULL,"feature_request","medium","in_progress","Need help with API authentication","2025-02-18 02:47:36","2025-02-20 09:47:36",NULL,NULL,False,"billing;sso;documentation"
2079,692,NULL,"performance","critical","in_progress","Webhook delivery failures","2025-09-06 05:29:18","2025-09-06 07:11:18",NULL,NULL,True,"technical"
2080,1196,NULL,"data_export","low","closed","Duplicate notifications being sent","2025-09-17 21:25:39","2025-09-19 15:25:39","2025-09-20 01:25:39",NULL,False,"sso, enterprise"
2081,782,NULL,"integration","medium","waiting_on_customer","Cannot downgrade plan","2025-09-19 20:04:30","2025-09-20 02:04:30",NULL,NULL,False,"integration , technical , migration"
2082,99,1466,"security","low","in_progress","Feature request: dark mode","2025-06-20 14:51:45","2025-06-21 21:51:45",NULL,NULL,False,"gdpr;urgent;api"
2083,468,6039,"security","medium","resolved","GDPR data export request","2025-09-17 19:44:58","2025-09-18 12:44:58","2025-09-20 01:44:58",NULL,False,"api"
2084,398,5069,"onboarding","medium","closed","Duplicate notifications being sent","2025-04-14 11:52:53","2025-04-16 02:52:53","2025-04-19 01:52:53",NULL,False,"technical,security,technical"
2085,1034,NULL,"account","medium","resolved","Integration with Slack not working","2024-11-26 22:34:42","2024-11-27 20:34:42","2024-12-04 04:34:42",4,False,"billing , api , performance"
2086,634,8129,"security","high","waiting_on_customer","API rate limiting issues","2025-09-25 01:31:10","2025-09-25 10:31:10",NULL,NULL,False,"urgent"
2087,379,4821,"billing","low","closed","GDPR data export request","2024-01-06 00:12:41","2024-01-08 00:12:41","2024-01-14 15:12:41",4,False,"documentation,feature,mobile"
2088,550,6990,"technical","high","in_progress","Export failing for large datasets","2024-09-12 00:41:39","2024-09-12 08:41:39",NULL,NULL,False,NULL
2089,777,NULL,"technical","medium","waiting_on_customer","Data import from CSV failing","2024-05-11 06:11:02","2024-05-12 07:11:02",NULL,NULL,False,"training, integration, api"
2090,1096,NULL,"onboarding","medium","open","Permission settings not saving","2025-07-20 09:10:11",NULL,NULL,NULL,False,"gdpr"
2091,738,NULL,"billing","low","open","API rate limiting issues","2025-08-19 00:57:53",NULL,NULL,NULL,False,"onboarding;api;enterprise;migration"
2092,526,6698,"technical","low","open","Duplicate notifications being sent","2023-10-31 08:21:06",NULL,NULL,NULL,False,"billing,migration"
2093,288,3927,"account","medium","waiting_on_customer","Need to add more team members","2024-07-26 11:46:09","2024-07-28 06:46:09",NULL,NULL,False,"feature,sso"
2094,437,5588,"security","medium","open","Duplicate notifications being sent","2025-05-13 10:33:28",NULL,NULL,NULL,False,NULL
2095,746,NULL,"api","low","waiting_on_customer","Duplicate notifications being sent","2025-04-29 08:54:10","2025-04-30 15:54:10",NULL,NULL,False,"integration,feature,urgent,billing,integration"
2096,1140,NULL,"feature_request","medium","waiting_on_customer","Cannot downgrade plan","2024-08-04 18:01:07","2024-08-05 10:01:07",NULL,NULL,False,"onboarding"
2097,1117,NULL,"account","critical","open","Custom workflow automation broken","2025-02-27 04:09:45",NULL,NULL,NULL,False,NULL
2098,1134,NULL,"data_export","medium","closed","Feature request: dark mode","2024-07-09 16:13:41","2024-07-10 22:13:41","2024-07-11 08:13:41",2,False,"documentation,onboarding"
2099,97,1447,"security","low","resolved","Integration with Slack not working","2025-02-14 21:30:30","2025-02-17 11:30:30","2025-02-23 23:30:30",NULL,False,"security,bug,enterprise"
2100,476,6079,"billing","high","in_progress","Audit log access denied","2023-09-16 13:13:50","2023-09-17 01:13:50",NULL,NULL,True,"onboarding;training"
2101,855,NULL,"billing","high","open","White label logo not displaying","2023-09-03 14:48:15",NULL,NULL,NULL,False,NULL
2102,1114,NULL,"onboarding","low","waiting_on_customer","Cannot login to dashboard","2024-01-01 12:42:38","2024-01-02 06:42:38",NULL,NULL,False,"onboarding , sso"
2103,1056,NULL,"integration","medium","in_progress","Feature request: dark mode","2023-06-28 20:08:29","2023-07-01 00:08:29",NULL,NULL,False,"documentation"
2104,343,4347,"api","low","waiting_on_customer","Cannot login to dashboard","2025-02-19 07:52:11","2025-02-21 22:52:11",NULL,NULL,False,"migration;performance;migration"
2105,1103,NULL,"onboarding","low","waiting_on_customer","Time tracking sync issues","2024-07-26 21:53:31","2024-07-29 08:53:31",NULL,NULL,False,NULL
2106,1096,NULL,"account","medium","resolved","Time tracking sync issues","2025-10-16 16:21:40","2025-10-17 19:21:40","2025-10-22 09:21:40",NULL,False,NULL
2107,556,7150,"feature_request","low","waiting_on_customer","Account merge request","2023-09-04 03:38:20","2023-09-04 05:38:20",NULL,NULL,False,"enterprise, api, security, migration"
2108,771,NULL,"billing","low","waiting_on_customer","Feature request: dark mode","2025-10-26 06:05:42","2025-10-27 22:05:42",NULL,NULL,False,"documentation"
2110,395,5037,"security","low","closed","Slow loading on project boards","2025-05-31 11:01:15","2025-06-01 22:01:15","2025-06-05 23:01:15",4,False,"billing,onboarding,documentation,api"
2111,770,NULL,"performance","low","waiting_on_customer","Permission settings not saving","2025-06-30 16:15:17","2025-07-03 01:15:17",NULL,NULL,False,"sso,gdpr,api"
2112,126,1840,"performance","medium","closed","White label logo not displaying","2025-03-15 12:11:40","2025-03-15 22:11:40","2025-03-16 00:11:40",4,False,"mobile,performance,urgent,mobile"
2113,640,8263,"billing","low","open","Duplicate notifications being sent","2025-09-04 23:25:45",NULL,NULL,NULL,False,NULL
2114,943,NULL,"api","high","in_progress","API rate limiting issues","2025-05-01 02:38:05","2025-05-01 03:38:05",NULL,NULL,False,"integration, training, urgent, onboarding"
2115,274,3798,"technical","high","waiting_on_customer","Mobile app crashes on Android","2024-11-11 04:53:35","2024-11-11 15:53:35",NULL,NULL,False,"urgent"
2116,171,2511,"api","medium","waiting_on_customer","Webhook delivery failures","2023-12-01 01:45:27","2023-12-01 09:45:27",NULL,NULL,False,"billing, urgent, integration"
2117,1041,NULL,"data_export","medium","waiting_on_customer","Custom workflow automation broken","2024-03-23 10:35:39","2024-03-25 14:35:39",NULL,NULL,False,"integration"
2118,1023,NULL,"account","high","closed","Duplicate notifications being sent","2025-09-21 19:15:31","2025-09-21 22:15:31","2025-09-21 23:15:31",4,False,NULL
2119,859,NULL,"onboarding","low","resolved","Billing discrepancy on latest invoice","2025-03-25 22:34:52","2025-03-28 08:34:52","2025-03-31 22:34:52",3,False,"performance;mobile;enterprise;ux"
2120,816,NULL,"account","medium","waiting_on_customer","Billing discrepancy on latest invoice","2025-10-10 17:23:06","2025-10-11 05:23:06",NULL,NULL,False,NULL
2121,617,7848,"technical","high","in_progress","Mobile app crashes on Android","2025-09-17 12:23:05","2025-09-17 23:23:05",NULL,NULL,False,NULL
2122,934,NULL,"account","low","in_progress","Integration with Slack not working","2025-03-18 21:20:28","2025-03-21 21:20:28",NULL,NULL,False,NULL
2123,384,4870,"technical","critical","waiting_on_customer","Need to add more team members","2024-10-17 06:21:22","2024-10-17 07:32:22",NULL,NULL,False,"mobile, urgent"
2124,156,2268,"security","low","open","Gantt chart not rendering correctly","2025-02-15 08:58:37",NULL,NULL,NULL,False,"billing,ux,documentation"
2125,317,4137,"performance","low","waiting_on_customer","Duplicate notifications being sent","2025-09-05 19:33:04","2025-09-07 22:33:04",NULL,NULL,False,"sso, ux, export"
2126,458,5910,"billing","medium","resolved","API rate limiting issues","2025-06-22 19:08:17","2025-06-22 22:08:17","2025-06-25 14:08:17",5,False,"urgent"
2127,248,3480,"onboarding","high","in_progress","Need help with API authentication","2025-03-17 14:35:33","2025-03-17 18:35:33",NULL,NULL,True,"bug, sso, export"
2128,993,NULL,"feature_request","high","in_progress","API rate limiting issues","2025-10-25 13:49:21","2025-10-26 01:49:21",NULL,NULL,False,"security"
2129,845,NULL,"onboarding","high","closed","White label logo not displaying","2023-12-08 08:57:49","2023-12-08 19:57:49","2023-12-10 20:57:49",1,False,"sso,integration,export"
2130,898,NULL,"feature_request","medium","open","Report generation timeout","2025-07-08 03:49:04",NULL,NULL,NULL,False,"security, gdpr, technical, billing"
2131,360,4613,"integration","medium","resolved","Gantt chart not rendering correctly","2024-08-18 03:15:25","2024-08-20 22:15:25","2024-08-25 12:15:25",NULL,False,"mobile"
2132,901,NULL,"integration","medium","in_progress","Billing discrepancy on latest invoice","2025-03-25 02:13:01","2025-03-25 15:13:01",NULL,NULL,False,"security, technical, urgent"
2133,274,3798,"account","low","open","Integration with Slack not working","2024-03-01 08:43:55",NULL,NULL,NULL,False,"feature"
2134,1191,NULL,"billing","low","open","Report generation timeout","2025-10-23 22:22:32",NULL,NULL,NULL,False,"onboarding,migration,technical,feature"
2135,216,3121,"performance","medium","resolved","Slow loading on project boards","2025-02-08 16:03:15","2025-02-11 09:03:15","2025-02-13 23:03:15",5,False,"security,technical,bug"
2136,934,NULL,"onboarding","medium","closed","Feature request: dark mode","2025-04-17 14:31:39","2025-04-20 06:31:39","2025-04-23 15:31:39",4,False,"urgent"
2137,560,7168,"api","low","open","Need to add more team members","2025-09-14 14:20:11",NULL,NULL,NULL,False,"security"
2138,373,4774,"api","low","waiting_on_customer","Webhook delivery failures","2025-09-10 18:23:24","2025-09-11 13:23:24",NULL,NULL,False,"feature;enterprise;integration"
2139,1153,NULL,"technical","critical","closed","Slow loading on project boards","2024-12-21 17:06:39","2024-12-21 17:45:39","2024-12-26 12:45:39",NULL,False,NULL
2140,212,3043,"feature_request","low","resolved","Mobile app crashes on Android","2025-07-19 07:55:01","2025-07-20 15:55:01","2025-07-24 14:55:01",4,False,NULL
2141,1106,NULL,"data_export","critical","waiting_on_customer","Account merge request","2024-08-22 15:00:53","2024-08-22 15:43:53",NULL,NULL,True,"sso"
2142,955,NULL,"performance","low","waiting_on_customer","Cannot downgrade plan","2025-09-27 19:36:50","2025-09-28 08:36:50",NULL,NULL,False,"documentation"
2143,613,7828,"feature_request","high","in_progress","Slow loading on project boards","2025-05-19 17:04:42","2025-05-20 02:04:42",NULL,NULL,False,"training , training"
2144,938,NULL,"api","medium","in_progress","Need to add more team members","2024-09-16 22:34:57","2024-09-18 08:34:57",NULL,NULL,False,"onboarding"
2145,886,NULL,"security","medium","resolved","White label logo not displaying","2025-10-06 12:49:44","2025-10-07 16:49:44","2025-10-10 14:49:44",NULL,False,"sso,migration"
2146,942,NULL,"security","high","open","Cannot downgrade plan","2024-08-25 21:02:04",NULL,NULL,NULL,False,"migration, feature, ux"
2147,385,4891,"data_export","high","waiting_on_customer","Need help with API authentication","2025-01-13 09:46:46","2025-01-13 18:46:46",NULL,NULL,False,"sso,api,migration,billing"
2148,189,2717,"onboarding","high","closed","Custom workflow automation broken","2025-10-23 07:32:35","2025-10-23 10:32:35","2025-10-29 13:32:35",2,False,"integration,api,sso"
2149,95,1430,"feature_request","critical","closed","Slow loading on project boards","2025-08-12 05:47:47","2025-08-12 07:16:47","2025-08-17 07:16:47",NULL,False,NULL
2150,260,3632,"feature_request","low","in_progress","Billing discrepancy on latest invoice","2025-06-19 06:07:03","2025-06-20 16:07:03",NULL,NULL,False,"ux;urgent;ux"
2151,155,2258,"technical","medium","resolved","Cannot downgrade plan","2025-09-15 08:18:36","2025-09-17 11:18:36","2025-09-24 07:18:36",NULL,False,"documentation;bug;documentation"
2152,844,NULL,"account","medium","resolved","Custom workflow automation broken","2023-07-19 01:48:16","2023-07-19 14:48:16","2023-07-23 12:48:16",NULL,False,"performance , bug , mobile , export"
2153,906,NULL,"security","medium","open","Billing discrepancy on latest invoice","2024-07-25 13:23:02",NULL,NULL,NULL,False,NULL
2154,1078,NULL,"feature_request","medium","open","Report generation timeout","2024-05-11 05:45:38",NULL,NULL,NULL,False,"security"
2155,740,NULL,"security","medium","waiting_on_customer","Integration with Slack not working","2025-09-04 06:05:24","2025-09-06 10:05:24",NULL,NULL,False,"documentation,feature,mobile,billing"
2156,641,8286,"api","low","waiting_on_customer","Report generation timeout","2023-11-09 17:40:45","2023-11-11 19:40:45",NULL,NULL,False,"technical,billing,api"
2157,160,2338,"data_export","critical","open","White label logo not displaying","2025-09-01 09:15:25",NULL,NULL,NULL,False,"technical;export;enterprise"
2158,42,729,"performance","low","waiting_on_customer","White label logo not displaying","2025-09-14 16:42:53","2025-09-16 23:42:53",NULL,NULL,False,"migration;migration"
2159,50,808,"data_export","low","open","Audit log access denied","2024-10-01 09:58:08",NULL,NULL,NULL,False,"documentation , bug"
2160,460,5943,"onboarding","high","open","Gantt chart not rendering correctly","2025-07-20 05:39:22",NULL,NULL,NULL,False,"security"
2161,372,4768,"feature_request","medium","waiting_on_customer","GDPR data export request","2024-06-15 13:04:12","2024-06-16 21:04:12",NULL,NULL,False,NULL
2162,76,1154,"performance","medium","closed","Custom workflow automation broken","2023-06-11 03:35:52","2023-06-11 12:35:52","2023-06-14 22:35:52",5,False,NULL
2163,192,2734,"account","medium","waiting_on_customer","API rate limiting issues","2025-08-06 06:46:41","2025-08-07 20:46:41",NULL,NULL,False,"sso"
2164,994,NULL,"technical","low","open","Time tracking sync issues","2025-05-09 14:19:01",NULL,NULL,NULL,False,"mobile,urgent,api"
2165,544,6915,"account","low","closed","API rate limiting issues","2025-04-11 12:28:26","2025-04-14 06:28:26","2025-04-17 23:28:26",5,False,"migration;training;integration"
2166,233,3306,"performance","medium","open","Permission settings not saving","2024-05-20 23:58:43",NULL,NULL,NULL,False,"onboarding,performance,documentation"
2167,273,3795,"security","high","resolved","Need help with API authentication","2024-10-30 12:52:41","2024-10-30 19:52:41","2024-11-03 07:52:41",NULL,False,"feature,urgent"
2168,391,4919,"feature_request","critical","in_progress","SSO configuration help needed","2024-09-22 22:26:33","2024-09-22 23:14:33",NULL,NULL,True,"mobile,bug,onboarding,gdpr"
2169,1149,NULL,"security","critical","waiting_on_customer","White label logo not displaying","2025-08-06 07:03:24","2025-08-06 08:28:24",NULL,NULL,False,"bug;ux"
2170,7,100,"performance","critical","closed","Report generation timeout","2024-10-30 00:20:01","2024-10-30 00:57:01","2024-11-01 03:57:01",NULL,True,"ux , performance , technical , ux"
2171,761,NULL,"performance","high","closed","Slow loading on project boards","2025-08-04 23:56:40","2025-08-05 07:56:40","2025-08-07 01:56:40",3,True,"integration"
2172,479,6110,"feature_request","low","open","Feature request: dark mode","2024-09-02 10:31:40",NULL,NULL,NULL,False,"documentation , migration , performance , export"
2173,368,4709,"technical","high","in_progress","Integration with Slack not working","2024-02-12 21:53:25","2024-02-13 02:53:25",NULL,NULL,True,"bug;sso;technical"
2174,1051,NULL,"data_export","medium","resolved","Cannot login to dashboard","2025-01-16 17:28:56","2025-01-17 05:28:56","2025-01-20 00:28:56",1,False,"feature, training, billing, urgent"
2175,1199,NULL,"onboarding","low","resolved","SSO configuration help needed","2024-03-24 05:36:03","2024-03-25 22:36:03","2024-03-29 12:36:03",4,False,NULL
2176,1157,NULL,"technical","low","open","Custom workflow automation broken","2024-08-29 01:25:23",NULL,NULL,NULL,False,"api , documentation , mobile"
2177,164,2361,"integration","medium","in_progress","Slow loading on project boards","2025-08-09 04:07:37","2025-08-10 18:07:37",NULL,NULL,False,"sso,gdpr,performance"
2178,480,6116,"onboarding","high","closed","API rate limiting issues","2024-12-21 20:33:57","2024-12-22 00:33:57","2024-12-25 15:33:57",5,False,"feature,export"
2179,437,5593,"data_export","medium","resolved","Slow loading on project boards","2025-05-31 06:32:30","2025-06-02 15:32:30","2025-06-06 11:32:30",4,False,"onboarding, security, enterprise"
2180,98,1450,"onboarding","medium","in_progress","Cannot login to dashboard","2025-09-19 08:16:12","2025-09-21 08:16:12",NULL,NULL,False,NULL
2181,54,883,"billing","high","waiting_on_customer","Report generation timeout","2025-08-12 22:35:01","2025-08-13 01:35:01",NULL,NULL,True,"technical"
2182,315,4126,"api","medium","closed","SSO configuration help needed","2025-08-04 21:51:25","2025-08-07 21:51:25","2025-08-12 04:51:25",3,False,"migration;sso"
2183,57,931,"billing","medium","open","Cannot downgrade plan","2025-01-07 09:51:26",NULL,NULL,NULL,False,"technical,bug,billing,export"
2184,998,NULL,"feature_request","low","resolved","Mobile app crashes on Android","2024-09-28 23:06:15","2024-10-01 12:06:15","2024-10-03 12:06:15",4,False,"export,security,bug"
2185,471,6055,"data_export","low","open","GDPR data export request","2023-12-30 08:06:41",NULL,NULL,NULL,False,"technical"
2186,894,NULL,"technical","low","resolved","Feature request: dark mode","2025-10-14 06:46:21","2025-10-16 19:46:21","2025-10-19 05:46:21",5,False,NULL
2187,448,5724,"account","low","closed","Custom workflow automation broken","2025-02-28 06:01:31","2025-03-01 15:01:31","2025-03-08 05:01:31",4,False,"urgent,technical,performance"
2188,883,NULL,"api","medium","resolved","Gantt chart not rendering correctly","2025-09-26 11:36:24","2025-09-29 10:36:24","2025-10-05 04:36:24",NULL,False,"documentation;feature;integration"
2189,183,2669,"api","low","closed","Permission settings not saving","2025-08-08 14:10:46","2025-08-09 22:10:46","2025-08-10 09:10:46",5,False,NULL
2190,480,6115,"feature_request","high","waiting_on_customer","White label logo not displaying","2024-10-13 23:23:24","2024-10-14 02:23:24",NULL,NULL,False,"urgent,documentation,migration,technical"
2191,1023,NULL,"feature_request","medium","waiting_on_customer","Data import from CSV failing","2025-10-28 07:30:28","2025-10-30 21:30:28",NULL,NULL,False,"documentation;documentation"
2192,645,8352,"performance","low","closed","Data import from CSV failing","2025-06-09 19:28:47","2025-06-10 06:28:47","2025-06-16 16:28:47",5,False,"performance"
2193,555,7125,"feature_request","high","in_progress","Slow loading on project boards","2024-07-04 11:37:04","2024-07-04 22:37:04",NULL,NULL,False,"bug, migration"
2194,133,1985,"account","low","open","Cannot downgrade plan","2023-10-26 01:23:55",NULL,NULL,NULL,False,NULL
2195,261,3637,"security","high","waiting_on_customer","Cannot login to dashboard","2025-08-31 14:12:46","2025-08-31 21:12:46",NULL,NULL,True,"documentation;gdpr;mobile"
2196,134,1991,"integration","high","in_progress","Duplicate notifications being sent","2025-06-19 21:12:44","2025-06-20 06:12:44",NULL,NULL,True,"api, technical, migration, ux"
2197,657,8464,"security","medium","resolved","Custom workflow automation broken","2025-08-10 23:22:01","2025-08-11 03:22:01","2025-08-17 02:22:01",NULL,False,"performance , ux , gdpr , migration"
2198,849,NULL,"billing","medium","in_progress","Audit log access denied","2024-09-01 11:51:04","2024-09-03 07:51:04",NULL,NULL,False,"training"
2199,1089,NULL,"api","medium","waiting_on_customer","Mobile app crashes on Android","2025-04-04 02:38:01","2025-04-05 13:38:01",NULL,NULL,False,"migration,technical,ux"
2200,955,NULL,"billing","medium","open","White label logo not displaying","2024-12-23 20:36:03",NULL,NULL,NULL,False,"documentation , mobile , security"
2201,878,NULL,"performance","critical","open","API rate limiting issues","2025-02-12 08:49:24",NULL,NULL,NULL,False,"sso, export"
2202,837,NULL,"data_export","medium","in_progress","Mobile app crashes on Android","2024-11-15 06:33:32","2024-11-17 03:33:32",NULL,NULL,False,"training,migration,ux"
2203,247,3453,"integration","medium","waiting_on_customer","Integration with Slack not working","2024-08-22 12:55:15","2024-08-23 16:55:15",NULL,NULL,False,NULL
2204,107,1561,"security","medium","resolved","Time tracking sync issues","2025-08-07 19:32:01","2025-08-10 00:32:01","2025-08-10 03:32:01",3,False,"security,bug,enterprise,feature"
2205,894,NULL,"technical","high","closed","Gantt chart not rendering correctly","2025-07-06 21:07:24","2025-07-07 07:07:24","2025-07-11 20:07:24",NULL,True,"migration,onboarding"
2206,279,3820,"account","medium","in_progress","Permission settings not saving","2025-09-18 02:27:34","2025-09-19 20:27:34",NULL,NULL,False,"enterprise;integration"
2207,987,NULL,"billing","high","open","Data import from CSV failing","2024-04-12 20:48:20",NULL,NULL,NULL,True,"gdpr, security, sso"
2208,514,6566,"account","medium","waiting_on_customer","Account merge request","2024-12-15 14:18:10","2024-12-18 02:18:10",NULL,NULL,False,"mobile, api, training"
2209,713,NULL,"account","critical","waiting_on_customer","Data import from CSV failing","2025-10-02 05:31:11","2025-10-02 07:08:11",NULL,NULL,True,"migration, performance"
2210,327,4197,"security","critical","closed","Data import from CSV failing","2025-02-03 18:49:16","2025-02-03 18:56:16","2025-02-03 23:56:16",NULL,True,"mobile , api , migration , mobile"
2211,184,2684,"onboarding","critical","resolved","Duplicate notifications being sent","2024-07-14 13:51:58","2024-07-14 15:33:58","2024-07-19 08:33:58",NULL,True,"enterprise;urgent;integration;onboarding"
2212,1200,NULL,"performance","medium","open","Data import from CSV failing","2023-12-10 22:14:08",NULL,NULL,NULL,False,"integration,bug"
2213,962,NULL,"account","high","open","Cannot login to dashboard","2025-10-11 01:33:45",NULL,NULL,NULL,False,"technical, technical"
2214,1009,NULL,"api","low","waiting_on_customer","SSO configuration help needed","2025-01-31 14:54:30","2025-02-03 01:54:30",NULL,NULL,False,NULL
2215,208,2968,"feature_request","critical","closed","Export failing for large datasets","2025-05-01 12:50:25","2025-05-01 13:47:25","2025-05-08 11:47:25",2,False,NULL
2216,102,1484,"data_export","medium","waiting_on_customer","White label logo not displaying","2025-08-29 20:56:06","2025-08-30 10:56:06",NULL,NULL,False,"api"
2217,651,8422,"account","medium","closed","Time tracking sync issues","2024-11-30 20:15:16","2024-12-01 18:15:16","2024-12-04 12:15:16",4,False,"enterprise"
2218,23,465,"onboarding","low","in_progress","Audit log access denied","2025-07-10 03:09:15","2025-07-10 22:09:15",NULL,NULL,False,"export,security,billing,training"
2219,510,6477,"billing","critical","closed","Cannot login to dashboard","2025-09-30 04:23:55","2025-09-30 05:43:55","2025-10-06 17:43:55",NULL,False,"sso;onboarding"
2220,1160,NULL,"security","medium","resolved","Billing discrepancy on latest invoice","2025-10-05 12:29:58","2025-10-08 07:29:58","2025-10-15 04:29:58",5,False,"training"
2221,811,NULL,"api","low","waiting_on_customer","Cannot downgrade plan","2023-10-25 05:57:10","2023-10-27 21:57:10",NULL,NULL,False,"api"
2222,845,NULL,"data_export","low","open","Audit log access denied","2023-09-26 01:27:40",NULL,NULL,NULL,False,"security , sso , enterprise"
2223,672,NULL,"data_export","medium","resolved","Duplicate notifications being sent","2023-07-21 12:31:17","2023-07-22 17:31:17","2023-07-25 14:31:17",NULL,False,"integration , feature"
2224,170,2503,"billing","critical","closed","Mobile app crashes on Android","2025-04-02 22:42:26","2025-04-02 23:49:26","2025-04-03 13:49:26",NULL,True,NULL
2225,875,NULL,"feature_request","medium","closed","Custom workflow automation broken","2024-01-27 14:24:10","2024-01-30 01:24:10","2024-02-03 04:24:10",4,False,"ux"
2226,55,918,"account","medium","closed","SSO configuration help needed","2024-02-01 08:36:44","2024-02-02 17:36:44","2024-02-03 15:36:44",2,False,NULL
2227,6,77,"security","high","in_progress","Export failing for large datasets","2025-09-12 08:34:05","2025-09-12 13:34:05",NULL,NULL,False,"onboarding , feature , urgent , gdpr"
2228,555,7114,"billing","medium","closed","Report generation timeout","2025-10-08 15:54:07","2025-10-09 11:54:07","2025-10-12 05:54:07",NULL,False,"migration,documentation"
2229,901,NULL,"data_export","high","in_progress","Mobile app crashes on Android","2024-07-10 08:54:59","2024-07-10 20:54:59",NULL,NULL,True,"enterprise,gdpr"
2230,265,3696,"performance","medium","open","Export failing for large datasets","2024-11-24 06:24:33",NULL,NULL,NULL,False,"onboarding;export"
2231,1147,NULL,"api","high","resolved","Duplicate notifications being sent","2025-09-27 16:07:55","2025-09-28 04:07:55","2025-10-03 07:07:55",4,False,NULL
2232,150,2156,"performance","medium","resolved","Need help with API authentication","2024-01-27 01:13:31","2024-01-29 02:13:31","2024-02-01 23:13:31",5,False,"performance, enterprise"
2233,1001,NULL,"security","low","in_progress","Data import from CSV failing","2025-09-05 05:03:34","2025-09-07 18:03:34",NULL,NULL,False,NULL
2234,840,NULL,"data_export","medium","open","Report generation timeout","2025-01-18 17:01:24",NULL,NULL,NULL,False,"export"
2235,302,4018,"performance","high","closed","Integration with Slack not working","2024-09-20 22:22:04","2024-09-21 03:22:04","2024-09-24 21:22:04",5,False,"urgent"
2236,692,NULL,"api","medium","open","Feature request: dark mode","2024-09-02 12:10:55",NULL,NULL,NULL,False,"documentation;performance;enterprise"
2237,1150,NULL,"data_export","medium","in_progress","Webhook delivery failures","2025-09-19 09:30:44","2025-09-20 06:30:44",NULL,NULL,False,"documentation;performance;ux"
2238,177,2585,"account","high","waiting_on_customer","Account merge request","2025-04-24 16:10:03","2025-04-25 01:10:03",NULL,NULL,False,"onboarding , performance"
2239,280,3822,"security","medium","open","Need to add more team members","2025-07-20 09:29:49",NULL,NULL,NULL,False,"ux, migration"
2240,132,1970,"security","high","open","SSO configuration help needed","2025-05-24 08:25:00",NULL,NULL,NULL,False,"mobile;security;api"
2241,1095,NULL,"technical","medium","in_progress","White label logo not displaying","2025-01-31 12:15:44","2025-02-01 04:15:44",NULL,NULL,False,"enterprise,integration"
2242,643,8328,"api","low","resolved","Export failing for large datasets","2025-08-13 09:35:50","2025-08-15 21:35:50","2025-08-20 05:35:50",NULL,False,NULL
2243,35,656,"data_export","low","resolved","Cannot downgrade plan","2024-05-30 23:12:51","2024-05-31 17:12:51","2024-06-02 12:12:51",5,False,"enterprise , export , documentation , mobile"
2244,721,NULL,"billing","high","in_progress","Export failing for large datasets","2023-12-11 21:20:38","2023-12-12 02:20:38",NULL,NULL,False,"technical , enterprise , bug , performance , technical"
2245,266,3703,"performance","low","resolved","Cannot downgrade plan","2025-01-31 14:06:53","2025-02-02 02:06:53","2025-02-07 04:06:53",NULL,False,"feature, migration, bug"
2246,683,NULL,"integration","high","waiting_on_customer","API rate limiting issues","2024-09-25 10:03:55","2024-09-25 19:03:55",NULL,NULL,True,"urgent,sso,technical,migration"
2247,1173,NULL,"onboarding","low","resolved","Data import from CSV failing","2025-10-09 06:06:35","2025-10-10 11:06:35","2025-10-11 00:06:35",4,False,NULL
2248,882,NULL,"feature_request","high","closed","Feature request: dark mode","2024-12-16 01:36:57","2024-12-16 07:36:57","2024-12-18 19:36:57",NULL,True,"api, documentation"
2249,1000,NULL,"data_export","low","in_progress","Duplicate notifications being sent","2025-04-03 09:07:06","2025-04-05 07:07:06",NULL,NULL,False,"mobile;urgent"
2250,580,7511,"billing","low","waiting_on_customer","Permission settings not saving","2024-06-14 02:08:22","2024-06-14 08:08:22",NULL,NULL,False,"export"
2251,1158,NULL,"billing","critical","resolved","Data import from CSV failing","2024-05-31 08:10:58","2024-05-31 08:31:58","2024-06-03 01:31:58",5,False,"export;technical;billing"
2252,875,NULL,"data_export","low","closed","API rate limiting issues","2025-09-03 17:55:26","2025-09-03 22:55:26","2025-09-07 17:55:26",2,False,"documentation;gdpr;training"
2253,1159,NULL,"data_export","critical","in_progress","Cannot downgrade plan","2025-03-21 16:57:25","2025-03-21 18:19:25",NULL,NULL,True,NULL
2254,757,NULL,"account","high","closed","Billing discrepancy on latest invoice","2025-09-13 01:16:50","2025-09-13 12:16:50","2025-09-18 18:16:50",4,False,"mobile"
2255,243,3432,"integration","low","open","API rate limiting issues","2024-06-20 15:07:18",NULL,NULL,NULL,False,"enterprise , documentation , ux , enterprise"
2256,30,592,"integration","critical","in_progress","API rate limiting issues","2025-06-05 17:23:30","2025-06-05 18:12:30",NULL,NULL,False,"migration"
2257,770,NULL,"feature_request","high","open","Audit log access denied","2023-11-21 08:26:07",NULL,NULL,NULL,False,"enterprise,documentation,migration"
2258,978,NULL,"account","low","open","Data import from CSV failing","2024-12-27 16:15:19",NULL,NULL,NULL,False,"technical,technical"
2259,1136,NULL,"integration","critical","in_progress","Duplicate notifications being sent","2025-10-21 14:24:51","2025-10-21 15:13:51",NULL,NULL,True,"feature"
2260,184,2684,"account","high","waiting_on_customer","Cannot login to dashboard","2023-11-12 10:50:08","2023-11-12 22:50:08",NULL,NULL,True,"migration, feature"
2261,508,6444,"performance","medium","waiting_on_customer","Time tracking sync issues","2025-01-30 02:14:01","2025-02-01 15:14:01",NULL,NULL,False,"performance"
2262,584,7547,"performance","medium","in_progress","Export failing for large datasets","2025-09-16 03:11:18","2025-09-17 19:11:18",NULL,NULL,False,NULL
2263,1155,NULL,"security","medium","closed","Gantt chart not rendering correctly","2025-08-13 21:51:50","2025-08-15 01:51:50","2025-08-20 10:51:50",4,False,NULL
2264,643,8325,"api","medium","open","Slow loading on project boards","2025-10-01 02:32:39",NULL,NULL,NULL,False,"mobile,urgent"
2265,503,6400,"billing","low","in_progress","Need to add more team members","2025-09-24 19:33:37","2025-09-27 14:33:37",NULL,NULL,False,"onboarding,feature,mobile,onboarding"
2266,971,NULL,"account","low","waiting_on_customer","Webhook delivery failures","2025-09-07 12:55:28","2025-09-10 10:55:28",NULL,NULL,False,NULL
2267,749,NULL,"technical","high","in_progress","Feature request: dark mode","2025-09-22 05:27:28","2025-09-22 08:27:28",NULL,NULL,False,"sso, api, bug, billing"
2268,113,1601,"integration","low","in_progress","Export failing for large datasets","2025-03-13 11:22:52","2025-03-15 14:22:52",NULL,NULL,False,NULL
2269,45,768,"data_export","low","resolved","Duplicate notifications being sent","2025-06-04 06:35:00","2025-06-04 19:35:00","2025-06-09 08:35:00",4,False,"enterprise,onboarding,documentation,feature"
2270,1028,NULL,"api","medium","resolved","Need help with API authentication","2025-08-02 06:29:02","2025-08-02 14:29:02","2025-08-06 17:29:02",3,False,"migration;ux;integration"
2271,17,380,"billing","medium","in_progress","Permission settings not saving","2025-03-12 10:47:54","2025-03-12 22:47:54",NULL,NULL,False,NULL
2272,336,4282,"account","low","closed","Webhook delivery failures","2023-11-15 05:16:01","2023-11-15 13:16:01","2023-11-18 06:16:01",3,False,"technical"
2273,599,7722,"api","medium","resolved","GDPR data export request","2025-03-27 01:48:38","2025-03-29 19:48:38","2025-04-05 08:48:38",2,False,"integration,integration"
2274,165,2422,"integration","low","open","GDPR data export request","2025-08-09 22:26:21",NULL,NULL,NULL,False,"technical;documentation;technical"
2275,693,NULL,"billing","critical","open","Permission settings not saving","2025-06-23 07:27:35",NULL,NULL,NULL,False,NULL
2276,232,3304,"integration","medium","in_progress","Time tracking sync issues","2024-04-26 17:48:08","2024-04-28 07:48:08",NULL,NULL,False,"technical,security,feature"
2277,500,6349,"technical","low","in_progress","Duplicate notifications being sent","2025-10-01 06:06:01","2025-10-01 19:06:01",NULL,NULL,False,"security,sso"
2278,1021,NULL,"billing","low","open","Report generation timeout","2024-01-16 22:51:26",NULL,NULL,NULL,False,"onboarding, onboarding"
2279,458,5878,"technical","medium","open","Time tracking sync issues","2025-03-23 07:01:55",NULL,NULL,NULL,False,NULL
2280,79,1217,"technical","low","closed","Data import from CSV failing","2025-03-18 06:13:44","2025-03-18 18:13:44","2025-03-19 12:13:44",3,False,"onboarding"
2281,364,4666,"data_export","medium","open","Data import from CSV failing","2025-09-01 08:48:19",NULL,NULL,NULL,False,"migration , security , urgent , technical"
2282,651,8419,"feature_request","low","open","Gantt chart not rendering correctly","2024-07-11 22:41:39",NULL,NULL,NULL,False,"urgent, security"
2283,761,NULL,"onboarding","medium","resolved","Need to add more team members","2025-09-30 15:12:37","2025-10-02 07:12:37","2025-10-02 08:12:37",2,False,"billing, gdpr, enterprise"
2284,963,NULL,"technical","low","resolved","Report generation timeout","2025-07-16 05:04:15","2025-07-19 01:04:15","2025-07-19 20:04:15",1,False,NULL
2285,761,NULL,"billing","low","waiting_on_customer","Mobile app crashes on Android","2025-10-11 02:55:46","2025-10-13 06:55:46",NULL,NULL,False,"technical, billing, documentation, migration"
2286,553,7048,"integration","critical","in_progress","Permission settings not saving","2024-07-23 23:55:35","2024-07-24 00:32:35",NULL,NULL,False,"ux;api;billing"
2287,743,NULL,"security","high","closed","Export failing for large datasets","2025-03-01 03:39:46","2025-03-01 11:39:46","2025-03-03 13:39:46",NULL,False,NULL
2288,1121,NULL,"technical","high","in_progress","Feature request: dark mode","2025-10-24 07:51:57","2025-10-24 17:51:57",NULL,NULL,False,"enterprise,migration,urgent,gdpr"
2289,837,NULL,"account","medium","closed","Need help with API authentication","2025-10-02 18:24:38","2025-10-03 23:24:38","2025-10-09 15:24:38",NULL,False,"mobile;sso;feature;training"
2290,90,1391,"data_export","medium","resolved","API rate limiting issues","2024-12-30 07:34:30","2024-12-30 20:34:30","2025-01-03 03:34:30",3,False,"onboarding,integration,mobile,billing"
2291,1104,NULL,"performance","medium","closed","Webhook delivery failures","2025-03-12 05:24:57","2025-03-14 04:24:57","2025-03-18 13:24:57",3,False,"integration , security"
2292,515,6567,"onboarding","low","in_progress","Audit log access denied","2025-10-10 07:43:22","2025-10-11 07:43:22",NULL,NULL,False,"mobile"
2293,878,NULL,"security","medium","in_progress","Time tracking sync issues","2024-04-16 05:38:20","2024-04-16 10:38:20",NULL,NULL,False,"migration, documentation, feature"
2294,663,8499,"feature_request","critical","open","Gantt chart not rendering correctly","2025-02-27 15:47:03",NULL,NULL,NULL,False,"onboarding, urgent, onboarding"
2295,876,NULL,"api","medium","closed","Mobile app crashes on Android","2025-02-20 14:34:51","2025-02-21 14:34:51","2025-02-25 01:34:51",4,False,"billing , documentation , sso , gdpr"
2296,309,4100,"security","low","in_progress","SSO configuration help needed","2024-12-02 08:10:04","2024-12-05 08:10:04",NULL,NULL,False,"billing;security"
2297,982,NULL,"account","medium","waiting_on_customer","White label logo not displaying","2024-07-21 22:11:06","2024-07-23 23:11:06",NULL,NULL,False,"onboarding , billing , security"
2298,1194,NULL,"integration","high","open","Mobile app crashes on Android","2025-09-13 09:52:16",NULL,NULL,NULL,False,"integration,urgent,feature"
2299,750,NULL,"api","critical","open","Mobile app crashes on Android","2024-07-23 04:15:20",NULL,NULL,NULL,True,"mobile;technical"
2300,451,5817,"performance","low","waiting_on_customer","White label logo not displaying","2025-09-12 07:58:07","2025-09-13 10:58:07",NULL,NULL,False,"documentation;documentation"
2301,389,4916,"onboarding","low","waiting_on_customer","Data import from CSV failing","2025-03-12 15:00:34","2025-03-14 19:00:34",NULL,NULL,False,"technical;documentation;performance;billing"
2302,676,NULL,"data_export","medium","in_progress","Cannot downgrade plan","2025-03-11 02:56:21","2025-03-11 18:56:21",NULL,NULL,False,"documentation, ux"
2303,1101,NULL,"feature_request","medium","waiting_on_customer","API rate limiting issues","2025-10-18 01:42:29","2025-10-20 00:42:29",NULL,NULL,False,"training, security, bug, gdpr"
2304,857,NULL,"integration","medium","in_progress","Data import from CSV failing","2023-05-28 06:11:21","2023-05-30 02:11:21",NULL,NULL,False,"security , integration , ux"
2305,1196,NULL,"data_export","medium","resolved","Duplicate notifications being sent","2025-04-29 13:32:07","2025-04-30 06:32:07","2025-05-06 19:32:07",NULL,False,NULL
2306,1030,NULL,"data_export","critical","resolved","Webhook delivery failures","2025-07-20 20:01:27","2025-07-20 21:15:27","2025-07-27 04:15:27",4,True,"performance"
2307,166,2430,"api","low","in_progress","API rate limiting issues","2025-07-08 12:44:39","2025-07-09 14:44:39",NULL,NULL,False,"onboarding, api, ux, documentation"
2308,904,NULL,"security","medium","closed","Account merge request","2025-06-06 02:15:00","2025-06-06 14:15:00","2025-06-09 18:15:00",4,False,"security , mobile , integration"
2309,541,6893,"billing","medium","open","Need to add more team members","2025-08-18 19:21:18",NULL,NULL,NULL,False,"bug,sso"
2310,155,2254,"onboarding","medium","resolved","Time tracking sync issues","2025-10-14 18:14:53","2025-10-14 22:14:53","2025-10-21 16:14:53",2,False,"technical"
2311,311,4113,"billing","low","resolved","Report generation timeout","2024-08-11 19:48:04","2024-08-14 05:48:04","2024-08-14 10:48:04",NULL,False,NULL
2312,578,7491,"account","low","resolved","Gantt chart not rendering correctly","2025-03-09 20:15:49","2025-03-11 00:15:49","2025-03-13 04:15:49",3,False,"technical;gdpr;integration"
2313,452,5821,"data_export","high","resolved","SSO configuration help needed","2025-02-08 05:17:31","2025-02-08 09:17:31","2025-02-15 06:17:31",NULL,False,NULL
2314,309,4101,"account","low","in_progress","White label logo not displaying","2025-09-12 18:41:20","2025-09-15 17:41:20",NULL,NULL,False,"training , security , technical"
2315,713,NULL,"performance","medium","resolved","Webhook delivery failures","2025-09-10 19:03:55","2025-09-11 10:03:55","2025-09-15 07:03:55",5,False,"feature , feature"
2316,528,6705,"account","low","waiting_on_customer","Cannot downgrade plan","2024-08-29 07:09:01","2024-08-31 09:09:01",NULL,NULL,False,NULL
2317,688,NULL,"data_export","low","in_progress","Cannot downgrade plan","2025-04-28 10:46:35","2025-04-29 03:46:35",NULL,NULL,False,"technical,sso,migration,technical"
2318,1144,NULL,"feature_request","critical","closed","API rate limiting issues","2024-04-04 08:09:16","2024-04-04 09:11:16","2024-04-09 22:11:16",4,False,"enterprise"
2319,883,NULL,"security","low","in_progress","Need help with API authentication","2025-10-23 04:52:42","2025-10-23 07:52:42",NULL,NULL,False,NULL
2320,1038,NULL,"account","critical","waiting_on_customer","Audit log access denied","2025-03-10 02:58:18","2025-03-10 03:19:18",NULL,NULL,False,"security;billing;documentation"
2321,124,1799,"feature_request","medium","waiting_on_customer","GDPR data export request","2025-06-16 03:31:18","2025-06-18 03:31:18",NULL,NULL,False,"enterprise"
2322,10,181,"account","medium","in_progress","Data import from CSV failing","2025-04-27 18:35:39","2025-04-29 17:35:39",NULL,NULL,False,"urgent;gdpr;billing;training"
2323,186,2686,"security","medium","waiting_on_customer","Data import from CSV failing","2024-02-07 22:52:58","2024-02-10 09:52:58",NULL,NULL,False,"sso, onboarding, gdpr, sso"
2324,573,7378,"integration","high","open","Audit log access denied","2024-12-23 12:15:28",NULL,NULL,NULL,False,"feature;integration;gdpr;technical"
2325,474,6073,"data_export","medium","open","Gantt chart not rendering correctly","2025-02-17 14:08:34",NULL,NULL,NULL,False,"security, gdpr, onboarding, migration, security"
2326,945,NULL,"data_export","medium","closed","Permission settings not saving","2024-12-03 04:15:33","2024-12-05 20:15:33","2024-12-08 16:15:33",5,False,"migration,feature"
2327,925,NULL,"security","medium","open","Need help with API authentication","2025-04-21 06:24:36",NULL,NULL,NULL,False,"sso"
2328,30,594,"integration","high","closed","API rate limiting issues","2024-07-17 03:38:07","2024-07-17 04:38:07","2024-07-23 10:38:07",NULL,False,"gdpr , billing , export"
2329,1066,NULL,"billing","low","open","Cannot login to dashboard","2024-03-18 01:35:34",NULL,NULL,NULL,False,"billing"
2330,397,5063,"integration","high","closed","Audit log access denied","2025-09-30 19:49:13","2025-10-01 02:49:13","2025-10-07 15:49:13",NULL,False,NULL
2331,474,6071,"integration","low","in_progress","Mobile app crashes on Android","2025-06-12 06:37:32","2025-06-14 19:37:32",NULL,NULL,False,NULL
2332,1106,NULL,"api","low","in_progress","Custom workflow automation broken","2023-11-14 05:27:56","2023-11-15 08:27:56",NULL,NULL,False,NULL
2333,42,736,"billing","low","waiting_on_customer","SSO configuration help needed","2025-10-28 07:18:37","2025-10-29 07:18:37",NULL,NULL,False,"performance;export;api"
2334,779,NULL,"feature_request","medium","in_progress","Need to add more team members","2025-05-27 17:22:03","2025-05-29 23:22:03",NULL,NULL,False,"urgent"
2335,639,8228,"data_export","low","open","Feature request: dark mode","2025-09-22 13:11:59",NULL,NULL,NULL,False,"billing , export , integration , enterprise"
2336,69,1079,"security","medium","open","Report generation timeout","2023-11-04 08:08:56",NULL,NULL,NULL,False,"security,training,integration,bug,security"
2337,1085,NULL,"feature_request","medium","open","Integration with Slack not working","2025-10-22 19:57:54",NULL,NULL,NULL,False,"technical,billing,api,onboarding"
2338,319,4152,"onboarding","critical","resolved","Need help with API authentication","2024-03-23 18:12:05","2024-03-23 18:59:05","2024-03-29 21:59:05",5,False,"gdpr,api,export"
2339,1058,NULL,"integration","medium","closed","Webhook delivery failures","2025-07-30 10:25:03","2025-08-01 23:25:03","2025-08-03 13:25:03",NULL,False,"billing , gdpr , urgent"
2340,349,4484,"api","medium","resolved","GDPR data export request","2025-03-03 08:54:43","2025-03-05 08:54:43","2025-03-07 20:54:43",NULL,False,NULL
2341,1055,NULL,"integration","low","resolved","Billing discrepancy on latest invoice","2024-12-26 04:18:11","2024-12-27 22:18:11","2024-12-31 05:18:11",NULL,False,"enterprise , training , onboarding , bug"
2342,967,NULL,"data_export","low","closed","Permission settings not saving","2025-04-21 20:00:06","2025-04-24 07:00:06","2025-04-26 22:00:06",NULL,False,NULL
2343,534,6779,"technical","high","in_progress","Gantt chart not rendering correctly","2025-01-12 12:29:10","2025-01-12 16:29:10",NULL,NULL,False,NULL
2344,208,2964,"onboarding","low","resolved","Duplicate notifications being sent","2025-03-25 17:59:33","2025-03-28 16:59:33","2025-03-29 22:59:33",3,False,"feature;gdpr;enterprise;migration;feature"
2345,4,47,"data_export","low","closed","GDPR data export request","2025-10-20 14:11:42","2025-10-22 15:11:42","2025-10-27 00:11:42",4,False,"enterprise,enterprise"
2346,1053,NULL,"performance","low","closed","API rate limiting issues","2025-02-01 14:31:20","2025-02-03 22:31:20","2025-02-04 03:31:20",4,False,"sso"
2347,309,4102,"billing","medium","open","GDPR data export request","2025-02-06 19:33:46",NULL,NULL,NULL,False,"api"
2348,807,NULL,"security","high","waiting_on_customer","Gantt chart not rendering correctly","2024-10-12 04:27:21","2024-10-12 09:27:21",NULL,NULL,False,"feature,enterprise,ux,documentation"
2349,857,NULL,"account","medium","open","Need help with API authentication","2024-03-30 06:42:43",NULL,NULL,NULL,False,"feature"
2350,1074,NULL,"data_export","low","resolved","White label logo not displaying","2023-10-15 20:37:54","2023-10-17 14:37:54","2023-10-22 03:37:54",NULL,False,"export , billing , feature , migration"
2351,1095,NULL,"feature_request","low","open","Export failing for large datasets","2025-04-09 20:01:38",NULL,NULL,NULL,False,"billing;security"
2352,301,4013,"onboarding","medium","open","Need to add more team members","2024-06-26 12:03:00",NULL,NULL,NULL,False,"documentation,export,performance"
2353,109,1564,"performance","low","waiting_on_customer","Slow loading on project boards","2025-03-13 09:58:38","2025-03-14 19:58:38",NULL,NULL,False,NULL
2354,1061,NULL,"billing","low","open","Gantt chart not rendering correctly","2025-10-21 13:43:13",NULL,NULL,NULL,False,"documentation;feature"
2355,723,NULL,"feature_request","low","resolved","White label logo not displaying","2025-02-15 10:48:32","2025-02-16 03:48:32","2025-02-18 16:48:32",NULL,False,"integration , documentation"
2356,355,4523,"api","high","in_progress","Time tracking sync issues","2024-02-25 12:01:39","2024-02-25 18:01:39",NULL,NULL,True,"feature"
2357,1119,NULL,"security","high","in_progress","Slow loading on project boards","2025-09-01 02:40:27","2025-09-01 10:40:27",NULL,NULL,False,"api"
2358,749,NULL,"account","high","in_progress","Slow loading on project boards","2025-10-13 19:06:47","2025-10-14 01:06:47",NULL,NULL,True,"sso"
2359,755,NULL,"security","high","in_progress","Cannot downgrade plan","2025-08-06 07:30:34","2025-08-06 12:30:34",NULL,NULL,False,NULL
2360,873,NULL,"performance","medium","closed","Feature request: dark mode","2023-12-26 22:52:48","2023-12-27 19:52:48","2023-12-29 20:52:48",NULL,False,"ux;urgent"
2361,371,4753,"feature_request","medium","open","Duplicate notifications being sent","2025-03-22 07:50:10",NULL,NULL,NULL,False,NULL
2362,1036,NULL,"api","low","closed","Report generation timeout","2025-02-07 15:57:46","2025-02-08 19:57:46","2025-02-15 00:57:46",4,False,"security"
2363,748,NULL,"onboarding","high","in_progress","Need to add more team members","2025-09-06 23:37:30","2025-09-07 10:37:30",NULL,NULL,False,"sso, documentation, bug"
2364,1138,NULL,"feature_request","medium","closed","Audit log access denied","2025-01-15 13:30:43","2025-01-17 18:30:43","2025-01-22 18:30:43",2,False,"sso;security;api;gdpr"
2365,455,5837,"billing","low","in_progress","Gantt chart not rendering correctly","2023-07-18 18:43:11","2023-07-20 13:43:11",NULL,NULL,False,"security"
2366,696,NULL,"feature_request","low","closed","Account merge request","2025-07-01 02:59:18","2025-07-03 05:59:18","2025-07-06 03:59:18",5,False,NULL
2367,279,3821,"feature_request","medium","waiting_on_customer","Gantt chart not rendering correctly","2025-09-09 11:17:42","2025-09-12 07:17:42",NULL,NULL,False,"api"
2368,524,6690,"billing","low","closed","Cannot downgrade plan","2025-10-28 14:23:11","2025-10-31 09:23:11","2025-11-05 22:23:11",5,False,"enterprise , mobile , migration , documentation"
2369,198,2790,"integration","medium","waiting_on_customer","Duplicate notifications being sent","2023-11-23 06:22:05","2023-11-25 08:22:05",NULL,NULL,False,"integration,api"
2370,356,4566,"account","high","open","GDPR data export request","2025-08-22 14:46:34",NULL,NULL,NULL,False,"training"
2371,171,2510,"technical","critical","resolved","Slow loading on project boards","2024-05-03 23:47:03","2024-05-04 01:22:03","2024-05-10 16:22:03",NULL,False,NULL
2372,92,1409,"technical","high","waiting_on_customer","Data import from CSV failing","2024-03-31 04:12:49","2024-03-31 09:12:49",NULL,NULL,True,"export;onboarding;migration"
2373,693,NULL,"performance","low","closed","Need to add more team members","2025-02-10 00:31:14","2025-02-11 02:31:14","2025-02-14 21:31:14",NULL,False,"urgent"
2374,762,NULL,"integration","low","closed","Feature request: dark mode","2025-03-07 04:23:06","2025-03-07 11:23:06","2025-03-14 02:23:06",NULL,False,"gdpr"
2375,83,1290,"technical","critical","resolved","White label logo not displaying","2025-02-14 17:09:26","2025-02-14 17:18:26","2025-02-16 01:18:26",4,True,"feature , technical , integration , documentation"
2376,466,6032,"performance","high","in_progress","Feature request: dark mode","2025-08-18 03:03:34","2025-08-18 15:03:34",NULL,NULL,False,"api, performance, api"
2377,589,7595,"security","low","waiting_on_customer","Export failing for large datasets","2025-08-20 08:33:37","2025-08-20 10:33:37",NULL,NULL,False,NULL
2378,535,6798,"performance","critical","resolved","Slow loading on project boards","2025-04-08 23:14:27","2025-04-09 01:00:27","2025-04-11 14:00:27",1,False,"urgent"
2379,653,8424,"feature_request","medium","closed","Webhook delivery failures","2024-09-30 03:43:58","2024-10-02 15:43:58","2024-10-06 03:43:58",4,False,"bug , technical , api , mobile"
2380,614,7832,"onboarding","high","closed","Time tracking sync issues","2025-08-03 20:39:06","2025-08-04 08:39:06","2025-08-06 17:39:06",4,False,"integration;technical"
2381,397,5059,"api","low","resolved","Account merge request","2024-12-11 04:26:25","2024-12-13 12:26:25","2024-12-17 13:26:25",NULL,False,"mobile"
2382,886,NULL,"api","medium","closed","Feature request: dark mode","2025-05-18 13:02:37","2025-05-19 20:02:37","2025-05-26 03:02:37",NULL,False,"technical"
2383,466,6029,"performance","medium","open","Cannot login to dashboard","2025-10-14 08:19:11",NULL,NULL,NULL,False,"ux"
2384,820,NULL,"feature_request","medium","open","Billing discrepancy on latest invoice","2025-08-25 21:09:14",NULL,NULL,NULL,False,NULL
2385,162,2347,"security","low","waiting_on_customer","Webhook delivery failures","2025-10-19 05:23:57","2025-10-19 15:23:57",NULL,NULL,False,"billing, sso, performance"
2386,479,6110,"technical","medium","waiting_on_customer","Webhook delivery failures","2024-11-15 13:40:01","2024-11-18 08:40:01",NULL,NULL,False,"documentation, security"
2387,61,990,"feature_request","low","open","Slow loading on project boards","2024-08-16 15:40:44",NULL,NULL,NULL,False,NULL
2388,75,1150,"technical","medium","resolved","SSO configuration help needed","2025-10-30 13:57:50","2025-10-31 00:57:50","2025-10-31 12:57:50",3,False,"documentation"
2389,532,6767,"api","low","waiting_on_customer","Need help with API authentication","2025-10-19 18:13:13","2025-10-19 22:13:13",NULL,NULL,False,"integration;onboarding;technical;api"
2390,209,3011,"security","medium","waiting_on_customer","Permission settings not saving","2025-04-17 13:42:22","2025-04-18 00:42:22",NULL,NULL,False,NULL
2391,86,1308,"account","medium","resolved","Time tracking sync issues","2025-07-24 23:37:35","2025-07-26 04:37:35","2025-07-29 01:37:35",5,False,"ux"
2392,103,1491,"integration","medium","resolved","Feature request: dark mode","2024-03-11 13:36:47","2024-03-14 06:36:47","2024-03-19 03:36:47",5,False,"training;integration;export;gdpr"
2393,277,3813,"performance","low","open","Gantt chart not rendering correctly","2025-09-20 02:40:10",NULL,NULL,NULL,False,"billing, feature, enterprise, billing"
2394,736,NULL,"data_export","medium","resolved","Webhook delivery failures","2024-05-16 08:47:28","2024-05-18 15:47:28","2024-05-19 20:47:28",5,False,"migration;gdpr;integration;training"
2395,1026,NULL,"performance","critical","closed","White label logo not displaying","2024-10-17 22:32:14","2024-10-17 23:16:14","2024-10-20 22:16:14",4,True,"migration,technical"
2396,1157,NULL,"feature_request","medium","waiting_on_customer","Need to add more team members","2024-10-18 22:40:07","2024-10-19 03:40:07",NULL,NULL,False,"mobile"
2397,962,NULL,"account","low","in_progress","Integration with Slack not working","2025-04-25 12:01:36","2025-04-27 01:01:36",NULL,NULL,False,"onboarding,feature,urgent"
2398,756,NULL,"billing","medium","closed","Feature request: dark mode","2024-08-08 19:46:36","2024-08-11 15:46:36","2024-08-15 08:46:36",NULL,False,NULL
2399,486,6169,"account","critical","resolved","Duplicate notifications being sent","2025-08-23 20:16:48","2025-08-23 20:36:48","2025-08-29 19:36:48",NULL,False,"billing"
2400,890,NULL,"integration","medium","open","SSO configuration help needed","2025-01-06 14:09:30",NULL,NULL,NULL,False,"security,feature,urgent"
2401,885,NULL,"api","low","open","Slow loading on project boards","2024-09-11 00:39:20",NULL,NULL,NULL,False,"ux,security"
2402,130,1966,"account","high","waiting_on_customer","Cannot downgrade plan","2025-03-24 05:13:49","2025-03-24 09:13:49",NULL,NULL,False,"billing;onboarding;documentation"
2403,485,6156,"billing","critical","in_progress","Integration with Slack not working","2025-03-11 11:02:27","2025-03-11 12:30:27",NULL,NULL,True,"mobile"
2404,878,NULL,"integration","low","waiting_on_customer","Audit log access denied","2025-04-21 14:06:05","2025-04-23 13:06:05",NULL,NULL,False,NULL
2405,743,NULL,"billing","critical","waiting_on_customer","Billing discrepancy on latest invoice","2025-07-26 00:01:38","2025-07-26 00:23:38",NULL,NULL,False,NULL
2406,750,NULL,"performance","high","open","Webhook delivery failures","2025-10-19 09:55:24",NULL,NULL,NULL,False,"feature;onboarding;integration;technical"
2407,58,949,"integration","high","resolved","Cannot login to dashboard","2025-10-12 01:23:39","2025-10-12 13:23:39","2025-10-14 02:23:39",3,True,"bug , documentation"
2408,120,1717,"integration","low","waiting_on_customer","Data import from CSV failing","2025-03-07 04:22:43","2025-03-09 11:22:43",NULL,NULL,False,"mobile;security"
2409,501,6389,"feature_request","high","resolved","Billing discrepancy on latest invoice","2023-12-15 09:05:54","2023-12-15 14:05:54","2023-12-16 10:05:54",4,True,NULL
2410,1027,NULL,"onboarding","medium","resolved","Integration with Slack not working","2025-08-14 06:12:20","2025-08-15 11:12:20","2025-08-20 21:12:20",NULL,False,NULL
2411,834,NULL,"onboarding","medium","waiting_on_customer","White label logo not displaying","2025-08-07 04:10:52","2025-08-08 15:10:52",NULL,NULL,False,NULL
2412,390,4917,"account","low","in_progress","Need to add more team members","2025-05-24 08:28:24","2025-05-25 20:28:24",NULL,NULL,False,"mobile"
2413,1116,NULL,"performance","medium","closed","Permission settings not saving","2025-09-16 12:32:25","2025-09-18 11:32:25","2025-09-21 04:32:25",NULL,False,"sso,bug"
2414,106,1544,"onboarding","high","resolved","Slow loading on project boards","2025-04-16 18:40:20","2025-04-17 04:40:20","2025-04-20 16:40:20",5,False,"security,migration,training,performance"
2415,112,1596,"data_export","high","open","GDPR data export request","2025-10-10 18:07:07",NULL,NULL,NULL,True,"training"
2416,1033,NULL,"security","medium","waiting_on_customer","Integration with Slack not working","2023-08-10 11:33:35","2023-08-13 10:33:35",NULL,NULL,False,"technical , mobile"
2417,794,NULL,"billing","critical","in_progress","SSO configuration help needed","2024-01-10 07:20:21","2024-01-10 08:06:21",NULL,NULL,True,"migration"
2418,839,NULL,"api","medium","resolved","Need to add more team members","2025-04-30 21:39:39","2025-05-01 09:39:39","2025-05-04 06:39:39",NULL,False,"mobile , training , api , billing"
2419,990,NULL,"performance","medium","resolved","Time tracking sync issues","2025-05-07 00:42:56","2025-05-07 17:42:56","2025-05-09 05:42:56",3,False,"technical, export, migration, performance"
2420,439,5599,"security","medium","closed","Custom workflow automation broken","2025-06-27 13:05:09","2025-06-29 11:05:09","2025-07-04 04:05:09",NULL,False,"bug;sso"
2421,771,NULL,"security","critical","in_progress","White label logo not displaying","2025-06-22 09:08:58","2025-06-22 10:21:58",NULL,NULL,False,"urgent;api;ux"
2422,1179,NULL,"account","low","in_progress","Slow loading on project boards","2025-09-25 01:31:43","2025-09-26 11:31:43",NULL,NULL,False,"billing;ux"
2423,587,7582,"security","high","in_progress","Feature request: dark mode","2025-10-23 04:34:40","2025-10-23 12:34:40",NULL,NULL,False,NULL
2424,657,8460,"account","medium","open","White label logo not displaying","2025-09-22 13:20:16",NULL,NULL,NULL,False,NULL
2425,749,NULL,"feature_request","medium","closed","Billing discrepancy on latest invoice","2025-10-17 20:16:22","2025-10-18 18:16:22","2025-10-21 03:16:22",NULL,False,NULL
2426,657,8458,"account","high","resolved","Audit log access denied","2025-09-27 12:56:52","2025-09-27 15:56:52","2025-10-02 16:56:52",4,True,"billing"
2427,594,7663,"feature_request","low","in_progress","Audit log access denied","2025-09-13 12:20:50","2025-09-16 00:20:50",NULL,NULL,False,"feature"
2428,105,1538,"billing","medium","closed","GDPR data export request","2024-01-31 11:31:40","2024-02-01 11:31:40","2024-02-05 15:31:40",5,False,NULL
2429,890,NULL,"billing","medium","resolved","Time tracking sync issues","2025-07-12 21:26:34","2025-07-14 01:26:34","2025-07-14 17:26:34",2,False,"billing;api;gdpr;technical"
2430,825,NULL,"security","low","resolved","Permission settings not saving","2025-09-17 00:49:38","2025-09-17 03:49:38","2025-09-22 19:49:38",5,False,"urgent, feature, gdpr"
2431,399,5096,"onboarding","medium","in_progress","Integration with Slack not working","2025-10-03 18:20:16","2025-10-05 18:20:16",NULL,NULL,False,NULL
2432,928,NULL,"security","critical","open","White label logo not displaying","2023-12-24 13:43:21",NULL,NULL,NULL,False,"export , sso , performance , gdpr , export"
2433,482,6145,"performance","high","resolved","Mobile app crashes on Android","2025-07-12 09:49:42","2025-07-12 10:49:42","2025-07-14 01:49:42",1,True,NULL
2434,917,NULL,"integration","low","closed","Report generation timeout","2023-09-14 11:13:46","2023-09-16 14:13:46","2023-09-21 20:13:46",NULL,False,NULL
2435,1187,NULL,"onboarding","high","waiting_on_customer","Mobile app crashes on Android","2024-10-04 15:48:47","2024-10-05 00:48:47",NULL,NULL,False,"api,migration,feature"
2436,474,6071,"data_export","medium","in_progress","Webhook delivery failures","2024-11-22 06:46:36","2024-11-22 16:46:36",NULL,NULL,False,"sso , feature , mobile"
2437,283,3842,"api","low","resolved","Custom workflow automation broken","2025-09-28 11:06:47","2025-10-01 00:06:47","2025-10-04 03:06:47",4,False,"feature"
2438,35,656,"billing","medium","in_progress","API rate limiting issues","2025-04-02 19:45:29","2025-04-03 10:45:29",NULL,NULL,False,"sso, documentation"
2439,340,4333,"feature_request","critical","waiting_on_customer","Cannot downgrade plan","2025-09-17 23:43:30","2025-09-18 00:51:30",NULL,NULL,False,"mobile;enterprise;export;urgent"
2440,270,3749,"security","high","resolved","Cannot downgrade plan","2025-08-02 13:56:32","2025-08-02 21:56:32","2025-08-08 13:56:32",4,False,NULL
2441,70,1088,"feature_request","medium","open","Time tracking sync issues","2024-03-02 16:53:34",NULL,NULL,NULL,False,"documentation"
2442,39,692,"onboarding","low","waiting_on_customer","Data import from CSV failing","2025-09-15 03:59:10","2025-09-16 01:59:10",NULL,NULL,False,NULL
2443,690,NULL,"api","medium","open","Audit log access denied","2024-04-27 20:56:10",NULL,NULL,NULL,False,"onboarding"
2444,328,4204,"security","low","resolved","Need to add more team members","2025-10-03 12:07:45","2025-10-03 18:07:45","2025-10-04 16:07:45",NULL,False,"technical, technical"
2445,1188,NULL,"billing","critical","closed","Duplicate notifications being sent","2025-07-25 06:57:35","2025-07-25 08:26:35","2025-07-25 19:26:35",5,True,"migration , ux , bug , documentation"
2446,921,NULL,"security","high","in_progress","API rate limiting issues","2025-05-27 13:34:40","2025-05-27 16:34:40",NULL,NULL,False,"export , feature , performance"
2447,116,1664,"integration","medium","closed","Cannot login to dashboard","2025-10-14 10:18:30","2025-10-14 12:18:30","2025-10-21 10:18:30",3,False,"ux"
2448,716,NULL,"feature_request","medium","open","Data import from CSV failing","2025-09-02 21:11:29",NULL,NULL,NULL,False,"onboarding , bug , feature , export , onboarding"
2449,1005,NULL,"account","medium","waiting_on_customer","Time tracking sync issues","2025-04-01 23:43:37","2025-04-04 13:43:37",NULL,NULL,False,NULL
2450,257,3558,"account","medium","waiting_on_customer","Data import from CSV failing","2025-05-12 20:48:54","2025-05-13 23:48:54",NULL,NULL,False,"bug"
2451,538,6843,"onboarding","high","open","Cannot login to dashboard","2025-08-05 19:12:21",NULL,NULL,NULL,True,"bug;billing;api"
2452,644,8332,"onboarding","medium","in_progress","Data import from CSV failing","2023-09-15 19:43:48","2023-09-17 08:43:48",NULL,NULL,False,"documentation , sso , api"
2453,590,7604,"technical","medium","in_progress","Account merge request","2025-01-28 14:59:04","2025-01-30 07:59:04",NULL,NULL,False,"enterprise,security"
2454,1082,NULL,"data_export","low","closed","GDPR data export request","2025-10-05 01:45:27","2025-10-06 22:45:27","2025-10-10 03:45:27",4,False,"documentation , enterprise"
2455,923,NULL,"billing","medium","open","Duplicate notifications being sent","2023-12-12 17:58:48",NULL,NULL,NULL,False,NULL
2456,1047,NULL,"billing","low","resolved","Custom workflow automation broken","2023-07-01 01:44:28","2023-07-02 16:44:28","2023-07-03 05:44:28",4,False,"export,mobile,documentation,onboarding"
2457,1105,NULL,"billing","medium","resolved","Duplicate notifications being sent","2025-08-23 00:50:29","2025-08-25 19:50:29","2025-09-01 13:50:29",4,False,"billing,feature"
2458,1015,NULL,"data_export","medium","open","Duplicate notifications being sent","2024-11-04 12:33:39",NULL,NULL,NULL,False,"gdpr;onboarding"
2459,1041,NULL,"api","medium","open","Feature request: dark mode","2023-10-12 13:50:54",NULL,NULL,NULL,False,"sso , bug , integration"
2460,984,NULL,"onboarding","medium","resolved","Cannot login to dashboard","2024-08-11 17:40:50","2024-08-13 12:40:50","2024-08-15 06:40:50",4,False,"technical"
2461,1039,NULL,"api","medium","resolved","Cannot login to dashboard","2025-03-02 01:06:14","2025-03-02 10:06:14","2025-03-04 15:06:14",5,False,"migration, billing"
2462,529,6706,"data_export","low","waiting_on_customer","Cannot login to dashboard","2025-01-03 22:08:36","2025-01-05 23:08:36",NULL,NULL,False,NULL
2463,217,3123,"data_export","low","in_progress","Mobile app crashes on Android","2025-10-25 23:15:30","2025-10-28 12:15:30",NULL,NULL,False,"mobile,gdpr,api"
2464,617,7847,"billing","medium","in_progress","Export failing for large datasets","2025-10-08 04:09:57","2025-10-09 12:09:57",NULL,NULL,False,NULL
2465,574,7408,"integration","low","closed","Report generation timeout","2024-10-31 22:03:53","2024-11-03 09:03:53","2024-11-07 23:03:53",3,False,NULL
2466,144,2124,"data_export","medium","open","Gantt chart not rendering correctly","2025-07-22 10:28:03",NULL,NULL,NULL,False,"documentation"
2467,881,NULL,"security","medium","in_progress","Custom workflow automation broken","2024-10-25 08:52:25","2024-10-26 04:52:25",NULL,NULL,False,"bug"
2468,325,4190,"security","medium","waiting_on_customer","SSO configuration help needed","2025-06-07 23:43:56","2025-06-09 11:43:56",NULL,NULL,False,"mobile,bug"
2469,601,7729,"feature_request","medium","open","SSO configuration help needed","2025-04-21 14:34:53",NULL,NULL,NULL,False,"sso;api;mobile"
2470,71,1097,"security","low","resolved","Custom workflow automation broken","2025-02-18 01:05:56","2025-02-20 12:05:56","2025-02-26 19:05:56",NULL,False,"documentation, bug, security"
2471,684,NULL,"feature_request","high","waiting_on_customer","Integration with Slack not working","2025-05-26 15:57:08","2025-05-26 16:57:08",NULL,NULL,True,"urgent , mobile"
2472,409,5182,"billing","high","in_progress","Webhook delivery failures","2025-08-11 06:50:38","2025-08-11 18:50:38",NULL,NULL,False,"ux , security , documentation , gdpr , ux"
2473,603,7740,"performance","high","in_progress","Time tracking sync issues","2025-07-07 00:24:03","2025-07-07 01:24:03",NULL,NULL,False,"api, enterprise, api"
2474,1003,NULL,"account","medium","open","Need help with API authentication","2024-12-31 16:02:57",NULL,NULL,NULL,False,"training"
2475,24,494,"api","medium","closed","Feature request: dark mode","2025-08-27 07:30:55","2025-08-28 12:30:55","2025-09-01 04:30:55",5,False,NULL
2476,98,1451,"data_export","low","resolved","Permission settings not saving","2025-08-27 03:46:28","2025-08-27 14:46:28","2025-08-31 02:46:28",NULL,False,"bug,training,urgent,migration"
2477,1097,NULL,"integration","high","closed","Feature request: dark mode","2025-01-28 08:32:59","2025-01-28 15:32:59","2025-02-01 18:32:59",5,False,"technical , performance"
2478,615,7834,"performance","low","resolved","API rate limiting issues","2025-04-02 16:30:02","2025-04-05 05:30:02","2025-04-09 23:30:02",5,False,"api"
2479,259,3584,"data_export","critical","waiting_on_customer","Integration with Slack not working","2024-12-27 16:11:06","2024-12-27 17:11:06",NULL,NULL,False,"billing, gdpr, technical, ux"
2480,983,NULL,"onboarding","low","resolved","Cannot login to dashboard","2025-01-27 19:01:34","2025-01-29 19:01:34","2025-02-01 03:01:34",4,False,"integration, ux, integration"
2481,1160,NULL,"feature_request","high","closed","Cannot downgrade plan","2025-09-15 22:49:53","2025-09-16 09:49:53","2025-09-18 04:49:53",NULL,True,"gdpr"
2482,114,1607,"billing","medium","resolved","Report generation timeout","2025-07-23 17:09:38","2025-07-26 07:09:38","2025-07-31 23:09:38",NULL,False,"onboarding,security,technical"
2483,1066,NULL,"security","medium","waiting_on_customer","Need help with API authentication","2024-02-11 10:37:00","2024-02-12 07:37:00",NULL,NULL,False,"migration , gdpr , training"
2484,395,5024,"security","low","waiting_on_customer","Webhook delivery failures","2024-03-04 11:10:10","2024-03-05 05:10:10",NULL,NULL,False,"documentation , billing"
2485,408,5175,"integration","low","open","Report generation timeout","2025-09-21 17:09:57",NULL,NULL,NULL,False,"bug, technical, enterprise"
2486,336,4279,"api","medium","open","Custom workflow automation broken","2024-06-04 15:45:40",NULL,NULL,NULL,False,"training"
2487,925,NULL,"security","high","resolved","Gantt chart not rendering correctly","2024-07-15 20:07:07","2024-07-16 08:07:07","2024-07-20 00:07:07",4,True,"onboarding,bug,integration,enterprise"
2488,198,2811,"performance","high","in_progress","Gantt chart not rendering correctly","2024-02-10 08:01:45","2024-02-10 09:01:45",NULL,NULL,False,"enterprise , sso , billing"
2489,1179,NULL,"performance","medium","open","White label logo not displaying","2025-10-11 05:19:57",NULL,NULL,NULL,False,NULL
2490,286,3863,"integration","medium","closed","Time tracking sync issues","2025-06-12 04:46:58","2025-06-13 17:46:58","2025-06-15 14:46:58",NULL,False,"migration;security;performance;gdpr"
2491,916,NULL,"data_export","medium","waiting_on_customer","GDPR data export request","2024-10-21 13:16:09","2024-10-22 07:16:09",NULL,NULL,False,"onboarding, performance, ux, training"
2492,755,NULL,"api","low","open","Webhook delivery failures","2024-12-08 20:23:30",NULL,NULL,NULL,False,NULL
2493,230,3251,"onboarding","low","waiting_on_customer","Webhook delivery failures","2023-05-25 04:08:01","2023-05-27 10:08:01",NULL,NULL,False,NULL
2494,793,NULL,"api","high","open","Time tracking sync issues","2025-04-21 03:13:28",NULL,NULL,NULL,False,"performance, mobile, billing, enterprise"
2495,603,7741,"onboarding","low","closed","Mobile app crashes on Android","2025-07-26 14:19:16","2025-07-28 12:19:16","2025-07-30 07:19:16",4,False,"urgent"
2496,269,3740,"api","high","closed","API rate limiting issues","2025-05-23 06:40:41","2025-05-23 17:40:41","2025-05-26 16:40:41",NULL,False,NULL
2497,1036,NULL,"security","low","waiting_on_customer","Gantt chart not rendering correctly","2025-03-28 15:21:32","2025-03-29 23:21:32",NULL,NULL,False,"training,enterprise,feature"
2498,12,209,"feature_request","high","open","White label logo not displaying","2025-06-15 15:06:35",NULL,NULL,NULL,False,NULL
2554,1109,NULL,"technical","low","in_progress","Account merge request","2025-09-25 22:06:32","2025-09-27 10:06:32",NULL,NULL,False,"gdpr , mobile"
2499,573,7376,"integration","high","waiting_on_customer","Billing discrepancy on latest invoice","2025-08-13 21:12:34","2025-08-14 02:12:34",NULL,NULL,True,"bug , api , security , documentation , bug"
2500,634,8132,"account","medium","waiting_on_customer","Cannot downgrade plan","2024-10-24 01:41:48","2024-10-26 19:41:48",NULL,NULL,False,"urgent, performance"
2501,360,4613,"integration","high","open","GDPR data export request","2024-11-14 07:11:19",NULL,NULL,NULL,False,"feature"
2502,89,1360,"performance","medium","in_progress","Data import from CSV failing","2025-04-26 05:45:14","2025-04-28 15:45:14",NULL,NULL,False,"api, export, urgent"
2503,490,6232,"security","high","waiting_on_customer","White label logo not displaying","2025-04-16 12:38:21","2025-04-16 23:38:21",NULL,NULL,False,"enterprise,integration,training,export"
2504,410,5191,"data_export","medium","closed","Export failing for large datasets","2025-08-08 06:00:24","2025-08-10 10:00:24","2025-08-13 02:00:24",NULL,False,"api,urgent,security"
2505,439,5599,"security","medium","closed","Export failing for large datasets","2025-04-13 17:56:42","2025-04-14 13:56:42","2025-04-19 01:56:42",4,False,"performance,gdpr"
2506,357,4588,"technical","low","closed","Export failing for large datasets","2024-10-23 13:49:14","2024-10-24 07:49:14","2024-10-25 15:49:14",4,False,"bug"
2507,602,7735,"feature_request","low","waiting_on_customer","Permission settings not saving","2025-03-18 14:59:23","2025-03-19 07:59:23",NULL,NULL,False,"technical, ux, mobile"
2508,672,NULL,"performance","high","in_progress","SSO configuration help needed","2024-05-06 08:01:33","2024-05-06 18:01:33",NULL,NULL,False,"integration, sso"
2509,1130,NULL,"integration","low","closed","Account merge request","2025-06-16 20:48:39","2025-06-19 18:48:39","2025-06-25 02:48:39",3,False,"technical,bug"
2510,787,NULL,"account","low","open","Cannot downgrade plan","2023-10-04 00:30:10",NULL,NULL,NULL,False,NULL
2511,170,2496,"security","critical","resolved","White label logo not displaying","2025-03-31 09:11:25","2025-03-31 11:06:25","2025-04-02 01:06:25",3,False,"onboarding"
2512,146,2144,"onboarding","medium","closed","Audit log access denied","2025-01-29 23:09:52","2025-02-01 17:09:52","2025-02-07 16:09:52",NULL,False,"export"
2513,797,NULL,"billing","medium","open","Need help with API authentication","2025-05-26 02:25:36",NULL,NULL,NULL,False,NULL
2514,549,6982,"data_export","medium","in_progress","Webhook delivery failures","2025-09-07 22:10:27","2025-09-08 06:10:27",NULL,NULL,False,"technical, training, technical"
2515,367,4697,"onboarding","low","resolved","Webhook delivery failures","2025-10-01 04:42:15","2025-10-02 13:42:15","2025-10-06 09:42:15",2,False,"ux"
2516,777,NULL,"technical","medium","in_progress","Custom workflow automation broken","2023-11-25 15:28:34","2023-11-26 06:28:34",NULL,NULL,False,NULL
2517,216,3119,"account","high","closed","Cannot downgrade plan","2025-04-24 22:31:08","2025-04-25 08:31:08","2025-04-30 21:31:08",5,False,"performance, export, urgent"
2518,832,NULL,"account","medium","in_progress","Data import from CSV failing","2024-11-17 16:41:29","2024-11-20 10:41:29",NULL,NULL,False,"performance,onboarding,sso"
2519,1058,NULL,"security","critical","closed","Mobile app crashes on Android","2025-09-29 03:03:33","2025-09-29 04:46:33","2025-10-01 08:46:33",NULL,True,"export"
2520,1014,NULL,"account","medium","waiting_on_customer","Time tracking sync issues","2025-04-08 05:33:27","2025-04-10 19:33:27",NULL,NULL,False,"ux,sso,api"
2521,957,NULL,"integration","low","waiting_on_customer","Slow loading on project boards","2025-01-21 09:48:19","2025-01-23 12:48:19",NULL,NULL,False,"documentation"
2522,345,4378,"feature_request","medium","open","White label logo not displaying","2024-11-15 03:54:57",NULL,NULL,NULL,False,"feature , feature"
2523,326,4191,"technical","medium","open","Report generation timeout","2024-05-12 02:11:22",NULL,NULL,NULL,False,"bug,ux,onboarding"
2524,600,7723,"technical","low","open","Mobile app crashes on Android","2025-07-18 21:18:31",NULL,NULL,NULL,False,"gdpr,security,technical,ux"
2525,1152,NULL,"onboarding","critical","resolved","Feature request: dark mode","2024-09-23 05:59:42","2024-09-23 06:11:42","2024-09-28 13:11:42",5,False,"onboarding;gdpr"
2526,36,662,"performance","low","open","Cannot login to dashboard","2025-09-12 15:09:22",NULL,NULL,NULL,False,NULL
2527,146,2142,"performance","low","waiting_on_customer","Need help with API authentication","2025-10-19 12:54:04","2025-10-20 12:54:04",NULL,NULL,False,"sso;export"
2528,593,7626,"account","medium","resolved","Report generation timeout","2025-10-12 01:43:58","2025-10-13 17:43:58","2025-10-13 20:43:58",5,False,"security , mobile , technical"
2529,1042,NULL,"api","low","in_progress","Need to add more team members","2025-09-12 07:48:11","2025-09-13 06:48:11",NULL,NULL,False,"bug"
2530,541,6895,"feature_request","medium","open","Audit log access denied","2024-11-17 07:47:44",NULL,NULL,NULL,False,"technical, sso, mobile, export"
2531,442,5615,"technical","medium","waiting_on_customer","GDPR data export request","2024-12-30 19:07:18","2024-12-31 16:07:18",NULL,NULL,False,NULL
2532,284,3849,"data_export","medium","resolved","White label logo not displaying","2024-02-25 13:00:19","2024-02-26 17:00:19","2024-02-27 21:00:19",3,False,"ux;billing;sso;performance"
2533,225,3178,"api","high","in_progress","Export failing for large datasets","2025-07-24 13:31:57","2025-07-25 01:31:57",NULL,NULL,False,"urgent,mobile,integration"
2534,1074,NULL,"feature_request","high","resolved","Slow loading on project boards","2024-10-26 23:27:58","2024-10-27 02:27:58","2024-10-30 14:27:58",4,True,"security;integration;bug"
2535,643,8327,"integration","critical","open","Permission settings not saving","2025-08-02 07:54:31",NULL,NULL,NULL,False,"security;security"
2536,500,6357,"account","low","resolved","Slow loading on project boards","2025-02-12 00:24:56","2025-02-14 04:24:56","2025-02-17 15:24:56",1,False,"sso,migration,api,documentation"
2537,1133,NULL,"api","medium","waiting_on_customer","Custom workflow automation broken","2024-08-23 02:00:49","2024-08-23 18:00:49",NULL,NULL,False,"training, onboarding"
2538,173,2553,"technical","medium","waiting_on_customer","GDPR data export request","2025-01-25 15:21:42","2025-01-25 17:21:42",NULL,NULL,False,"enterprise , bug , security , documentation"
2539,453,5822,"feature_request","medium","closed","Report generation timeout","2025-10-06 16:05:44","2025-10-06 23:05:44","2025-10-10 15:05:44",4,False,"feature, migration, performance"
2540,551,7025,"api","medium","waiting_on_customer","Slow loading on project boards","2025-10-04 09:55:49","2025-10-06 09:55:49",NULL,NULL,False,"bug;integration"
2541,498,6289,"api","low","closed","API rate limiting issues","2025-10-05 04:41:20","2025-10-06 09:41:20","2025-10-10 14:41:20",5,False,"bug , bug"
2542,446,5688,"billing","critical","waiting_on_customer","Time tracking sync issues","2025-04-23 10:45:27","2025-04-23 12:19:27",NULL,NULL,False,NULL
2543,214,3099,"feature_request","critical","closed","Custom workflow automation broken","2023-11-06 10:03:40","2023-11-06 11:50:40","2023-11-11 02:50:40",3,True,"performance,migration,urgent"
2544,217,3124,"security","medium","resolved","Permission settings not saving","2025-01-24 19:35:40","2025-01-25 15:35:40","2025-01-25 22:35:40",NULL,False,"technical , security , performance , billing"
2545,8,121,"security","low","closed","Export failing for large datasets","2024-12-29 15:26:54","2024-12-31 00:26:54","2025-01-04 02:26:54",NULL,False,"mobile , enterprise , urgent"
2546,1108,NULL,"account","low","in_progress","Data import from CSV failing","2025-07-09 03:17:22","2025-07-09 17:17:22",NULL,NULL,False,"sso , training , ux , technical"
2547,1132,NULL,"billing","low","resolved","Cannot login to dashboard","2023-10-16 13:52:28","2023-10-17 15:52:28","2023-10-19 09:52:28",NULL,False,"api,performance,onboarding,integration"
2548,511,6499,"billing","medium","open","Slow loading on project boards","2025-10-13 18:23:41",NULL,NULL,NULL,False,NULL
2549,515,6568,"billing","medium","closed","Audit log access denied","2025-09-13 14:57:11","2025-09-13 20:57:11","2025-09-17 00:57:11",5,False,"billing;performance;gdpr"
2550,546,6959,"performance","high","resolved","Duplicate notifications being sent","2025-09-28 08:08:37","2025-09-28 14:08:37","2025-10-04 08:08:37",NULL,False,"sso, integration"
2551,357,4571,"billing","low","open","Slow loading on project boards","2024-08-29 09:42:57",NULL,NULL,NULL,False,"security , mobile , enterprise , security"
2552,1002,NULL,"technical","high","waiting_on_customer","Audit log access denied","2025-10-03 02:02:13","2025-10-03 06:02:13",NULL,NULL,True,"training , feature , integration , documentation"
2553,718,NULL,"account","low","in_progress","Cannot login to dashboard","2025-10-17 14:13:59","2025-10-20 03:13:59",NULL,NULL,False,"gdpr;sso;training;export"
2555,1190,NULL,"account","low","resolved","Slow loading on project boards","2025-07-06 10:59:15","2025-07-09 07:59:15","2025-07-16 07:59:15",NULL,False,"integration;gdpr"
2556,1063,NULL,"onboarding","high","open","Account merge request","2024-07-19 11:03:03",NULL,NULL,NULL,True,"ux, bug"
2557,72,1108,"integration","medium","open","Slow loading on project boards","2025-09-15 07:01:56",NULL,NULL,NULL,False,"ux,bug,mobile"
2558,666,NULL,"integration","low","open","Permission settings not saving","2025-07-27 15:29:05",NULL,NULL,NULL,False,"integration"
2559,194,2750,"integration","medium","waiting_on_customer","Report generation timeout","2025-04-02 03:21:06","2025-04-02 10:21:06",NULL,NULL,False,"urgent"
2560,117,1689,"data_export","high","resolved","Webhook delivery failures","2025-01-25 02:34:00","2025-01-25 11:34:00","2025-01-26 23:34:00",5,False,"training"
2561,173,2545,"onboarding","high","closed","Account merge request","2024-11-03 14:13:32","2024-11-03 21:13:32","2024-11-05 13:13:32",5,False,NULL
2562,249,3481,"integration","critical","open","Webhook delivery failures","2025-06-20 18:24:53",NULL,NULL,NULL,True,"mobile"
2563,1112,NULL,"data_export","low","waiting_on_customer","Export failing for large datasets","2025-06-11 02:25:02","2025-06-12 18:25:02",NULL,NULL,False,"billing;security;mobile;ux"
2564,307,4079,"onboarding","critical","resolved","Time tracking sync issues","2025-01-26 23:56:08","2025-01-27 00:10:08","2025-01-28 14:10:08",4,False,NULL
2565,616,7839,"feature_request","low","open","Report generation timeout","2025-07-25 08:06:33",NULL,NULL,NULL,False,"feature, mobile, security, billing"
2566,1107,NULL,"technical","medium","open","Feature request: dark mode","2025-04-30 01:30:05",NULL,NULL,NULL,False,"sso,onboarding,documentation,training"
2567,308,4096,"feature_request","medium","closed","Need to add more team members","2024-12-12 16:47:01","2024-12-14 03:47:01","2024-12-15 11:47:01",NULL,False,NULL
2568,365,4688,"technical","medium","resolved","Need help with API authentication","2024-01-01 11:12:57","2024-01-03 04:12:57","2024-01-07 12:12:57",5,False,"onboarding"
2569,908,NULL,"security","low","in_progress","Permission settings not saving","2024-04-05 08:06:38","2024-04-06 17:06:38",NULL,NULL,False,NULL
2570,462,5967,"technical","medium","in_progress","Audit log access denied","2025-06-28 14:14:56","2025-06-29 00:14:56",NULL,NULL,False,"mobile , documentation , onboarding , ux"
2571,80,1231,"data_export","medium","resolved","Permission settings not saving","2024-10-02 12:56:36","2024-10-03 08:56:36","2024-10-09 07:56:36",NULL,False,"security , sso , mobile , security"
2572,214,3097,"feature_request","high","waiting_on_customer","Gantt chart not rendering correctly","2023-12-24 15:26:12","2023-12-24 22:26:12",NULL,NULL,False,"feature;mobile;api;integration"
2573,875,NULL,"account","low","resolved","Mobile app crashes on Android","2024-08-06 18:40:12","2024-08-07 06:40:12","2024-08-11 08:40:12",4,False,"documentation"
2574,411,5199,"technical","medium","waiting_on_customer","GDPR data export request","2025-08-25 10:32:53","2025-08-28 03:32:53",NULL,NULL,False,"integration,enterprise,performance,sso"
2575,387,4907,"technical","high","waiting_on_customer","Feature request: dark mode","2025-03-29 20:59:37","2025-03-30 01:59:37",NULL,NULL,True,"performance;gdpr;migration;integration"
2576,232,3285,"technical","low","in_progress","Need to add more team members","2024-09-26 07:02:48","2024-09-28 00:02:48",NULL,NULL,False,"enterprise , training , export , migration"
2577,1066,NULL,"api","low","closed","Cannot downgrade plan","2025-06-24 22:41:05","2025-06-26 20:41:05","2025-07-01 16:41:05",4,False,"security"
2578,203,2886,"account","low","open","Need to add more team members","2025-04-24 07:36:25",NULL,NULL,NULL,False,"mobile , feature , technical"
2579,497,6280,"data_export","low","in_progress","Export failing for large datasets","2024-06-01 03:50:13","2024-06-03 06:50:13",NULL,NULL,False,"performance, documentation, migration, onboarding"
2580,921,NULL,"performance","low","resolved","Slow loading on project boards","2025-03-05 11:44:07","2025-03-08 06:44:07","2025-03-13 20:44:07",3,False,"api,mobile,documentation"
2581,1004,NULL,"data_export","high","resolved","Mobile app crashes on Android","2025-05-07 07:10:06","2025-05-07 19:10:06","2025-05-11 03:10:06",2,True,"mobile;urgent;feature"
2582,400,5098,"integration","high","closed","GDPR data export request","2025-08-18 03:51:42","2025-08-18 15:51:42","2025-08-21 16:51:42",3,False,"mobile,integration,billing,enterprise"
2583,589,7594,"onboarding","low","in_progress","GDPR data export request","2025-05-22 09:31:03","2025-05-24 02:31:03",NULL,NULL,False,"training , urgent"
2584,774,NULL,"billing","high","in_progress","Report generation timeout","2025-09-24 09:58:01","2025-09-24 14:58:01",NULL,NULL,False,"urgent"
2585,124,1821,"account","medium","open","White label logo not displaying","2025-01-18 13:37:09",NULL,NULL,NULL,False,NULL
2586,732,NULL,"data_export","medium","in_progress","Permission settings not saving","2025-07-03 00:33:04","2025-07-05 10:33:04",NULL,NULL,False,"training;migration"
2587,56,923,"account","medium","open","Account merge request","2024-11-04 20:59:38",NULL,NULL,NULL,False,"billing , mobile , onboarding"
2588,353,4506,"security","high","in_progress","Audit log access denied","2025-03-30 10:31:08","2025-03-30 12:31:08",NULL,NULL,False,"gdpr, feature, gdpr"
2589,1145,NULL,"account","high","waiting_on_customer","API rate limiting issues","2024-08-18 19:05:11","2024-08-19 02:05:11",NULL,NULL,False,NULL
2590,272,3764,"account","high","open","Need to add more team members","2024-03-17 13:39:22",NULL,NULL,NULL,False,NULL
2591,6,78,"onboarding","high","in_progress","Export failing for large datasets","2025-08-29 21:04:27","2025-08-30 01:04:27",NULL,NULL,True,"onboarding , api , integration , feature"
2592,87,1325,"account","medium","open","Slow loading on project boards","2025-06-16 20:15:06",NULL,NULL,NULL,False,NULL
2593,978,NULL,"data_export","medium","in_progress","Gantt chart not rendering correctly","2024-11-02 14:49:18","2024-11-05 07:49:18",NULL,NULL,False,NULL
2594,2,5,"account","medium","in_progress","Gantt chart not rendering correctly","2025-03-25 05:03:35","2025-03-26 19:03:35",NULL,NULL,False,"sso"
2595,1073,NULL,"billing","medium","in_progress","API rate limiting issues","2023-10-24 13:27:33","2023-10-25 14:27:33",NULL,NULL,False,"documentation;sso"
2596,691,NULL,"integration","high","open","Need help with API authentication","2025-07-06 11:20:33",NULL,NULL,NULL,False,"ux;enterprise;billing;security"
2597,545,6924,"security","high","in_progress","Need help with API authentication","2024-10-21 09:21:24","2024-10-21 16:21:24",NULL,NULL,False,"urgent"
2598,488,6225,"performance","medium","closed","Integration with Slack not working","2025-06-04 03:38:31","2025-06-05 18:38:31","2025-06-10 20:38:31",3,False,"bug , integration , api"
2599,331,4237,"api","low","waiting_on_customer","Need to add more team members","2025-05-06 14:49:38","2025-05-09 14:49:38",NULL,NULL,False,NULL
2600,139,2071,"account","high","closed","Feature request: dark mode","2025-10-02 15:31:47","2025-10-02 20:31:47","2025-10-06 19:31:47",4,False,"urgent"
2601,1156,NULL,"feature_request","high","closed","Need to add more team members","2025-04-08 22:17:08","2025-04-09 02:17:08","2025-04-14 02:17:08",5,False,"mobile;sso;integration;bug"
2602,59,958,"api","low","open","Duplicate notifications being sent","2023-08-31 13:05:09",NULL,NULL,NULL,False,"training , bug , feature"
2603,522,6627,"data_export","medium","closed","Audit log access denied","2025-10-23 21:59:22","2025-10-25 16:59:22","2025-10-30 02:59:22",4,False,"feature;documentation"
2604,391,4919,"integration","low","in_progress","Account merge request","2023-09-08 07:16:08","2023-09-08 20:16:08",NULL,NULL,False,"bug,documentation,technical,ux"
2605,1194,NULL,"billing","low","waiting_on_customer","API rate limiting issues","2025-10-21 22:46:05","2025-10-24 07:46:05",NULL,NULL,False,"bug"
2606,555,7113,"account","medium","open","Need to add more team members","2025-07-19 20:17:17",NULL,NULL,NULL,False,"documentation"
2607,539,6872,"security","high","in_progress","Webhook delivery failures","2024-12-15 22:10:23","2024-12-16 08:10:23",NULL,NULL,False,"documentation"
2608,583,7542,"api","medium","open","Gantt chart not rendering correctly","2025-06-23 14:18:19",NULL,NULL,NULL,False,"documentation , export"
2609,478,6109,"performance","medium","waiting_on_customer","Webhook delivery failures","2024-07-18 23:58:23","2024-07-21 10:58:23",NULL,NULL,False,"billing, mobile, sso"
2610,10,205,"data_export","high","waiting_on_customer","Integration with Slack not working","2025-09-22 19:14:16","2025-09-23 07:14:16",NULL,NULL,False,"enterprise , gdpr , enterprise"
2611,140,2084,"technical","medium","open","Report generation timeout","2025-05-31 06:52:43",NULL,NULL,NULL,False,"technical, sso, documentation, training"
2612,29,581,"api","high","in_progress","Gantt chart not rendering correctly","2024-06-01 17:18:01","2024-06-01 20:18:01",NULL,NULL,False,"bug , export , feature , bug"
2613,682,NULL,"feature_request","medium","open","Billing discrepancy on latest invoice","2025-08-06 13:44:49",NULL,NULL,NULL,False,"onboarding , urgent , onboarding"
2614,620,7878,"security","low","waiting_on_customer","Billing discrepancy on latest invoice","2025-03-18 09:19:05","2025-03-18 15:19:05",NULL,NULL,False,"mobile"
2615,558,7160,"integration","medium","open","Cannot login to dashboard","2024-11-02 18:53:07",NULL,NULL,NULL,False,NULL
2616,1019,NULL,"performance","medium","in_progress","Time tracking sync issues","2025-05-01 23:03:13","2025-05-04 23:03:13",NULL,NULL,False,"mobile , technical , ux"
2617,164,2378,"account","medium","resolved","Slow loading on project boards","2025-06-28 10:39:15","2025-06-28 12:39:15","2025-07-05 10:39:15",NULL,False,"migration,gdpr"
2618,872,NULL,"data_export","medium","resolved","Data import from CSV failing","2025-10-11 09:21:08","2025-10-13 13:21:08","2025-10-20 04:21:08",5,False,NULL
2619,437,5588,"onboarding","medium","open","Gantt chart not rendering correctly","2025-08-09 07:18:40",NULL,NULL,NULL,False,"migration"
2620,502,6393,"integration","medium","in_progress","API rate limiting issues","2025-06-06 03:19:00","2025-06-07 10:19:00",NULL,NULL,False,"technical , documentation , performance"
2621,289,3932,"data_export","medium","in_progress","Webhook delivery failures","2024-09-17 10:17:04","2024-09-19 13:17:04",NULL,NULL,False,"bug;sso"
2622,430,5469,"billing","low","open","Cannot login to dashboard","2025-03-02 05:39:53",NULL,NULL,NULL,False,NULL
2623,304,4042,"api","medium","waiting_on_customer","Slow loading on project boards","2025-04-03 13:33:32","2025-04-05 22:33:32",NULL,NULL,False,"enterprise,technical,training"
2624,37,667,"billing","medium","open","Feature request: dark mode","2025-10-20 10:56:21",NULL,NULL,NULL,False,"onboarding;security;ux"
2625,486,6161,"api","high","open","Cannot login to dashboard","2025-08-09 15:36:09",NULL,NULL,NULL,False,"onboarding"
2626,678,NULL,"performance","low","closed","GDPR data export request","2025-10-09 03:58:07","2025-10-11 15:58:07","2025-10-14 08:58:07",3,False,"onboarding"
2627,61,994,"integration","high","resolved","Integration with Slack not working","2024-07-09 15:57:38","2024-07-09 21:57:38","2024-07-10 20:57:38",4,False,"ux,api,documentation"
2628,780,NULL,"feature_request","low","closed","White label logo not displaying","2025-04-24 19:10:16","2025-04-27 12:10:16","2025-05-03 22:10:16",NULL,False,"api , enterprise , gdpr"
2629,795,NULL,"performance","critical","waiting_on_customer","GDPR data export request","2023-01-04 08:57:01","2023-01-04 10:47:01",NULL,NULL,False,NULL
2630,275,3799,"security","high","open","Audit log access denied","2025-10-25 05:12:02",NULL,NULL,NULL,False,"documentation, enterprise"
2631,890,NULL,"data_export","medium","waiting_on_customer","Duplicate notifications being sent","2025-03-15 20:29:14","2025-03-18 05:29:14",NULL,NULL,False,NULL
2632,324,4185,"account","low","open","Time tracking sync issues","2025-05-18 17:10:56",NULL,NULL,NULL,False,NULL
2633,515,6568,"onboarding","medium","resolved","Feature request: dark mode","2024-10-23 11:34:22","2024-10-25 10:34:22","2024-10-29 18:34:22",NULL,False,"mobile , gdpr , integration"
2634,790,NULL,"onboarding","critical","closed","Need help with API authentication","2024-12-24 13:22:38","2024-12-24 15:02:38","2024-12-28 04:02:38",NULL,False,"security;ux;feature"
2635,1182,NULL,"account","high","in_progress","Cannot downgrade plan","2024-04-03 00:58:16","2024-04-03 03:58:16",NULL,NULL,False,NULL
2636,549,6983,"performance","low","open","Gantt chart not rendering correctly","2025-09-30 01:59:56",NULL,NULL,NULL,False,"api, documentation"
2637,844,NULL,"account","high","resolved","Integration with Slack not working","2025-02-16 09:31:44","2025-02-16 16:31:44","2025-02-19 22:31:44",NULL,True,NULL
2638,345,4378,"security","high","waiting_on_customer","Billing discrepancy on latest invoice","2024-03-02 05:54:23","2024-03-02 09:54:23",NULL,NULL,False,NULL
2639,854,NULL,"integration","medium","waiting_on_customer","Cannot login to dashboard","2023-08-13 07:00:44","2023-08-14 16:00:44",NULL,NULL,False,"export"
2640,291,3941,"security","low","closed","Custom workflow automation broken","2025-08-13 23:40:38","2025-08-15 14:40:38","2025-08-18 04:40:38",NULL,False,"urgent , export"
2641,594,7677,"performance","low","waiting_on_customer","Feature request: dark mode","2025-06-18 06:27:55","2025-06-19 09:27:55",NULL,NULL,False,"bug, onboarding, migration"
2642,917,NULL,"integration","low","closed","White label logo not displaying","2024-01-21 10:30:08","2024-01-23 14:30:08","2024-01-28 12:30:08",NULL,False,"gdpr,urgent,security"
2643,1011,NULL,"feature_request","critical","open","Integration with Slack not working","2025-07-14 06:50:46",NULL,NULL,NULL,True,"sso , enterprise , export , onboarding , sso"
2644,723,NULL,"integration","critical","waiting_on_customer","Mobile app crashes on Android","2025-10-11 12:47:55","2025-10-11 13:15:55",NULL,NULL,True,"documentation, migration"
2645,1004,NULL,"feature_request","medium","in_progress","Cannot downgrade plan","2025-09-17 08:31:16","2025-09-17 13:31:16",NULL,NULL,False,"onboarding, performance, api"
2646,69,1079,"data_export","critical","open","Need help with API authentication","2024-07-14 11:53:45",NULL,NULL,NULL,False,NULL
2647,398,5085,"api","medium","in_progress","Permission settings not saving","2025-06-12 00:00:43","2025-06-13 13:00:43",NULL,NULL,False,"training"
2648,247,3455,"feature_request","medium","open","Time tracking sync issues","2024-05-25 05:45:10",NULL,NULL,NULL,False,"export"
2649,597,7714,"account","medium","in_progress","SSO configuration help needed","2025-08-22 21:54:40","2025-08-25 08:54:40",NULL,NULL,False,"technical , api , migration"
2650,929,NULL,"onboarding","medium","closed","GDPR data export request","2024-09-12 23:39:02","2024-09-14 09:39:02","2024-09-18 22:39:02",NULL,False,"export, performance, onboarding"
2651,234,3309,"security","medium","in_progress","Account merge request","2025-09-09 05:24:32","2025-09-10 22:24:32",NULL,NULL,False,"ux , security , mobile , feature"
2652,584,7550,"data_export","high","in_progress","Slow loading on project boards","2025-09-18 13:25:52","2025-09-18 19:25:52",NULL,NULL,False,"migration, sso, ux"
2653,1185,NULL,"feature_request","high","open","Gantt chart not rendering correctly","2025-10-27 02:00:27",NULL,NULL,NULL,False,NULL
2654,341,4334,"data_export","low","closed","Need help with API authentication","2023-03-10 01:47:51","2023-03-12 06:47:51","2023-03-17 06:47:51",NULL,False,"gdpr"
2655,196,2762,"onboarding","high","in_progress","White label logo not displaying","2024-10-29 05:13:32","2024-10-29 14:13:32",NULL,NULL,False,"mobile"
2656,378,4816,"technical","low","closed","Gantt chart not rendering correctly","2025-10-30 21:04:51","2025-11-02 07:04:51","2025-11-09 02:04:51",NULL,False,"security"
2657,830,NULL,"integration","high","open","Integration with Slack not working","2023-06-23 17:06:54",NULL,NULL,NULL,True,NULL
2658,482,6143,"technical","low","waiting_on_customer","Billing discrepancy on latest invoice","2024-11-28 02:52:20","2024-11-29 21:52:20",NULL,NULL,False,"api,urgent"
2659,886,NULL,"integration","critical","resolved","Webhook delivery failures","2025-07-29 08:10:50","2025-07-29 09:20:50","2025-07-29 23:20:50",1,False,"billing"
2660,299,3985,"integration","low","resolved","Mobile app crashes on Android","2025-08-16 02:42:48","2025-08-17 14:42:48","2025-08-19 21:42:48",5,False,"mobile"
2661,1018,NULL,"integration","low","open","Need help with API authentication","2025-06-04 04:19:36",NULL,NULL,NULL,False,"documentation,feature"
2662,434,5559,"data_export","critical","resolved","Need help with API authentication","2025-08-05 09:23:58","2025-08-05 10:51:58","2025-08-11 23:51:58",NULL,False,NULL
2663,1172,NULL,"feature_request","critical","resolved","Slow loading on project boards","2025-05-06 18:17:11","2025-05-06 18:42:11","2025-05-12 11:42:11",NULL,False,"feature;performance;bug"
2664,598,7721,"account","medium","waiting_on_customer","Report generation timeout","2025-10-29 02:06:01","2025-10-31 18:06:01",NULL,NULL,False,"security,technical"
2665,812,NULL,"security","medium","resolved","GDPR data export request","2025-10-03 15:57:17","2025-10-04 20:57:17","2025-10-11 01:57:17",NULL,False,"ux,billing"
2666,150,2155,"performance","low","closed","Custom workflow automation broken","2024-09-12 14:11:03","2024-09-15 09:11:03","2024-09-17 07:11:03",4,False,NULL
2667,1001,NULL,"technical","high","waiting_on_customer","Billing discrepancy on latest invoice","2025-09-16 00:09:41","2025-09-16 08:09:41",NULL,NULL,True,"gdpr;security;urgent"
2668,456,5865,"feature_request","critical","closed","Feature request: dark mode","2025-10-28 18:38:30","2025-10-28 19:41:30","2025-10-29 14:41:30",5,False,"training"
2669,798,NULL,"api","high","in_progress","White label logo not displaying","2023-12-14 23:12:58","2023-12-15 00:12:58",NULL,NULL,False,"export, billing, ux, integration"
2670,152,2195,"technical","medium","in_progress","Need to add more team members","2025-05-23 14:28:43","2025-05-26 05:28:43",NULL,NULL,False,"security;ux;bug"
2671,841,NULL,"account","critical","in_progress","Data import from CSV failing","2025-10-03 09:31:13","2025-10-03 09:40:13",NULL,NULL,False,NULL
2672,595,7694,"performance","low","open","Need to add more team members","2025-06-17 17:18:16",NULL,NULL,NULL,False,NULL
2673,270,3753,"data_export","medium","resolved","Time tracking sync issues","2023-07-22 17:57:24","2023-07-25 05:57:24","2023-07-27 04:57:24",5,False,NULL
2674,72,1103,"billing","high","resolved","Cannot login to dashboard","2025-10-16 08:59:20","2025-10-16 14:59:20","2025-10-17 16:59:20",4,False,"onboarding,migration,gdpr,feature"
2675,1161,NULL,"account","medium","in_progress","Billing discrepancy on latest invoice","2024-10-28 20:29:52","2024-10-29 13:29:52",NULL,NULL,False,"enterprise, billing, ux"
2676,424,5388,"performance","high","open","Gantt chart not rendering correctly","2023-06-03 16:04:34",NULL,NULL,NULL,True,"security;security"
2677,573,7382,"billing","medium","resolved","Account merge request","2025-03-07 16:56:39","2025-03-08 11:56:39","2025-03-08 14:56:39",4,False,"mobile"
2678,955,NULL,"data_export","medium","open","Report generation timeout","2025-08-13 08:40:26",NULL,NULL,NULL,False,NULL
2679,602,7731,"performance","critical","resolved","Billing discrepancy on latest invoice","2025-10-11 22:32:06","2025-10-11 23:27:06","2025-10-18 08:27:06",4,True,NULL
2680,682,NULL,"api","medium","resolved","Cannot login to dashboard","2024-10-06 19:02:00","2024-10-08 03:02:00","2024-10-12 12:02:00",5,False,"feature"
2681,1182,NULL,"performance","low","open","Report generation timeout","2024-02-25 19:39:04",NULL,NULL,NULL,False,NULL
2682,1028,NULL,"billing","low","open","Cannot downgrade plan","2025-06-21 22:23:04",NULL,NULL,NULL,False,"export;security;feature;export"
2683,1005,NULL,"billing","high","open","Data import from CSV failing","2025-10-15 14:31:59",NULL,NULL,NULL,False,"integration, integration"
2684,837,NULL,"performance","high","closed","Data import from CSV failing","2025-03-20 18:35:01","2025-03-21 01:35:01","2025-03-21 17:35:01",NULL,False,"ux;technical"
2685,229,3234,"feature_request","critical","in_progress","API rate limiting issues","2025-07-18 14:59:31","2025-07-18 15:29:31",NULL,NULL,False,"security,integration,urgent,technical"
2686,119,1702,"security","high","waiting_on_customer","Report generation timeout","2024-12-17 03:28:50","2024-12-17 04:28:50",NULL,NULL,False,NULL
2687,1147,NULL,"api","medium","open","Cannot downgrade plan","2024-01-28 15:24:08",NULL,NULL,NULL,False,"feature, bug, mobile"
2688,229,3223,"onboarding","high","waiting_on_customer","Integration with Slack not working","2025-10-07 21:43:57","2025-10-08 05:43:57",NULL,NULL,False,"technical,performance,documentation,mobile"
2689,446,5689,"integration","medium","open","Billing discrepancy on latest invoice","2025-01-21 08:21:12",NULL,NULL,NULL,False,"enterprise , api"
2690,939,NULL,"billing","low","resolved","Time tracking sync issues","2025-04-29 16:07:20","2025-04-30 12:07:20","2025-04-30 22:07:20",NULL,False,"training, documentation, integration, performance"
2691,883,NULL,"technical","medium","in_progress","Feature request: dark mode","2025-09-17 23:00:10","2025-09-20 12:00:10",NULL,NULL,False,"performance , enterprise , urgent"
2692,1122,NULL,"api","low","in_progress","White label logo not displaying","2025-07-20 15:50:56","2025-07-21 19:50:56",NULL,NULL,False,"security;sso"
2693,172,2523,"technical","low","in_progress","Webhook delivery failures","2025-06-29 17:35:44","2025-07-02 16:35:44",NULL,NULL,False,NULL
2694,1030,NULL,"billing","high","in_progress","Billing discrepancy on latest invoice","2025-06-13 22:24:19","2025-06-13 23:24:19",NULL,NULL,False,"urgent , sso"
2695,7,82,"onboarding","critical","in_progress","Cannot downgrade plan","2025-06-24 01:40:03","2025-06-24 03:09:03",NULL,NULL,True,"ux , mobile"
2696,538,6845,"feature_request","medium","waiting_on_customer","Webhook delivery failures","2025-04-25 22:26:05","2025-04-27 20:26:05",NULL,NULL,False,"integration,migration,mobile"
2697,660,8486,"onboarding","high","waiting_on_customer","Feature request: dark mode","2023-09-08 22:19:20","2023-09-09 04:19:20",NULL,NULL,True,NULL
2698,1115,NULL,"integration","medium","waiting_on_customer","Webhook delivery failures","2024-11-21 16:40:54","2024-11-23 16:40:54",NULL,NULL,False,"technical, integration, gdpr, enterprise"
2699,1186,NULL,"integration","medium","closed","GDPR data export request","2024-11-13 14:11:14","2024-11-16 03:11:14","2024-11-19 17:11:14",NULL,False,"api , billing , bug , onboarding , api"
2700,1089,NULL,"technical","low","in_progress","Export failing for large datasets","2024-10-22 22:53:07","2024-10-23 01:53:07",NULL,NULL,False,"export,integration"
2701,1015,NULL,"feature_request","low","closed","Report generation timeout","2025-07-29 21:24:50","2025-07-31 21:24:50","2025-08-05 11:24:50",3,False,"training;onboarding;export"
2702,262,3681,"technical","critical","closed","Cannot login to dashboard","2025-08-03 06:02:19","2025-08-03 07:26:19","2025-08-07 20:26:19",NULL,False,"api, ux, sso, onboarding"
2703,506,6418,"data_export","medium","in_progress","Permission settings not saving","2024-10-29 12:22:12","2024-10-31 08:22:12",NULL,NULL,False,"performance,integration,urgent"
2704,800,NULL,"technical","high","in_progress","Data import from CSV failing","2025-08-16 23:03:35","2025-08-17 04:03:35",NULL,NULL,False,"technical"
2705,247,3452,"data_export","low","resolved","White label logo not displaying","2024-06-26 10:24:46","2024-06-27 19:24:46","2024-07-02 11:24:46",4,False,NULL
2706,324,4183,"onboarding","low","resolved","Need help with API authentication","2025-04-10 11:34:03","2025-04-11 21:34:03","2025-04-13 04:34:03",NULL,False,NULL
2707,1003,NULL,"billing","medium","in_progress","White label logo not displaying","2024-05-15 23:01:13","2024-05-18 08:01:13",NULL,NULL,False,NULL
2708,1165,NULL,"performance","high","resolved","Cannot login to dashboard","2025-09-04 14:44:06","2025-09-04 19:44:06","2025-09-10 09:44:06",2,True,"billing , urgent , ux"
2709,638,8209,"account","high","in_progress","Need help with API authentication","2025-02-03 20:49:17","2025-02-04 03:49:17",NULL,NULL,False,"gdpr"
2710,536,6803,"security","low","open","Need help with API authentication","2025-03-29 16:52:16",NULL,NULL,NULL,False,"technical"
2711,262,3683,"technical","medium","waiting_on_customer","GDPR data export request","2025-10-12 07:57:23","2025-10-12 16:57:23",NULL,NULL,False,"api , ux , gdpr"
2712,798,NULL,"data_export","critical","waiting_on_customer","Custom workflow automation broken","2025-05-24 09:43:21","2025-05-24 11:05:21",NULL,NULL,False,"integration, sso, ux"
2713,765,NULL,"api","high","closed","Mobile app crashes on Android","2024-04-11 16:00:44","2024-04-11 18:00:44","2024-04-16 14:00:44",5,False,"gdpr;export;sso;migration"
2714,65,1056,"api","low","resolved","Export failing for large datasets","2023-02-10 13:14:45","2023-02-13 00:14:45","2023-02-18 01:14:45",NULL,False,"security;security"
2715,570,7321,"security","low","closed","Report generation timeout","2025-10-17 15:58:23","2025-10-20 13:58:23","2025-10-20 23:58:23",5,False,"feature, export, feature"
2716,275,3799,"feature_request","critical","open","Report generation timeout","2025-09-03 11:24:10",NULL,NULL,NULL,False,NULL
2717,938,NULL,"feature_request","medium","waiting_on_customer","Need help with API authentication","2025-06-07 20:53:16","2025-06-09 11:53:16",NULL,NULL,False,"performance;gdpr;integration;api"
2718,1166,NULL,"performance","low","resolved","Webhook delivery failures","2025-08-27 10:20:01","2025-08-28 08:20:01","2025-08-31 22:20:01",4,False,"urgent,feature,training,performance"
2719,32,617,"billing","medium","open","Account merge request","2025-07-03 12:58:03",NULL,NULL,NULL,False,"urgent , integration"
2720,416,5248,"account","low","resolved","Integration with Slack not working","2025-09-30 05:14:35","2025-10-01 22:14:35","2025-10-07 16:14:35",3,False,"training;ux;api"
2721,1145,NULL,"api","critical","resolved","Data import from CSV failing","2025-01-18 04:52:02","2025-01-18 06:12:02","2025-01-18 13:12:02",2,True,NULL
2722,205,2902,"feature_request","high","in_progress","Feature request: dark mode","2025-08-06 09:59:41","2025-08-06 11:59:41",NULL,NULL,True,"performance,onboarding,sso"
2723,261,3637,"api","high","in_progress","GDPR data export request","2025-06-09 08:39:50","2025-06-09 13:39:50",NULL,NULL,False,"export , migration , enterprise , feature"
2724,1098,NULL,"data_export","high","waiting_on_customer","Gantt chart not rendering correctly","2025-04-04 04:59:44","2025-04-04 11:59:44",NULL,NULL,False,"feature,onboarding,enterprise"
2725,737,NULL,"performance","critical","open","Duplicate notifications being sent","2025-02-07 07:00:10",NULL,NULL,NULL,False,NULL
2726,75,1151,"technical","low","resolved","Webhook delivery failures","2025-10-24 22:55:41","2025-10-25 07:55:41","2025-10-31 22:55:41",NULL,False,"performance"
2727,658,8466,"onboarding","medium","waiting_on_customer","Gantt chart not rendering correctly","2024-05-10 18:13:36","2024-05-13 18:13:36",NULL,NULL,False,"export,gdpr"
2728,771,NULL,"feature_request","high","open","Time tracking sync issues","2023-12-09 03:11:29",NULL,NULL,NULL,False,NULL
2729,1085,NULL,"security","low","closed","SSO configuration help needed","2025-03-24 04:36:41","2025-03-26 15:36:41","2025-04-01 11:36:41",NULL,False,"enterprise,api,enterprise"
2730,1088,NULL,"integration","high","resolved","API rate limiting issues","2025-05-19 21:48:32","2025-05-20 03:48:32","2025-05-22 00:48:32",4,False,NULL
2731,71,1097,"onboarding","low","closed","Data import from CSV failing","2025-06-21 23:00:34","2025-06-22 04:00:34","2025-06-26 09:00:34",3,False,"onboarding , security"
2732,346,4384,"billing","low","closed","Custom workflow automation broken","2023-11-15 08:17:29","2023-11-16 18:17:29","2023-11-22 00:17:29",3,False,"ux;sso;api"
2733,282,3839,"onboarding","low","waiting_on_customer","SSO configuration help needed","2025-07-14 08:27:21","2025-07-17 00:27:21",NULL,NULL,False,NULL
2734,22,458,"onboarding","medium","resolved","Report generation timeout","2025-02-10 15:38:10","2025-02-12 10:38:10","2025-02-17 12:38:10",5,False,"enterprise , technical , gdpr , export"
2735,1091,NULL,"data_export","low","in_progress","Need to add more team members","2024-10-29 14:55:34","2024-10-30 11:55:34",NULL,NULL,False,NULL
2736,773,NULL,"security","medium","open","GDPR data export request","2025-06-11 13:26:01",NULL,NULL,NULL,False,"gdpr"
2737,364,4683,"data_export","low","open","Cannot downgrade plan","2024-03-16 22:39:28",NULL,NULL,NULL,False,"bug , sso , onboarding , urgent"
2738,439,5605,"security","medium","closed","Cannot downgrade plan","2025-05-09 01:11:30","2025-05-09 14:11:30","2025-05-16 06:11:30",NULL,False,"mobile, technical, billing, training"
2739,186,2686,"feature_request","low","in_progress","Need to add more team members","2023-06-18 19:08:25","2023-06-21 06:08:25",NULL,NULL,False,"ux , onboarding"
2740,157,2271,"account","medium","in_progress","Export failing for large datasets","2025-07-20 01:09:24","2025-07-21 07:09:24",NULL,NULL,False,"documentation, technical, onboarding, export"
2741,120,1743,"account","medium","closed","Export failing for large datasets","2024-12-19 18:24:56","2024-12-19 23:24:56","2024-12-20 01:24:56",NULL,False,"performance, bug"
2742,71,1097,"account","low","closed","Integration with Slack not working","2024-11-01 11:41:39","2024-11-02 04:41:39","2024-11-02 21:41:39",3,False,"mobile, integration"
2743,638,8208,"feature_request","critical","in_progress","Webhook delivery failures","2025-02-27 04:42:44","2025-02-27 06:17:44",NULL,NULL,False,"technical;enterprise"
2744,1097,NULL,"api","medium","in_progress","Slow loading on project boards","2025-07-16 20:09:39","2025-07-18 10:09:39",NULL,NULL,False,"billing"
2745,209,3017,"onboarding","high","waiting_on_customer","Data import from CSV failing","2024-07-13 13:35:38","2024-07-14 00:35:38",NULL,NULL,False,"export, training, urgent"
2746,269,3726,"feature_request","medium","waiting_on_customer","Duplicate notifications being sent","2025-03-11 11:32:10","2025-03-14 05:32:10",NULL,NULL,False,"integration , training , export , api"
2747,32,617,"api","high","in_progress","White label logo not displaying","2025-10-09 07:39:46","2025-10-09 09:39:46",NULL,NULL,True,NULL
2748,415,5243,"feature_request","low","closed","White label logo not displaying","2025-09-30 06:07:24","2025-10-03 05:07:24","2025-10-07 07:07:24",5,False,"feature , enterprise , feature"
2749,800,NULL,"technical","high","closed","Gantt chart not rendering correctly","2025-04-11 13:39:58","2025-04-11 15:39:58","2025-04-17 16:39:58",4,False,"api;enterprise;mobile"
2750,1088,NULL,"billing","high","resolved","Need to add more team members","2025-03-18 13:59:33","2025-03-18 18:59:33","2025-03-24 11:59:33",3,False,"performance, api, documentation, performance"
2751,611,7813,"billing","medium","open","Audit log access denied","2024-12-27 03:38:51",NULL,NULL,NULL,False,"export,enterprise,urgent,migration"
2752,466,6030,"security","high","open","API rate limiting issues","2025-05-16 03:24:57",NULL,NULL,NULL,False,NULL
2753,501,6389,"onboarding","medium","open","Cannot login to dashboard","2024-12-10 04:33:51",NULL,NULL,NULL,False,"ux , migration , export , security"
2754,231,3271,"integration","high","in_progress","SSO configuration help needed","2025-02-06 23:17:39","2025-02-07 07:17:39",NULL,NULL,True,"billing , training"
2755,823,NULL,"api","high","in_progress","Webhook delivery failures","2025-10-01 04:04:38","2025-10-01 08:04:38",NULL,NULL,False,"export"
2756,744,NULL,"account","medium","resolved","Data import from CSV failing","2024-04-23 20:34:25","2024-04-26 07:34:25","2024-05-02 08:34:25",5,False,"technical,enterprise,bug,training"
2757,397,5062,"integration","medium","waiting_on_customer","Duplicate notifications being sent","2025-04-18 07:37:33","2025-04-19 00:37:33",NULL,NULL,False,"mobile;migration;documentation;bug"
2758,298,3971,"performance","medium","in_progress","Mobile app crashes on Android","2025-09-08 20:00:55","2025-09-11 16:00:55",NULL,NULL,False,"api"
2759,848,NULL,"account","medium","waiting_on_customer","Feature request: dark mode","2025-04-09 04:10:57","2025-04-11 21:10:57",NULL,NULL,False,"enterprise;export;feature"
2760,689,NULL,"data_export","low","closed","Report generation timeout","2025-05-25 22:47:02","2025-05-27 18:47:02","2025-05-27 20:47:02",4,False,NULL
2761,679,NULL,"security","medium","open","API rate limiting issues","2024-06-01 15:25:15",NULL,NULL,NULL,False,"mobile, training, performance"
2762,286,3866,"performance","critical","closed","Need help with API authentication","2025-07-12 12:57:15","2025-07-12 13:16:15","2025-07-15 00:16:15",5,True,NULL
2763,400,5099,"account","critical","open","Billing discrepancy on latest invoice","2025-10-16 09:08:48",NULL,NULL,NULL,True,"export , feature"
2764,991,NULL,"performance","medium","closed","Custom workflow automation broken","2024-08-17 09:04:09","2024-08-19 20:04:09","2024-08-23 01:04:09",NULL,False,"training;api;integration;feature"
2765,457,5875,"billing","medium","resolved","Feature request: dark mode","2024-08-14 03:19:10","2024-08-15 16:19:10","2024-08-18 19:19:10",5,False,"urgent;onboarding;mobile;bug"
2766,1170,NULL,"data_export","medium","closed","Report generation timeout","2024-05-07 19:30:43","2024-05-09 07:30:43","2024-05-15 19:30:43",3,False,"gdpr"
2767,804,NULL,"technical","medium","waiting_on_customer","Report generation timeout","2025-01-30 07:11:40","2025-02-01 11:11:40",NULL,NULL,False,"security,training"
2768,634,8128,"security","medium","open","Cannot downgrade plan","2025-04-14 19:16:46",NULL,NULL,NULL,False,"urgent;onboarding;api"
2769,31,616,"feature_request","critical","open","Webhook delivery failures","2024-01-23 20:23:58",NULL,NULL,NULL,False,"onboarding;gdpr;technical;billing"
2770,73,1117,"billing","low","closed","Time tracking sync issues","2024-12-15 17:16:04","2024-12-16 06:16:04","2024-12-20 08:16:04",5,False,NULL
2771,896,NULL,"feature_request","high","open","Gantt chart not rendering correctly","2025-03-05 20:43:34",NULL,NULL,NULL,False,"bug , integration , enterprise , performance"
2772,637,8186,"data_export","high","in_progress","Cannot login to dashboard","2024-12-29 22:13:03","2024-12-30 08:13:03",NULL,NULL,False,"migration,billing"
2773,40,702,"billing","low","resolved","Cannot downgrade plan","2025-03-16 13:35:14","2025-03-18 08:35:14","2025-03-19 09:35:14",3,False,NULL
2774,148,2151,"billing","critical","resolved","API rate limiting issues","2025-10-07 21:19:17","2025-10-07 21:30:17","2025-10-14 18:30:17",5,False,"gdpr,security"
2775,867,NULL,"onboarding","medium","in_progress","Need help with API authentication","2025-03-05 02:34:56","2025-03-07 03:34:56",NULL,NULL,False,"enterprise , performance"
2776,988,NULL,"feature_request","high","closed","White label logo not displaying","2025-09-13 06:20:20","2025-09-13 14:20:20","2025-09-17 07:20:20",3,False,"ux, documentation, feature, bug"
2777,267,3711,"api","medium","in_progress","Slow loading on project boards","2024-09-21 07:57:19","2024-09-22 05:57:19",NULL,NULL,False,"technical"
2778,515,6567,"performance","low","waiting_on_customer","Need help with API authentication","2024-07-27 21:50:21","2024-07-30 19:50:21",NULL,NULL,False,NULL
2779,402,5111,"account","low","in_progress","Webhook delivery failures","2025-10-02 09:36:36","2025-10-04 18:36:36",NULL,NULL,False,"ux;migration;integration;bug;ux"
2780,293,3949,"billing","medium","waiting_on_customer","Data import from CSV failing","2023-02-17 11:40:12","2023-02-18 23:40:12",NULL,NULL,False,"mobile, ux, api, training"
2781,1002,NULL,"feature_request","low","resolved","White label logo not displaying","2025-08-19 15:12:08","2025-08-22 00:12:08","2025-08-26 13:12:08",4,False,"security"
2782,909,NULL,"onboarding","medium","waiting_on_customer","Feature request: dark mode","2025-10-07 15:18:11","2025-10-08 19:18:11",NULL,NULL,False,"ux;onboarding;technical;api"
2783,723,NULL,"onboarding","medium","in_progress","Report generation timeout","2025-01-09 14:32:47","2025-01-11 09:32:47",NULL,NULL,False,"performance , mobile , training , documentation"
2784,278,3817,"performance","medium","in_progress","Custom workflow automation broken","2025-02-06 09:27:45","2025-02-06 12:27:45",NULL,NULL,False,"mobile;billing;sso;training"
2785,226,3191,"security","medium","closed","Mobile app crashes on Android","2025-09-03 12:53:48","2025-09-05 23:53:48","2025-09-09 03:53:48",NULL,False,"export"
2786,690,NULL,"onboarding","medium","in_progress","Slow loading on project boards","2025-10-29 03:09:40","2025-10-30 06:09:40",NULL,NULL,False,"ux, sso"
2787,306,4067,"performance","low","open","Duplicate notifications being sent","2025-10-24 13:42:44",NULL,NULL,NULL,False,"ux , documentation , integration"
2788,789,NULL,"api","low","closed","Billing discrepancy on latest invoice","2025-07-10 15:47:43","2025-07-11 12:47:43","2025-07-13 01:47:43",5,False,"training"
2789,1121,NULL,"api","high","waiting_on_customer","Account merge request","2024-12-07 00:27:27","2024-12-07 11:27:27",NULL,NULL,False,"documentation;onboarding;enterprise;technical"
2790,935,NULL,"account","medium","closed","Audit log access denied","2023-05-28 18:40:31","2023-05-31 15:40:31","2023-06-02 00:40:31",NULL,False,"billing"
2791,377,4795,"onboarding","low","open","API rate limiting issues","2023-12-29 00:35:10",NULL,NULL,NULL,False,"integration"
2792,1175,NULL,"api","high","open","Report generation timeout","2023-12-21 21:54:00",NULL,NULL,NULL,False,NULL
2793,694,NULL,"data_export","medium","closed","SSO configuration help needed","2024-03-29 17:20:14","2024-03-31 08:20:14","2024-04-02 08:20:14",5,False,"documentation;ux"
2794,173,2536,"account","low","closed","Account merge request","2024-08-11 15:00:06","2024-08-14 04:00:06","2024-08-19 14:00:06",5,False,"sso , documentation , gdpr"
2795,316,4129,"data_export","high","in_progress","Need help with API authentication","2025-10-23 01:06:18","2025-10-23 06:06:18",NULL,NULL,False,"technical;integration;security;migration"
2796,1057,NULL,"performance","high","resolved","SSO configuration help needed","2025-07-09 23:27:17","2025-07-10 03:27:17","2025-07-15 16:27:17",2,True,NULL
2797,63,1043,"security","low","in_progress","Billing discrepancy on latest invoice","2025-08-31 14:53:50","2025-09-02 15:53:50",NULL,NULL,False,"billing"
2798,1095,NULL,"integration","medium","closed","White label logo not displaying","2025-08-12 17:59:04","2025-08-13 15:59:04","2025-08-13 17:59:04",3,False,"export , urgent , sso"
2799,151,2163,"onboarding","critical","closed","Permission settings not saving","2025-07-14 23:45:35","2025-07-15 00:38:35","2025-07-16 02:38:35",3,True,"performance;documentation;feature"
2800,554,7075,"api","low","closed","Export failing for large datasets","2023-11-26 00:52:24","2023-11-26 15:52:24","2023-12-02 22:52:24",5,False,"sso, integration, onboarding, documentation"
2801,1080,NULL,"technical","medium","closed","Need help with API authentication","2025-10-24 01:53:52","2025-10-24 04:53:52","2025-10-24 18:53:52",5,False,NULL
2802,1200,NULL,"performance","low","closed","Cannot downgrade plan","2025-03-20 16:06:51","2025-03-20 18:06:51","2025-03-25 15:06:51",NULL,False,"training , technical , gdpr , migration"
2803,859,NULL,"data_export","low","waiting_on_customer","Cannot downgrade plan","2025-06-19 03:18:40","2025-06-20 10:18:40",NULL,NULL,False,"ux, mobile"
2804,1024,NULL,"technical","low","closed","Permission settings not saving","2024-05-12 18:47:57","2024-05-13 04:47:57","2024-05-16 02:47:57",NULL,False,"bug,billing,sso"
2805,1087,NULL,"security","medium","closed","Audit log access denied","2025-01-22 20:27:22","2025-01-25 20:27:22","2025-01-27 19:27:22",4,False,"training;gdpr;feature;onboarding"
2806,704,NULL,"feature_request","low","closed","Account merge request","2024-12-19 02:41:36","2024-12-20 01:41:36","2024-12-21 12:41:36",NULL,False,"mobile,ux,enterprise"
2807,814,NULL,"performance","low","open","GDPR data export request","2025-10-17 14:48:08",NULL,NULL,NULL,False,NULL
2808,745,NULL,"onboarding","medium","waiting_on_customer","Feature request: dark mode","2025-02-23 05:08:48","2025-02-25 13:08:48",NULL,NULL,False,"sso;feature"
2809,1084,NULL,"onboarding","high","waiting_on_customer","SSO configuration help needed","2024-12-30 03:38:32","2024-12-30 06:38:32",NULL,NULL,True,"security"
2810,848,NULL,"performance","high","in_progress","Time tracking sync issues","2025-08-12 09:16:55","2025-08-12 12:16:55",NULL,NULL,False,NULL
2811,442,5615,"integration","medium","open","Custom workflow automation broken","2025-08-25 08:51:49",NULL,NULL,NULL,False,"gdpr , sso"
2812,24,502,"performance","high","in_progress","Integration with Slack not working","2025-07-02 04:16:25","2025-07-02 09:16:25",NULL,NULL,False,"training"
2813,70,1087,"feature_request","high","open","Export failing for large datasets","2025-02-28 22:26:38",NULL,NULL,NULL,False,"migration,feature,security,api"
2814,198,2806,"technical","medium","open","Audit log access denied","2024-01-07 17:35:38",NULL,NULL,NULL,False,"integration, enterprise, urgent, export"
2815,729,NULL,"feature_request","high","resolved","Need to add more team members","2025-08-05 16:32:18","2025-08-05 22:32:18","2025-08-08 04:32:18",NULL,False,"bug , api"
2816,875,NULL,"integration","medium","closed","Webhook delivery failures","2024-12-11 22:39:19","2024-12-12 17:39:19","2024-12-18 06:39:19",NULL,False,"feature,billing"
2817,970,NULL,"account","medium","resolved","Audit log access denied","2024-03-22 03:59:54","2024-03-25 00:59:54","2024-03-27 11:59:54",NULL,False,"export,bug,technical"
2818,87,1323,"onboarding","high","closed","Cannot downgrade plan","2024-10-30 08:08:59","2024-10-30 19:08:59","2024-11-03 02:08:59",3,False,"documentation, onboarding, performance, enterprise"
2819,468,6038,"api","medium","resolved","Webhook delivery failures","2025-05-20 17:10:33","2025-05-21 08:10:33","2025-05-25 18:10:33",NULL,False,NULL
2820,831,NULL,"technical","low","waiting_on_customer","GDPR data export request","2025-08-29 21:54:56","2025-08-31 15:54:56",NULL,NULL,False,"api;security"
2821,286,3864,"onboarding","high","open","Report generation timeout","2025-01-15 06:39:40",NULL,NULL,NULL,False,"sso;onboarding"
2822,934,NULL,"feature_request","low","open","Report generation timeout","2024-10-01 08:53:50",NULL,NULL,NULL,False,"performance,migration"
2823,27,544,"feature_request","high","resolved","White label logo not displaying","2024-04-06 05:47:51","2024-04-06 10:47:51","2024-04-10 21:47:51",5,True,NULL
2824,171,2507,"technical","high","closed","API rate limiting issues","2025-01-24 10:24:00","2025-01-24 18:24:00","2025-01-30 10:24:00",2,True,"mobile"
2825,708,NULL,"security","critical","waiting_on_customer","Mobile app crashes on Android","2025-02-26 20:54:07","2025-02-26 22:48:07",NULL,NULL,False,"enterprise, security"
2826,547,6968,"billing","medium","in_progress","Need help with API authentication","2025-04-08 19:04:57","2025-04-09 14:04:57",NULL,NULL,False,"api , mobile , security , enterprise"
2827,753,NULL,"technical","low","in_progress","Duplicate notifications being sent","2025-05-27 15:00:41","2025-05-29 10:00:41",NULL,NULL,False,"migration, gdpr, mobile, performance"
2828,195,2755,"performance","medium","waiting_on_customer","Webhook delivery failures","2025-08-11 12:40:16","2025-08-14 04:40:16",NULL,NULL,False,"onboarding"
2829,701,NULL,"feature_request","low","in_progress","Mobile app crashes on Android","2024-07-14 23:28:56","2024-07-17 08:28:56",NULL,NULL,False,NULL
2830,299,3991,"data_export","critical","in_progress","SSO configuration help needed","2024-05-11 19:33:58","2024-05-11 19:49:58",NULL,NULL,True,NULL
2831,1118,NULL,"performance","high","in_progress","Need help with API authentication","2025-07-23 12:55:14","2025-07-23 13:55:14",NULL,NULL,True,"gdpr;export;performance;security"
2832,326,4193,"billing","low","closed","API rate limiting issues","2025-05-25 16:22:33","2025-05-25 22:22:33","2025-06-01 14:22:33",4,False,"sso, security"
2833,458,5918,"security","medium","waiting_on_customer","Cannot login to dashboard","2025-10-05 13:27:08","2025-10-08 04:27:08",NULL,NULL,False,"performance, feature"
2834,1104,NULL,"billing","medium","open","Audit log access denied","2025-01-10 07:02:00",NULL,NULL,NULL,False,"sso;onboarding;api"
2835,796,NULL,"feature_request","medium","closed","Slow loading on project boards","2024-06-19 19:06:28","2024-06-21 02:06:28","2024-06-27 05:06:28",1,False,"gdpr, documentation, technical, integration"
2836,863,NULL,"integration","low","in_progress","Cannot login to dashboard","2025-08-13 08:15:24","2025-08-16 04:15:24",NULL,NULL,False,NULL
2837,302,4018,"integration","medium","waiting_on_customer","White label logo not displaying","2024-11-12 06:25:41","2024-11-13 15:25:41",NULL,NULL,False,"enterprise;feature;billing;mobile"
2838,1090,NULL,"onboarding","medium","closed","Integration with Slack not working","2025-07-23 20:15:54","2025-07-24 01:15:54","2025-07-26 19:15:54",4,False,"export , feature , bug , urgent"
2839,999,NULL,"billing","medium","resolved","Report generation timeout","2025-10-01 09:06:22","2025-10-02 19:06:22","2025-10-06 21:06:22",NULL,False,"export , bug , documentation"
2840,188,2698,"performance","medium","waiting_on_customer","Need help with API authentication","2024-11-17 20:14:07","2024-11-20 18:14:07",NULL,NULL,False,NULL
2841,844,NULL,"security","medium","open","Webhook delivery failures","2025-08-14 07:26:29",NULL,NULL,NULL,False,"urgent"
2842,1097,NULL,"performance","medium","open","SSO configuration help needed","2025-06-19 02:25:41",NULL,NULL,NULL,False,"enterprise,urgent,technical,migration"
2843,988,NULL,"technical","high","resolved","Audit log access denied","2024-03-22 20:07:35","2024-03-23 01:07:35","2024-03-25 05:07:35",3,True,"mobile , documentation"
2844,843,NULL,"performance","low","in_progress","Cannot login to dashboard","2025-06-13 03:41:40","2025-06-13 20:41:40",NULL,NULL,False,"technical, documentation, training, enterprise"
2845,801,NULL,"performance","medium","in_progress","Custom workflow automation broken","2024-06-25 19:56:12","2024-06-27 14:56:12",NULL,NULL,False,"technical;sso;onboarding;feature"
2846,212,3047,"onboarding","medium","closed","Integration with Slack not working","2024-05-04 06:12:41","2024-05-05 12:12:41","2024-05-09 04:12:41",2,False,NULL
2847,349,4483,"data_export","high","open","API rate limiting issues","2025-03-22 13:09:20",NULL,NULL,NULL,False,NULL
2848,814,NULL,"onboarding","high","closed","Permission settings not saving","2025-08-29 14:51:28","2025-08-30 02:51:28","2025-09-06 00:51:28",NULL,False,"technical , bug , onboarding , billing"
2849,854,NULL,"technical","high","closed","Cannot login to dashboard","2024-11-07 21:19:28","2024-11-08 09:19:28","2024-11-14 20:19:28",5,True,NULL
2850,284,3846,"account","medium","waiting_on_customer","Account merge request","2025-04-11 20:09:19","2025-04-12 12:09:19",NULL,NULL,False,"feature, sso, onboarding"
2851,1188,NULL,"performance","low","closed","SSO configuration help needed","2025-03-26 13:16:45","2025-03-26 20:16:45","2025-03-26 21:16:45",NULL,False,"security , migration , onboarding , bug"
2852,577,7489,"billing","medium","resolved","Permission settings not saving","2024-05-19 07:46:31","2024-05-19 17:46:31","2024-05-23 02:46:31",NULL,False,"security , api"
2853,810,NULL,"onboarding","high","open","White label logo not displaying","2025-10-16 20:04:15",NULL,NULL,NULL,True,"billing,security,api,bug"
2854,603,7740,"performance","high","in_progress","Integration with Slack not working","2025-10-16 04:04:26","2025-10-16 09:04:26",NULL,NULL,True,NULL
2855,1045,NULL,"security","critical","closed","Report generation timeout","2024-06-21 13:46:53","2024-06-21 15:02:53","2024-06-25 02:02:53",NULL,False,"onboarding;export;documentation;billing"
2856,675,NULL,"billing","medium","closed","SSO configuration help needed","2025-05-12 18:55:22","2025-05-12 21:55:22","2025-05-17 19:55:22",NULL,False,NULL
2857,395,5034,"performance","low","resolved","GDPR data export request","2025-07-07 23:30:25","2025-07-08 18:30:25","2025-07-14 22:30:25",5,False,"bug;integration;performance;bug"
2858,786,NULL,"api","high","in_progress","Duplicate notifications being sent","2025-07-10 07:37:35","2025-07-10 18:37:35",NULL,NULL,False,"training"
2859,550,6985,"integration","high","waiting_on_customer","Data import from CSV failing","2023-12-20 06:39:22","2023-12-20 07:39:22",NULL,NULL,False,"technical , billing , technical"
2860,236,3317,"security","medium","in_progress","Need help with API authentication","2024-11-07 10:50:24","2024-11-08 04:50:24",NULL,NULL,False,"feature"
2861,827,NULL,"data_export","high","resolved","Billing discrepancy on latest invoice","2024-03-12 19:21:10","2024-03-13 03:21:10","2024-03-14 07:21:10",4,True,"urgent"
2862,707,NULL,"performance","high","closed","Cannot downgrade plan","2023-08-19 06:55:07","2023-08-19 12:55:07","2023-08-26 00:55:07",NULL,False,"export , api , performance , enterprise"
2863,1189,NULL,"billing","high","open","GDPR data export request","2025-06-05 23:55:45",NULL,NULL,NULL,True,"security, mobile"
2864,590,7603,"api","high","closed","Account merge request","2025-03-18 08:05:26","2025-03-18 17:05:26","2025-03-24 01:05:26",4,True,"bug , onboarding , urgent , api"
2865,905,NULL,"security","high","waiting_on_customer","Webhook delivery failures","2025-10-06 06:32:47","2025-10-06 12:32:47",NULL,NULL,True,"sso"
2866,1073,NULL,"api","low","waiting_on_customer","Mobile app crashes on Android","2024-09-15 14:10:39","2024-09-17 15:10:39",NULL,NULL,False,NULL
2867,273,3797,"performance","medium","in_progress","Custom workflow automation broken","2023-11-10 06:06:54","2023-11-12 11:06:54",NULL,NULL,False,"migration;documentation;mobile;enterprise"
2868,992,NULL,"feature_request","medium","closed","Need to add more team members","2025-06-24 19:00:43","2025-06-26 05:00:43","2025-06-26 14:00:43",NULL,False,NULL
2869,1123,NULL,"billing","high","waiting_on_customer","Audit log access denied","2025-07-06 04:41:35","2025-07-06 05:41:35",NULL,NULL,False,"feature, training, integration, technical"
2870,269,3746,"billing","medium","resolved","Slow loading on project boards","2025-10-06 22:52:04","2025-10-09 19:52:04","2025-10-16 16:52:04",4,False,"integration,enterprise,export,integration"
2871,117,1690,"performance","critical","resolved","Cannot downgrade plan","2025-04-27 11:13:29","2025-04-27 11:30:29","2025-05-02 08:30:29",5,True,"feature"
2872,484,6152,"integration","high","resolved","GDPR data export request","2024-06-26 09:59:29","2024-06-26 12:59:29","2024-06-29 02:59:29",1,True,"integration , ux , mobile , training"
2873,279,3820,"feature_request","medium","open","Need help with API authentication","2025-10-09 11:42:35",NULL,NULL,NULL,False,"ux;security"
2874,383,4854,"technical","medium","resolved","Mobile app crashes on Android","2024-06-25 09:24:15","2024-06-27 02:24:15","2024-06-28 10:24:15",3,False,"documentation , integration , training , sso"
2875,771,NULL,"data_export","medium","resolved","Need help with API authentication","2025-03-23 05:44:21","2025-03-23 15:44:21","2025-03-27 22:44:21",5,False,"enterprise;onboarding;bug"
2876,1064,NULL,"billing","medium","waiting_on_customer","Data import from CSV failing","2025-03-07 10:12:03","2025-03-10 07:12:03",NULL,NULL,False,"integration,security,sso"
2877,948,NULL,"api","critical","waiting_on_customer","Data import from CSV failing","2024-07-09 02:20:45","2024-07-09 03:51:45",NULL,NULL,False,"documentation, integration, technical"
2878,812,NULL,"onboarding","critical","open","Gantt chart not rendering correctly","2025-02-28 06:02:39",NULL,NULL,NULL,False,NULL
2879,703,NULL,"billing","medium","closed","Need help with API authentication","2025-06-20 01:16:02","2025-06-20 07:16:02","2025-06-21 06:16:02",NULL,False,"mobile , enterprise"
2880,902,NULL,"data_export","low","in_progress","Mobile app crashes on Android","2023-11-05 12:40:25","2023-11-07 14:40:25",NULL,NULL,False,"ux , onboarding , billing , integration , ux"
2881,1048,NULL,"api","medium","resolved","Slow loading on project boards","2025-01-14 10:42:49","2025-01-15 17:42:49","2025-01-18 23:42:49",NULL,False,"sso"
2882,457,5873,"security","medium","waiting_on_customer","SSO configuration help needed","2024-07-09 05:56:44","2024-07-09 18:56:44",NULL,NULL,False,NULL
2883,856,NULL,"feature_request","medium","in_progress","Webhook delivery failures","2023-09-15 10:02:55","2023-09-16 18:02:55",NULL,NULL,False,"urgent"
2884,213,3064,"onboarding","high","waiting_on_customer","Need help with API authentication","2024-10-26 23:46:53","2024-10-27 08:46:53",NULL,NULL,False,"migration;enterprise;training"
2885,1000,NULL,"billing","medium","open","Billing discrepancy on latest invoice","2025-10-19 06:11:07",NULL,NULL,NULL,False,"feature, onboarding, bug"
2886,539,6872,"onboarding","medium","resolved","Slow loading on project boards","2024-10-27 12:14:47","2024-10-27 21:14:47","2024-10-30 17:14:47",1,False,"feature"
2887,327,4198,"performance","medium","open","Gantt chart not rendering correctly","2024-10-11 12:31:29",NULL,NULL,NULL,False,"ux;feature"
2888,241,3413,"api","critical","resolved","Webhook delivery failures","2024-02-27 02:28:11","2024-02-27 02:53:11","2024-02-29 23:53:11",5,False,NULL
2889,767,NULL,"api","high","open","SSO configuration help needed","2024-12-03 04:35:07",NULL,NULL,NULL,False,"gdpr,onboarding"
2890,957,NULL,"account","high","in_progress","SSO configuration help needed","2025-06-18 09:09:37","2025-06-18 17:09:37",NULL,NULL,False,NULL
2891,157,2272,"feature_request","low","resolved","Time tracking sync issues","2025-06-19 01:27:56","2025-06-22 01:27:56","2025-06-22 07:27:56",NULL,False,"security , performance"
2892,205,2904,"data_export","low","open","Permission settings not saving","2024-05-05 03:38:01",NULL,NULL,NULL,False,"export , feature"
2893,144,2124,"performance","low","waiting_on_customer","Cannot login to dashboard","2024-08-02 05:34:24","2024-08-04 18:34:24",NULL,NULL,False,NULL
2894,1042,NULL,"onboarding","medium","waiting_on_customer","Need help with API authentication","2024-12-14 22:15:21","2024-12-17 00:15:21",NULL,NULL,False,NULL
2895,765,NULL,"api","low","resolved","Time tracking sync issues","2025-04-09 12:06:13","2025-04-09 20:06:13","2025-04-13 19:06:13",2,False,"urgent"
2896,60,979,"billing","critical","resolved","API rate limiting issues","2024-02-13 07:56:38","2024-02-13 08:21:38","2024-02-19 09:21:38",NULL,False,"training,feature"
2897,432,5541,"data_export","low","waiting_on_customer","Report generation timeout","2024-05-24 02:39:31","2024-05-25 22:39:31",NULL,NULL,False,"ux , urgent , gdpr"
2898,427,5417,"account","medium","in_progress","White label logo not displaying","2025-10-23 10:40:05","2025-10-23 23:40:05",NULL,NULL,False,"sso,billing"
2899,168,2461,"technical","low","waiting_on_customer","Duplicate notifications being sent","2025-03-11 15:14:56","2025-03-11 21:14:56",NULL,NULL,False,"export , urgent , billing"
2900,614,7832,"api","low","closed","White label logo not displaying","2025-08-31 01:19:35","2025-09-02 07:19:35","2025-09-04 10:19:35",5,False,"migration"
2901,1063,NULL,"integration","high","resolved","Custom workflow automation broken","2024-11-29 02:32:14","2024-11-29 09:32:14","2024-11-30 14:32:14",NULL,False,"ux"
2902,268,3723,"onboarding","medium","waiting_on_customer","Data import from CSV failing","2025-09-09 16:00:54","2025-09-10 08:00:54",NULL,NULL,False,"documentation, technical, sso, onboarding"
2903,645,8340,"data_export","medium","in_progress","Feature request: dark mode","2025-10-14 20:17:11","2025-10-17 12:17:11",NULL,NULL,False,"billing"
2904,515,6567,"feature_request","medium","open","Billing discrepancy on latest invoice","2025-05-19 04:36:06",NULL,NULL,NULL,False,"ux , documentation , export"
2905,553,7051,"data_export","low","waiting_on_customer","Custom workflow automation broken","2025-03-29 06:24:05","2025-03-30 13:24:05",NULL,NULL,False,"technical"
2906,102,1484,"security","medium","open","Export failing for large datasets","2025-05-08 11:06:36",NULL,NULL,NULL,False,"migration"
2907,757,NULL,"performance","medium","waiting_on_customer","Mobile app crashes on Android","2025-09-19 12:53:13","2025-09-20 08:53:13",NULL,NULL,False,"feature"
2908,79,1217,"account","high","open","Permission settings not saving","2025-09-01 20:54:01",NULL,NULL,NULL,False,NULL
2909,224,3170,"data_export","high","waiting_on_customer","Gantt chart not rendering correctly","2025-03-15 13:30:55","2025-03-16 01:30:55",NULL,NULL,False,NULL
2910,415,5243,"data_export","medium","closed","Slow loading on project boards","2025-09-22 16:02:36","2025-09-23 09:02:36","2025-09-25 08:02:36",3,False,"bug, export, billing, onboarding"
2911,289,3933,"security","medium","closed","White label logo not displaying","2023-11-20 12:47:03","2023-11-20 22:47:03","2023-11-26 14:47:03",3,False,"export,feature"
2912,128,1915,"performance","medium","waiting_on_customer","Report generation timeout","2025-01-23 01:04:02","2025-01-24 10:04:02",NULL,NULL,False,"mobile , performance"
2913,352,4502,"billing","low","resolved","Duplicate notifications being sent","2025-10-08 20:21:17","2025-10-11 17:21:17","2025-10-17 07:21:17",3,False,"technical"
2914,385,4889,"security","medium","open","Need help with API authentication","2024-05-25 07:54:02",NULL,NULL,NULL,False,"bug;billing;export;sso"
2915,763,NULL,"data_export","low","resolved","Cannot login to dashboard","2023-11-08 14:26:45","2023-11-10 04:26:45","2023-11-11 16:26:45",NULL,False,NULL
2916,868,NULL,"onboarding","low","resolved","Slow loading on project boards","2025-10-24 20:05:23","2025-10-26 11:05:23","2025-10-30 12:05:23",NULL,False,"billing , training , mobile , migration"
2917,1193,NULL,"data_export","medium","open","API rate limiting issues","2025-08-14 15:27:01",NULL,NULL,NULL,False,"documentation"
2918,1007,NULL,"account","critical","resolved","Data import from CSV failing","2025-02-16 00:38:44","2025-02-16 02:26:44","2025-02-20 08:26:44",NULL,False,"migration;urgent;gdpr;technical"
2919,570,7324,"onboarding","medium","waiting_on_customer","Feature request: dark mode","2025-09-28 08:10:48","2025-09-28 15:10:48",NULL,NULL,False,"documentation"
2920,872,NULL,"performance","medium","open","Report generation timeout","2025-08-08 00:17:12",NULL,NULL,NULL,False,"api"
2921,296,3963,"onboarding","medium","resolved","Webhook delivery failures","2024-12-16 19:41:57","2024-12-18 21:41:57","2024-12-22 15:41:57",NULL,False,"billing;ux;feature"
2922,466,6032,"billing","low","in_progress","Slow loading on project boards","2025-07-24 01:43:05","2025-07-24 09:43:05",NULL,NULL,False,"feature,migration,technical"
2923,957,NULL,"integration","high","waiting_on_customer","Report generation timeout","2025-10-25 22:31:51","2025-10-26 04:31:51",NULL,NULL,False,"technical"
2924,1088,NULL,"technical","medium","resolved","Export failing for large datasets","2025-04-18 08:28:17","2025-04-19 04:28:17","2025-04-25 22:28:17",3,False,"enterprise,billing"
2925,729,NULL,"technical","high","waiting_on_customer","Need to add more team members","2025-07-07 11:34:29","2025-07-07 18:34:29",NULL,NULL,True,"bug"
2926,1031,NULL,"technical","high","in_progress","Need to add more team members","2025-09-09 13:04:33","2025-09-09 21:04:33",NULL,NULL,False,"documentation, gdpr, feature"
2927,1023,NULL,"account","medium","closed","White label logo not displaying","2025-10-09 13:59:03","2025-10-10 21:59:03","2025-10-16 00:59:03",5,False,"documentation, onboarding, migration, feature"
2928,963,NULL,"billing","low","open","White label logo not displaying","2025-09-07 09:33:24",NULL,NULL,NULL,False,NULL
2929,881,NULL,"security","medium","resolved","Account merge request","2023-10-15 13:12:14","2023-10-17 10:12:14","2023-10-24 00:12:14",NULL,False,"mobile"
2930,271,3755,"data_export","low","closed","API rate limiting issues","2025-10-22 11:39:10","2025-10-23 04:39:10","2025-10-27 09:39:10",NULL,False,"performance,export,ux"
2931,401,5105,"account","medium","resolved","Need help with API authentication","2025-04-30 00:07:55","2025-05-01 17:07:55","2025-05-06 18:07:55",4,False,"onboarding"
2932,288,3926,"account","medium","closed","Export failing for large datasets","2025-02-02 05:42:48","2025-02-03 03:42:48","2025-02-06 08:42:48",5,False,"security,documentation,enterprise,billing"
2933,293,3949,"security","high","resolved","Cannot login to dashboard","2024-10-22 18:18:53","2024-10-23 06:18:53","2024-10-30 03:18:53",4,False,"technical,gdpr,migration,performance"
2934,1060,NULL,"data_export","low","closed","Cannot downgrade plan","2025-07-22 09:06:36","2025-07-24 10:06:36","2025-07-25 07:06:36",3,False,"bug,feature,sso,security"
2935,827,NULL,"api","medium","in_progress","Integration with Slack not working","2025-02-09 12:17:24","2025-02-09 21:17:24",NULL,NULL,False,"integration , training , urgent , ux"
2936,499,6313,"onboarding","high","resolved","White label logo not displaying","2025-05-24 17:11:27","2025-05-24 18:11:27","2025-05-30 14:11:27",NULL,True,"export,training,documentation"
2937,1086,NULL,"security","medium","waiting_on_customer","API rate limiting issues","2025-02-28 00:43:30","2025-03-01 11:43:30",NULL,NULL,False,NULL
2938,1110,NULL,"data_export","medium","resolved","SSO configuration help needed","2025-07-31 00:45:51","2025-08-01 04:45:51","2025-08-03 09:45:51",NULL,False,"bug;enterprise;sso;bug"
2939,807,NULL,"api","low","closed","Account merge request","2025-06-07 12:00:13","2025-06-09 00:00:13","2025-06-15 16:00:13",1,False,"enterprise;training;onboarding"
2940,831,NULL,"performance","critical","waiting_on_customer","Permission settings not saving","2025-03-16 02:43:32","2025-03-16 03:44:32",NULL,NULL,True,NULL
2941,322,4181,"integration","low","closed","Cannot login to dashboard","2023-10-22 11:07:20","2023-10-24 14:07:20","2023-10-31 03:07:20",NULL,False,"billing, feature"
2942,294,3954,"data_export","medium","resolved","Mobile app crashes on Android","2025-01-11 10:14:59","2025-01-13 19:14:59","2025-01-16 13:14:59",NULL,False,NULL
2943,810,NULL,"security","medium","in_progress","Data import from CSV failing","2025-10-16 07:48:12","2025-10-17 17:48:12",NULL,NULL,False,NULL
2944,1043,NULL,"account","low","resolved","Billing discrepancy on latest invoice","2024-08-30 19:05:25","2024-09-01 15:05:25","2024-09-04 15:05:25",5,False,"mobile"
2945,1183,NULL,"data_export","medium","in_progress","Billing discrepancy on latest invoice","2024-05-02 03:58:51","2024-05-02 18:58:51",NULL,NULL,False,"sso"
2946,1024,NULL,"data_export","low","open","SSO configuration help needed","2023-11-11 13:20:09",NULL,NULL,NULL,False,"performance;ux;bug"
2947,679,NULL,"feature_request","medium","closed","Account merge request","2025-09-27 14:11:30","2025-09-29 06:11:30","2025-09-30 14:11:30",NULL,False,"mobile;feature;integration;ux"
2948,244,3436,"api","low","open","Cannot downgrade plan","2024-12-23 09:21:32",NULL,NULL,NULL,False,"training , urgent"
2949,1138,NULL,"security","low","closed","Duplicate notifications being sent","2023-09-28 19:10:56","2023-09-29 13:10:56","2023-09-30 09:10:56",NULL,False,"onboarding"
2950,747,NULL,"feature_request","low","waiting_on_customer","SSO configuration help needed","2024-12-16 03:15:51","2024-12-18 11:15:51",NULL,NULL,False,"performance, gdpr, feature, api"
2951,923,NULL,"data_export","critical","in_progress","White label logo not displaying","2024-12-31 22:29:33","2025-01-01 00:07:33",NULL,NULL,False,"urgent, integration, migration, performance"
2952,519,6609,"account","medium","in_progress","Integration with Slack not working","2024-03-24 10:36:29","2024-03-25 04:36:29",NULL,NULL,False,"documentation , bug , integration , enterprise"
2953,312,4115,"api","high","closed","SSO configuration help needed","2024-04-17 23:13:19","2024-04-18 11:13:19","2024-04-22 13:13:19",NULL,False,"documentation , export"
2954,554,7053,"data_export","medium","closed","Webhook delivery failures","2024-02-17 01:49:36","2024-02-17 14:49:36","2024-02-21 06:49:36",4,False,"documentation"
2955,997,NULL,"billing","critical","closed","Integration with Slack not working","2025-02-03 18:41:29","2025-02-03 19:39:29","2025-02-05 14:39:29",5,False,"performance, billing"
2956,1013,NULL,"technical","low","closed","Integration with Slack not working","2025-01-17 21:37:12","2025-01-18 06:37:12","2025-01-22 01:37:12",3,False,"training,mobile,gdpr"
2957,191,2725,"performance","low","waiting_on_customer","Cannot login to dashboard","2024-10-24 19:32:49","2024-10-27 05:32:49",NULL,NULL,False,"technical , documentation , feature"
2958,551,7000,"technical","low","waiting_on_customer","Webhook delivery failures","2025-10-21 04:34:10","2025-10-22 22:34:10",NULL,NULL,False,"technical, ux, export"
2959,829,NULL,"data_export","low","open","Integration with Slack not working","2025-01-22 01:31:47",NULL,NULL,NULL,False,"api;sso;billing;technical"
2960,918,NULL,"integration","medium","in_progress","Audit log access denied","2024-03-18 04:21:23","2024-03-18 16:21:23",NULL,NULL,False,"enterprise"
2961,943,NULL,"feature_request","low","resolved","Report generation timeout","2024-07-17 20:29:19","2024-07-18 03:29:19","2024-07-21 18:29:19",NULL,False,"security, ux, training, export"
2962,208,2959,"security","medium","in_progress","Integration with Slack not working","2025-04-01 03:53:14","2025-04-03 20:53:14",NULL,NULL,False,NULL
2963,256,3551,"technical","medium","waiting_on_customer","Custom workflow automation broken","2025-09-30 17:02:34","2025-10-01 17:02:34",NULL,NULL,False,"feature"
2964,972,NULL,"onboarding","high","waiting_on_customer","Cannot downgrade plan","2025-05-09 23:12:16","2025-05-10 06:12:16",NULL,NULL,False,"performance,ux"
2965,1000,NULL,"billing","low","open","Need to add more team members","2025-05-06 21:09:22",NULL,NULL,NULL,False,NULL
2966,526,6700,"account","medium","closed","Gantt chart not rendering correctly","2024-12-12 11:00:28","2024-12-15 10:00:28","2024-12-16 08:00:28",NULL,False,"integration,ux"
2967,74,1128,"security","critical","waiting_on_customer","Duplicate notifications being sent","2024-11-14 04:44:02","2024-11-14 05:19:02",NULL,NULL,False,"training;bug"
2968,482,6146,"billing","medium","in_progress","Cannot login to dashboard","2024-06-09 19:49:33","2024-06-12 19:49:33",NULL,NULL,False,"billing;feature;billing"
2969,970,NULL,"security","low","waiting_on_customer","Gantt chart not rendering correctly","2025-03-12 01:49:56","2025-03-12 16:49:56",NULL,NULL,False,NULL
2970,450,5765,"performance","medium","open","Data import from CSV failing","2024-03-25 19:33:45",NULL,NULL,NULL,False,"performance;enterprise"
2971,598,7719,"performance","medium","open","Webhook delivery failures","2025-10-15 12:13:24",NULL,NULL,NULL,False,"bug;security;onboarding"
2972,656,8447,"api","critical","open","Account merge request","2025-01-21 16:07:36",NULL,NULL,NULL,False,"gdpr, onboarding"
2973,808,NULL,"security","low","resolved","Billing discrepancy on latest invoice","2025-10-26 22:12:10","2025-10-29 00:12:10","2025-10-29 12:12:10",4,False,"mobile,api"
2974,32,618,"onboarding","medium","closed","Webhook delivery failures","2025-07-25 20:21:16","2025-07-26 17:21:16","2025-07-31 02:21:16",NULL,False,"performance, enterprise"
2975,591,7608,"onboarding","low","open","Slow loading on project boards","2025-06-21 08:35:22",NULL,NULL,NULL,False,"billing,training"
2976,537,6819,"feature_request","medium","in_progress","Cannot downgrade plan","2025-07-24 02:55:19","2025-07-26 14:55:19",NULL,NULL,False,"performance,training,onboarding"
2977,431,5508,"onboarding","medium","resolved","Cannot login to dashboard","2025-10-30 09:41:53","2025-10-31 08:41:53","2025-11-06 22:41:53",NULL,False,"performance"
2978,1092,NULL,"performance","low","waiting_on_customer","Export failing for large datasets","2024-11-04 15:56:22","2024-11-05 08:56:22",NULL,NULL,False,"performance;feature"
2979,997,NULL,"api","high","in_progress","Billing discrepancy on latest invoice","2025-06-22 22:28:30","2025-06-23 02:28:30",NULL,NULL,False,"gdpr,documentation,integration"
2980,29,580,"api","medium","closed","Cannot login to dashboard","2025-03-05 18:29:10","2025-03-07 14:29:10","2025-03-11 04:29:10",3,False,"api;bug;ux"
2981,176,2565,"api","low","waiting_on_customer","Export failing for large datasets","2024-08-12 01:44:30","2024-08-12 18:44:30",NULL,NULL,False,"security;integration;security"
2982,692,NULL,"security","medium","in_progress","Permission settings not saving","2025-06-02 09:03:17","2025-06-03 09:03:17",NULL,NULL,False,"bug , documentation"
2983,961,NULL,"data_export","high","resolved","Audit log access denied","2024-11-20 15:56:45","2024-11-21 01:56:45","2024-11-22 04:56:45",NULL,True,NULL
2984,762,NULL,"account","high","open","SSO configuration help needed","2025-10-25 15:04:30",NULL,NULL,NULL,False,NULL
2985,870,NULL,"billing","medium","open","Export failing for large datasets","2024-09-05 06:09:41",NULL,NULL,NULL,False,"sso, api, enterprise, security"
2986,42,713,"integration","medium","closed","Audit log access denied","2025-10-03 03:43:37","2025-10-04 02:43:37","2025-10-04 21:43:37",NULL,False,"technical , api"
2987,514,6553,"data_export","high","waiting_on_customer","Billing discrepancy on latest invoice","2025-05-28 19:14:32","2025-05-29 07:14:32",NULL,NULL,True,NULL
2988,1159,NULL,"api","low","closed","Custom workflow automation broken","2024-05-14 04:25:19","2024-05-17 00:25:19","2024-05-23 05:25:19",4,False,"api, onboarding"
2989,406,5157,"api","low","open","Permission settings not saving","2025-01-31 08:17:31",NULL,NULL,NULL,False,"mobile, onboarding, integration, urgent"
2990,958,NULL,"account","medium","open","White label logo not displaying","2024-03-21 19:58:20",NULL,NULL,NULL,False,"integration,mobile"
2991,60,977,"technical","medium","resolved","Cannot downgrade plan","2025-01-28 08:01:24","2025-01-30 06:01:24","2025-02-01 21:01:24",NULL,False,"integration, security, bug"
2992,194,2754,"billing","medium","open","Report generation timeout","2024-12-22 20:44:08",NULL,NULL,NULL,False,"performance, api"
2993,1179,NULL,"integration","high","in_progress","GDPR data export request","2025-10-19 16:45:10","2025-10-19 18:45:10",NULL,NULL,True,"ux,export,urgent,onboarding"
2994,592,7620,"account","low","waiting_on_customer","Billing discrepancy on latest invoice","2024-10-15 15:42:43","2024-10-16 13:42:43",NULL,NULL,False,"onboarding,technical,security,documentation,onboarding"
2995,408,5174,"billing","low","in_progress","White label logo not displaying","2025-08-05 08:21:40","2025-08-06 03:21:40",NULL,NULL,False,"gdpr,sso,mobile"
2996,257,3561,"performance","medium","open","Cannot downgrade plan","2025-07-11 03:38:58",NULL,NULL,NULL,False,"mobile, sso, security"
2997,405,5154,"billing","critical","closed","Mobile app crashes on Android","2025-08-17 01:07:43","2025-08-17 02:22:43","2025-08-21 08:22:43",3,False,NULL
2998,774,NULL,"api","medium","waiting_on_customer","Duplicate notifications being sent","2025-10-15 22:08:54","2025-10-17 15:08:54",NULL,NULL,False,"integration, security"
2999,802,NULL,"security","critical","resolved","Need to add more team members","2024-12-22 22:10:28","2024-12-22 23:32:28","2024-12-24 02:32:28",4,False,"ux;export;billing;ux"
3000,340,4333,"api","medium","resolved","Integration with Slack not working","2024-10-14 16:22:06","2024-10-16 10:22:06","2024-10-20 06:22:06",NULL,False,"technical;urgent;feature"
3001,130,1965,"onboarding","medium","closed","API rate limiting issues","2025-06-12 21:09:16","2025-06-13 23:09:16","2025-06-17 16:09:16",3,False,"bug"
3002,737,NULL,"api","high","in_progress","Slow loading on project boards","2025-09-10 05:19:36","2025-09-10 12:19:36",NULL,NULL,False,"mobile, integration, technical, export"
3003,1005,NULL,"security","low","in_progress","GDPR data export request","2025-10-25 10:57:49","2025-10-27 07:57:49",NULL,NULL,False,"enterprise;performance;sso"
3004,758,NULL,"technical","medium","open","Cannot downgrade plan","2025-06-27 10:42:50",NULL,NULL,NULL,False,"documentation,integration"
3005,11,207,"performance","low","waiting_on_customer","Billing discrepancy on latest invoice","2024-12-05 19:10:48","2024-12-08 05:10:48",NULL,NULL,False,"integration"
3006,597,7716,"onboarding","low","in_progress","White label logo not displaying","2025-07-19 11:57:30","2025-07-21 15:57:30",NULL,NULL,False,"training,documentation"
3007,388,4910,"integration","high","in_progress","Mobile app crashes on Android","2024-08-30 02:39:02","2024-08-30 08:39:02",NULL,NULL,True,NULL
3008,603,7741,"onboarding","low","open","Export failing for large datasets","2025-10-06 20:25:47",NULL,NULL,NULL,False,"integration , billing"
3009,488,6217,"api","medium","waiting_on_customer","Cannot downgrade plan","2025-02-06 19:09:25","2025-02-08 15:09:25",NULL,NULL,False,"documentation , ux , bug , billing"
3010,910,NULL,"account","medium","closed","Custom workflow automation broken","2024-05-23 10:13:48","2024-05-24 07:13:48","2024-05-27 14:13:48",5,False,"urgent,export,gdpr"
3011,7,105,"billing","high","closed","GDPR data export request","2025-02-01 01:43:48","2025-02-01 09:43:48","2025-02-07 06:43:48",4,True,"integration, api"
3012,160,2339,"feature_request","medium","waiting_on_customer","Cannot login to dashboard","2024-02-17 07:21:46","2024-02-17 10:21:46",NULL,NULL,False,"security;training"
3013,295,3957,"onboarding","medium","in_progress","GDPR data export request","2024-08-26 23:07:29","2024-08-29 15:07:29",NULL,NULL,False,"ux , migration"
3014,309,4099,"integration","high","resolved","Feature request: dark mode","2024-12-29 11:08:57","2024-12-29 19:08:57","2024-12-30 15:08:57",2,True,"documentation;urgent;api"
3015,903,NULL,"integration","medium","open","SSO configuration help needed","2025-06-27 21:28:18",NULL,NULL,NULL,False,"api,onboarding,api"
3016,43,744,"billing","medium","waiting_on_customer","Account merge request","2025-05-21 13:52:20","2025-05-23 12:52:20",NULL,NULL,False,"bug, documentation, mobile, integration"
3017,774,NULL,"api","low","resolved","Report generation timeout","2025-07-15 09:19:14","2025-07-18 08:19:14","2025-07-18 11:19:14",NULL,False,"training, security"
3018,1029,NULL,"feature_request","medium","waiting_on_customer","Data import from CSV failing","2025-10-26 08:30:52","2025-10-27 17:30:52",NULL,NULL,False,"mobile , sso"
3019,902,NULL,"technical","medium","open","SSO configuration help needed","2024-07-13 16:52:38",NULL,NULL,NULL,False,"export, billing, api, performance"
3020,35,656,"security","medium","closed","Time tracking sync issues","2025-06-03 12:47:35","2025-06-06 08:47:35","2025-06-12 09:47:35",5,False,"enterprise,urgent"
3021,943,NULL,"billing","medium","closed","Audit log access denied","2025-07-18 00:54:11","2025-07-20 12:54:11","2025-07-21 09:54:11",4,False,NULL
3022,393,5003,"integration","medium","resolved","Data import from CSV failing","2025-09-23 07:20:17","2025-09-24 20:20:17","2025-09-26 03:20:17",NULL,False,"migration;training"
3023,37,666,"technical","medium","closed","API rate limiting issues","2025-10-06 05:22:04","2025-10-06 14:22:04","2025-10-11 15:22:04",NULL,False,"urgent,ux,billing"
3024,842,NULL,"onboarding","medium","in_progress","Need to add more team members","2025-08-06 20:56:45","2025-08-09 10:56:45",NULL,NULL,False,NULL
3025,286,3864,"feature_request","medium","in_progress","GDPR data export request","2025-06-29 14:27:31","2025-06-30 19:27:31",NULL,NULL,False,"migration , ux , enterprise"
3026,1195,NULL,"performance","critical","in_progress","GDPR data export request","2025-05-20 04:41:34","2025-05-20 05:19:34",NULL,NULL,False,NULL
3027,266,3704,"feature_request","critical","open","Account merge request","2024-04-14 11:48:54",NULL,NULL,NULL,False,"gdpr"
3028,1192,NULL,"performance","critical","waiting_on_customer","Feature request: dark mode","2024-06-09 12:51:41","2024-06-09 14:04:41",NULL,NULL,False,"bug, enterprise"
3029,1118,NULL,"security","low","resolved","Time tracking sync issues","2025-03-18 16:02:38","2025-03-19 03:02:38","2025-03-24 16:02:38",NULL,False,"mobile;security"
3030,541,6895,"account","medium","resolved","API rate limiting issues","2025-03-30 00:17:21","2025-03-31 21:17:21","2025-04-02 06:17:21",3,False,"training,training"
3031,532,6762,"onboarding","medium","in_progress","Audit log access denied","2025-09-10 19:39:35","2025-09-13 03:39:35",NULL,NULL,False,"api"
3032,428,5429,"technical","low","waiting_on_customer","Export failing for large datasets","2025-06-26 06:46:47","2025-06-28 11:46:47",NULL,NULL,False,"api , enterprise , mobile , performance , api"
3033,745,NULL,"integration","critical","waiting_on_customer","Time tracking sync issues","2025-09-29 20:39:44","2025-09-29 21:58:44",NULL,NULL,True,NULL
3034,767,NULL,"account","low","open","API rate limiting issues","2025-04-08 11:47:18",NULL,NULL,NULL,False,"integration, urgent, performance, enterprise, integration"
3035,1188,NULL,"onboarding","medium","closed","GDPR data export request","2024-10-14 01:03:30","2024-10-15 00:03:30","2024-10-15 17:03:30",5,False,"gdpr,technical,security,sso"
3036,373,4774,"billing","medium","waiting_on_customer","Export failing for large datasets","2025-10-08 13:09:26","2025-10-08 20:09:26",NULL,NULL,False,NULL
3037,716,NULL,"performance","medium","closed","GDPR data export request","2025-06-19 15:42:36","2025-06-19 18:42:36","2025-06-20 14:42:36",3,False,NULL
3038,520,6611,"api","medium","open","Custom workflow automation broken","2025-04-03 08:57:30",NULL,NULL,NULL,False,"enterprise,technical,enterprise"
3039,520,6611,"onboarding","medium","waiting_on_customer","API rate limiting issues","2025-07-31 06:19:58","2025-08-02 11:19:58",NULL,NULL,False,"mobile, security"
3040,180,2618,"technical","medium","resolved","API rate limiting issues","2024-08-21 06:04:26","2024-08-23 04:04:26","2024-08-27 01:04:26",4,False,"bug"
3041,331,4233,"onboarding","high","open","Billing discrepancy on latest invoice","2025-07-23 17:03:46",NULL,NULL,NULL,False,"performance , mobile , migration , bug"
3042,590,7603,"data_export","high","open","Data import from CSV failing","2025-01-24 19:15:37",NULL,NULL,NULL,True,"export;training;migration"
3043,72,1108,"api","medium","waiting_on_customer","Cannot downgrade plan","2025-10-03 06:06:02","2025-10-06 06:06:02",NULL,NULL,False,"onboarding;migration;ux"
3044,808,NULL,"api","medium","open","Slow loading on project boards","2025-02-22 02:41:05",NULL,NULL,NULL,False,"performance;onboarding;integration;ux"
3045,781,NULL,"integration","low","open","Account merge request","2025-08-28 21:49:49",NULL,NULL,NULL,False,"security, technical, migration"
3046,1051,NULL,"billing","medium","in_progress","Need help with API authentication","2024-06-14 02:27:50","2024-06-14 21:27:50",NULL,NULL,False,"export , security"
3047,656,8442,"technical","low","closed","Report generation timeout","2025-07-05 18:00:53","2025-07-06 23:00:53","2025-07-07 18:00:53",4,False,"documentation , export"
3048,457,5873,"data_export","medium","closed","Gantt chart not rendering correctly","2024-09-09 07:24:45","2024-09-10 05:24:45","2024-09-14 00:24:45",4,False,"migration"
3049,724,NULL,"technical","high","waiting_on_customer","White label logo not displaying","2025-05-17 17:32:29","2025-05-17 20:32:29",NULL,NULL,True,"bug, onboarding, integration"
3050,76,1154,"data_export","high","waiting_on_customer","Need help with API authentication","2024-07-24 17:38:02","2024-07-25 02:38:02",NULL,NULL,False,"feature,urgent,migration,feature"
3051,445,5676,"performance","critical","resolved","Integration with Slack not working","2024-05-29 09:41:18","2024-05-29 10:48:18","2024-05-30 15:48:18",4,True,"urgent"
3052,506,6416,"onboarding","critical","open","Report generation timeout","2025-06-06 21:55:12",NULL,NULL,NULL,False,"billing, feature, training"
3053,252,3537,"onboarding","medium","in_progress","Permission settings not saving","2024-03-20 04:47:16","2024-03-20 18:47:16",NULL,NULL,False,"security, gdpr"
3054,211,3034,"performance","medium","resolved","Slow loading on project boards","2025-09-06 15:40:05","2025-09-09 15:40:05","2025-09-16 01:40:05",2,False,"bug"
3055,282,3839,"integration","low","waiting_on_customer","Export failing for large datasets","2025-10-22 17:41:36","2025-10-24 08:41:36",NULL,NULL,False,"gdpr,urgent"
3056,767,NULL,"feature_request","low","open","Feature request: dark mode","2024-12-04 12:56:28",NULL,NULL,NULL,False,"mobile"
3057,239,3392,"performance","high","waiting_on_customer","Report generation timeout","2025-08-28 16:03:15","2025-08-29 02:03:15",NULL,NULL,False,"feature,enterprise,performance"
3058,1166,NULL,"account","critical","in_progress","Time tracking sync issues","2025-09-28 02:55:39","2025-09-28 04:00:39",NULL,NULL,False,"performance"
3059,1096,NULL,"billing","medium","open","Time tracking sync issues","2025-01-10 09:05:01",NULL,NULL,NULL,False,"bug,integration,enterprise"
3060,641,8306,"account","low","in_progress","Webhook delivery failures","2024-03-25 19:16:11","2024-03-28 07:16:11",NULL,NULL,False,"feature,documentation,technical,integration"
3061,405,5155,"technical","medium","waiting_on_customer","Duplicate notifications being sent","2025-10-11 02:44:38","2025-10-11 09:44:38",NULL,NULL,False,NULL
3062,1152,NULL,"technical","medium","open","White label logo not displaying","2024-02-03 02:16:30",NULL,NULL,NULL,False,"migration"
3063,1054,NULL,"performance","high","waiting_on_customer","Slow loading on project boards","2024-10-31 19:32:02","2024-11-01 02:32:02",NULL,NULL,False,"mobile;gdpr;api;migration"
3064,294,3951,"account","low","closed","Data import from CSV failing","2025-08-01 17:01:52","2025-08-04 06:01:52","2025-08-11 06:01:52",NULL,False,"training;security;migration"
3065,288,3927,"integration","medium","open","Cannot downgrade plan","2025-02-01 14:17:20",NULL,NULL,NULL,False,"training"
3066,915,NULL,"account","low","in_progress","Slow loading on project boards","2025-04-02 18:29:08","2025-04-05 18:29:08",NULL,NULL,False,"migration, feature, urgent, security"
3067,165,2426,"api","medium","closed","Need to add more team members","2025-08-12 15:04:02","2025-08-14 23:04:02","2025-08-20 21:04:02",NULL,False,NULL
3068,767,NULL,"security","medium","waiting_on_customer","Need help with API authentication","2024-12-29 21:37:05","2025-01-01 12:37:05",NULL,NULL,False,"onboarding,technical,enterprise"
3069,1016,NULL,"technical","high","resolved","API rate limiting issues","2025-02-22 04:02:32","2025-02-22 07:02:32","2025-03-01 04:02:32",5,False,"feature,billing,api"
3070,1079,NULL,"security","medium","resolved","Gantt chart not rendering correctly","2025-09-06 07:58:47","2025-09-06 10:58:47","2025-09-06 16:58:47",4,False,"gdpr;bug;ux;sso"
3071,621,7879,"onboarding","medium","closed","Cannot login to dashboard","2025-09-08 03:23:20","2025-09-10 18:23:20","2025-09-13 06:23:20",NULL,False,"training,urgent"
3072,125,1829,"technical","high","closed","Billing discrepancy on latest invoice","2025-07-29 21:37:00","2025-07-30 00:37:00","2025-08-02 07:37:00",NULL,False,"training"
3073,636,8184,"feature_request","medium","open","SSO configuration help needed","2025-08-15 15:49:19",NULL,NULL,NULL,False,"onboarding,ux"
3074,1109,NULL,"security","medium","open","Data import from CSV failing","2025-09-12 22:18:05",NULL,NULL,NULL,False,"technical,integration,onboarding,bug"
3075,387,4904,"data_export","low","open","GDPR data export request","2025-03-21 08:08:52",NULL,NULL,NULL,False,"integration"
3076,287,3910,"feature_request","medium","waiting_on_customer","Gantt chart not rendering correctly","2025-07-07 23:52:21","2025-07-09 18:52:21",NULL,NULL,False,"urgent"
3077,87,1314,"performance","critical","open","Webhook delivery failures","2025-06-21 02:47:39",NULL,NULL,NULL,False,"bug;security;ux"
3078,1025,NULL,"security","medium","resolved","Custom workflow automation broken","2024-03-30 15:55:13","2024-03-31 15:55:13","2024-04-04 20:55:13",NULL,False,"onboarding , bug , api"
3079,2,5,"api","medium","resolved","Billing discrepancy on latest invoice","2025-04-25 09:07:24","2025-04-25 15:07:24","2025-04-28 10:07:24",5,False,"sso;export;training"
3080,345,4378,"feature_request","high","waiting_on_customer","SSO configuration help needed","2025-02-06 07:26:00","2025-02-06 09:26:00",NULL,NULL,False,"documentation , integration , training , technical"
3081,494,6260,"onboarding","medium","waiting_on_customer","Billing discrepancy on latest invoice","2024-12-22 03:50:18","2024-12-22 10:50:18",NULL,NULL,False,"billing, feature"
3082,1031,NULL,"integration","high","open","Data import from CSV failing","2025-01-14 05:25:48",NULL,NULL,NULL,False,"integration , migration"
3083,979,NULL,"data_export","low","closed","Cannot login to dashboard","2024-03-05 04:58:26","2024-03-06 15:58:26","2024-03-08 20:58:26",4,False,"export;security;feature"
3084,1185,NULL,"onboarding","medium","in_progress","Time tracking sync issues","2025-06-15 20:35:52","2025-06-16 20:35:52",NULL,NULL,False,"urgent , technical , enterprise"
3085,159,2334,"performance","medium","in_progress","Feature request: dark mode","2024-09-06 10:52:03","2024-09-06 17:52:03",NULL,NULL,False,"documentation, documentation"
3086,404,5149,"billing","medium","resolved","Billing discrepancy on latest invoice","2025-05-26 23:51:23","2025-05-27 08:51:23","2025-05-28 17:51:23",2,False,"migration;ux"
3087,862,NULL,"integration","high","resolved","Permission settings not saving","2025-03-15 15:01:41","2025-03-15 23:01:41","2025-03-17 21:01:41",NULL,False,"mobile, urgent, integration, billing"
3088,718,NULL,"technical","low","waiting_on_customer","Permission settings not saving","2025-10-29 07:43:36","2025-10-29 13:43:36",NULL,NULL,False,NULL
3089,460,5942,"feature_request","medium","waiting_on_customer","Export failing for large datasets","2025-07-02 21:20:34","2025-07-04 03:20:34",NULL,NULL,False,"onboarding , ux , migration"
3090,701,NULL,"performance","low","resolved","Permission settings not saving","2023-02-27 12:37:20","2023-03-01 03:37:20","2023-03-06 14:37:20",2,False,"integration"
3091,511,6499,"technical","low","open","Account merge request","2025-09-06 16:38:15",NULL,NULL,NULL,False,"integration, mobile, enterprise, training"
3092,192,2726,"technical","medium","waiting_on_customer","Feature request: dark mode","2025-08-11 18:31:58","2025-08-14 08:31:58",NULL,NULL,False,"export"
3093,1169,NULL,"api","high","waiting_on_customer","Account merge request","2023-11-09 22:16:09","2023-11-10 03:16:09",NULL,NULL,False,"api;training"
3094,1061,NULL,"onboarding","high","in_progress","Mobile app crashes on Android","2025-05-09 06:40:03","2025-05-09 17:40:03",NULL,NULL,True,NULL
3095,311,4114,"security","medium","in_progress","Account merge request","2024-05-18 21:46:45","2024-05-19 01:46:45",NULL,NULL,False,"mobile,export"
3096,1007,NULL,"security","critical","resolved","Cannot login to dashboard","2025-08-21 23:59:38","2025-08-22 00:49:38","2025-08-22 21:49:38",3,False,"feature , mobile , documentation"
3097,1135,NULL,"onboarding","low","open","Data import from CSV failing","2025-05-21 03:19:29",NULL,NULL,NULL,False,"sso , export , technical , sso"
3098,211,3037,"security","critical","resolved","Gantt chart not rendering correctly","2024-06-30 15:35:04","2024-06-30 17:10:04","2024-07-02 20:10:04",3,False,"documentation , bug , enterprise"
3099,169,2488,"onboarding","medium","closed","Time tracking sync issues","2025-08-23 02:17:27","2025-08-25 16:17:27","2025-08-28 03:17:27",3,False,"migration, performance"
3100,1123,NULL,"performance","high","in_progress","API rate limiting issues","2025-10-16 10:08:01","2025-10-16 12:08:01",NULL,NULL,True,NULL
3101,1040,NULL,"api","low","in_progress","Gantt chart not rendering correctly","2024-08-27 11:58:21","2024-08-28 10:58:21",NULL,NULL,False,"enterprise,onboarding"
3102,899,NULL,"billing","critical","closed","GDPR data export request","2023-08-29 17:20:46","2023-08-29 19:04:46","2023-09-01 09:04:46",NULL,True,"technical,enterprise,migration"
3103,360,4613,"integration","medium","open","Export failing for large datasets","2025-07-17 06:26:41",NULL,NULL,NULL,False,"bug,export"
3104,713,NULL,"technical","low","waiting_on_customer","Permission settings not saving","2025-09-23 19:12:34","2025-09-25 23:12:34",NULL,NULL,False,"bug , export , sso , ux"
3105,316,4127,"technical","critical","resolved","White label logo not displaying","2023-12-31 00:43:48","2023-12-31 02:36:48","2024-01-01 09:36:48",5,False,"api;export;feature"
3106,498,6287,"api","critical","waiting_on_customer","Account merge request","2025-07-08 19:38:52","2025-07-08 21:21:52",NULL,NULL,True,"sso"
3107,682,NULL,"onboarding","low","waiting_on_customer","Webhook delivery failures","2024-01-01 22:14:54","2024-01-02 05:14:54",NULL,NULL,False,"gdpr;documentation;migration"
3108,555,7105,"api","high","closed","Report generation timeout","2024-11-28 11:19:42","2024-11-28 20:19:42","2024-12-01 07:19:42",5,False,"export;ux;gdpr;migration"
3109,113,1599,"account","medium","waiting_on_customer","Cannot downgrade plan","2025-09-21 20:54:12","2025-09-22 16:54:12",NULL,NULL,False,NULL
3110,690,NULL,"performance","high","resolved","API rate limiting issues","2025-09-26 18:38:43","2025-09-26 20:38:43","2025-10-01 12:38:43",NULL,False,NULL
3111,944,NULL,"api","medium","open","Cannot login to dashboard","2023-12-19 07:02:28",NULL,NULL,NULL,False,"training , export"
3112,247,3457,"security","medium","in_progress","Account merge request","2024-10-06 22:43:53","2024-10-08 15:43:53",NULL,NULL,False,NULL
3113,139,2072,"security","low","open","Cannot login to dashboard","2025-09-19 19:47:55",NULL,NULL,NULL,False,"onboarding,migration,feature"
3114,196,2766,"feature_request","low","in_progress","Feature request: dark mode","2024-01-02 02:10:52","2024-01-02 08:10:52",NULL,NULL,False,"migration , export"
3115,213,3073,"billing","high","open","Cannot downgrade plan","2025-09-13 00:18:46",NULL,NULL,NULL,False,"api , security , training"
3116,100,1480,"account","medium","closed","Slow loading on project boards","2025-10-19 16:39:19","2025-10-22 10:39:19","2025-10-25 13:39:19",4,False,"ux;onboarding;export;documentation;ux"
3117,745,NULL,"technical","high","resolved","Time tracking sync issues","2025-04-01 05:25:04","2025-04-01 06:25:04","2025-04-01 19:25:04",NULL,True,"billing,technical"
3118,448,5728,"account","low","waiting_on_customer","Webhook delivery failures","2024-08-04 00:16:48","2024-08-05 15:16:48",NULL,NULL,False,"gdpr,documentation"
3119,915,NULL,"api","low","resolved","Custom workflow automation broken","2025-09-07 06:54:44","2025-09-08 19:54:44","2025-09-10 12:54:44",4,False,"urgent, ux, training"
3120,351,4494,"billing","medium","open","Data import from CSV failing","2023-08-21 05:21:39",NULL,NULL,NULL,False,NULL
3121,495,6262,"security","low","resolved","Report generation timeout","2025-06-07 23:44:57","2025-06-09 19:44:57","2025-06-15 12:44:57",5,False,"urgent, feature, gdpr, mobile"
3122,220,3154,"api","high","open","Cannot login to dashboard","2025-07-05 16:41:07",NULL,NULL,NULL,True,"mobile"
3123,90,1397,"data_export","high","resolved","Need help with API authentication","2025-03-02 04:03:41","2025-03-02 06:03:41","2025-03-03 08:03:41",2,True,"feature,ux,urgent"
3124,1123,NULL,"integration","low","closed","Integration with Slack not working","2025-09-12 04:21:46","2025-09-13 05:21:46","2025-09-14 09:21:46",NULL,False,"bug;mobile;training"
3125,606,7779,"performance","low","closed","Time tracking sync issues","2025-04-11 15:53:54","2025-04-13 00:53:54","2025-04-18 07:53:54",3,False,"ux,export,urgent,training"
3126,1032,NULL,"billing","high","in_progress","Need to add more team members","2024-09-09 07:45:30","2024-09-09 14:45:30",NULL,NULL,True,"training"
3127,122,1768,"security","low","waiting_on_customer","Webhook delivery failures","2025-07-02 18:18:41","2025-07-05 14:18:41",NULL,NULL,False,"technical;feature;billing"
3128,1180,NULL,"onboarding","medium","in_progress","Report generation timeout","2025-09-17 23:05:03","2025-09-19 13:05:03",NULL,NULL,False,"ux;api;ux"
3129,221,3163,"performance","low","waiting_on_customer","Feature request: dark mode","2024-11-13 03:53:40","2024-11-13 19:53:40",NULL,NULL,False,NULL
3130,762,NULL,"billing","critical","in_progress","Mobile app crashes on Android","2025-03-15 22:34:06","2025-03-15 22:46:06",NULL,NULL,False,"training , billing , urgent , integration"
3131,925,NULL,"security","medium","closed","Export failing for large datasets","2025-09-26 20:38:32","2025-09-27 04:38:32","2025-09-30 04:38:32",3,False,"performance, export, security"
3132,1176,NULL,"api","high","resolved","Time tracking sync issues","2025-06-22 12:07:12","2025-06-22 21:07:12","2025-06-23 06:07:12",5,True,NULL
3133,540,6885,"account","low","resolved","Duplicate notifications being sent","2024-09-25 13:41:59","2024-09-28 07:41:59","2024-10-04 11:41:59",NULL,False,"onboarding"
3134,972,NULL,"performance","low","resolved","Billing discrepancy on latest invoice","2025-02-05 22:10:12","2025-02-08 06:10:12","2025-02-08 08:10:12",NULL,False,"api, urgent"
3135,125,1832,"feature_request","medium","resolved","Report generation timeout","2025-06-07 01:36:14","2025-06-09 22:36:14","2025-06-16 04:36:14",NULL,False,"documentation, ux, urgent, mobile"
3136,1042,NULL,"billing","high","in_progress","Duplicate notifications being sent","2025-02-15 12:48:28","2025-02-15 22:48:28",NULL,NULL,False,"mobile , bug , urgent , migration"
3137,589,7601,"integration","medium","resolved","Slow loading on project boards","2024-09-20 04:29:57","2024-09-22 12:29:57","2024-09-22 21:29:57",NULL,False,NULL
3138,164,2365,"integration","medium","open","Need help with API authentication","2025-07-15 18:49:07",NULL,NULL,NULL,False,"export,api,onboarding,integration"
3139,150,2156,"performance","medium","closed","Webhook delivery failures","2025-10-18 22:18:56","2025-10-19 19:18:56","2025-10-21 06:18:56",5,False,"api, training"
3140,1081,NULL,"security","low","resolved","GDPR data export request","2023-09-30 00:08:23","2023-09-30 22:08:23","2023-10-04 11:08:23",4,False,"technical,onboarding,performance,export,technical"
3141,301,4015,"performance","low","waiting_on_customer","SSO configuration help needed","2024-10-13 18:56:06","2024-10-14 04:56:06",NULL,NULL,False,NULL
3142,929,NULL,"api","low","resolved","Data import from CSV failing","2024-10-20 03:09:49","2024-10-22 19:09:49","2024-10-24 04:09:49",NULL,False,"mobile;enterprise;security"
3143,164,2374,"onboarding","low","closed","Integration with Slack not working","2025-09-24 19:05:57","2025-09-25 00:05:57","2025-10-01 11:05:57",4,False,"urgent , sso , api"
3144,367,4703,"api","critical","open","Report generation timeout","2025-02-27 22:27:28",NULL,NULL,NULL,True,"sso;documentation;feature;training"
3145,212,3042,"security","low","resolved","Cannot login to dashboard","2024-05-27 15:13:53","2024-05-27 19:13:53","2024-06-03 01:13:53",4,False,NULL
3146,976,NULL,"technical","medium","in_progress","Cannot downgrade plan","2024-12-26 08:52:50","2024-12-29 06:52:50",NULL,NULL,False,NULL
3147,1076,NULL,"security","high","open","SSO configuration help needed","2025-06-14 05:36:58",NULL,NULL,NULL,False,"performance, export, integration"
3148,160,2338,"integration","medium","in_progress","Cannot login to dashboard","2024-07-29 12:53:14","2024-07-31 03:53:14",NULL,NULL,False,NULL
3149,1127,NULL,"performance","high","in_progress","API rate limiting issues","2025-08-15 12:37:22","2025-08-15 17:37:22",NULL,NULL,False,NULL
3150,1003,NULL,"technical","critical","in_progress","Gantt chart not rendering correctly","2024-05-02 07:10:39","2024-05-02 09:05:39",NULL,NULL,False,"urgent,sso,urgent"
3151,690,NULL,"onboarding","low","closed","Permission settings not saving","2024-04-22 10:32:02","2024-04-23 21:32:02","2024-04-29 22:32:02",5,False,NULL
3152,1189,NULL,"account","medium","closed","White label logo not displaying","2024-08-03 19:09:54","2024-08-04 11:09:54","2024-08-09 23:09:54",NULL,False,NULL
3153,384,4871,"api","high","resolved","Gantt chart not rendering correctly","2025-06-03 00:49:27","2025-06-03 11:49:27","2025-06-03 21:49:27",4,False,"gdpr , technical , performance"
3154,1047,NULL,"billing","medium","in_progress","Time tracking sync issues","2024-03-04 12:39:47","2024-03-05 15:39:47",NULL,NULL,False,NULL
3155,663,8497,"integration","low","in_progress","Data import from CSV failing","2025-02-15 06:57:23","2025-02-17 01:57:23",NULL,NULL,False,"migration;feature;ux;mobile"
3156,1196,NULL,"onboarding","low","closed","SSO configuration help needed","2025-03-31 02:31:40","2025-04-01 07:31:40","2025-04-05 21:31:40",5,False,"billing;sso"
3157,843,NULL,"account","high","closed","Feature request: dark mode","2025-07-27 01:27:26","2025-07-27 07:27:26","2025-08-02 19:27:26",NULL,False,"technical,security,migration,enterprise"
3158,341,4337,"onboarding","critical","waiting_on_customer","Data import from CSV failing","2025-08-01 12:30:25","2025-08-01 13:28:25",NULL,NULL,False,"sso;training;bug;billing"
3159,540,6885,"security","low","resolved","Need to add more team members","2024-12-06 00:05:38","2024-12-07 06:05:38","2024-12-11 17:05:38",4,False,"api , ux"
3160,735,NULL,"api","medium","in_progress","Report generation timeout","2025-07-21 02:47:59","2025-07-21 21:47:59",NULL,NULL,False,"ux;export;enterprise"
3161,791,NULL,"performance","high","open","Audit log access denied","2025-03-14 17:39:12",NULL,NULL,NULL,False,"security, migration, ux, enterprise"
3162,297,3967,"security","medium","resolved","Webhook delivery failures","2025-10-15 15:46:22","2025-10-17 02:46:22","2025-10-20 07:46:22",3,False,"gdpr;documentation;billing"
3163,724,NULL,"feature_request","high","open","Data import from CSV failing","2025-06-17 06:09:52",NULL,NULL,NULL,False,"ux"
3164,893,NULL,"feature_request","medium","waiting_on_customer","API rate limiting issues","2025-08-16 23:43:59","2025-08-18 13:43:59",NULL,NULL,False,"enterprise"
3165,138,2040,"api","medium","in_progress","GDPR data export request","2023-04-04 21:38:06","2023-04-06 05:38:06",NULL,NULL,False,"sso , urgent , bug"
3166,407,5169,"api","medium","resolved","SSO configuration help needed","2023-10-10 07:05:33","2023-10-10 18:05:33","2023-10-12 20:05:33",4,False,"technical"
3167,82,1286,"integration","critical","closed","API rate limiting issues","2023-12-30 21:12:53","2023-12-30 22:01:53","2024-01-04 21:01:53",NULL,True,"billing, security, performance"
3168,747,NULL,"performance","medium","in_progress","Need help with API authentication","2025-03-15 02:39:08","2025-03-16 08:39:08",NULL,NULL,False,"enterprise;training;feature"
3169,525,6696,"api","low","in_progress","Need help with API authentication","2025-09-05 00:59:32","2025-09-06 23:59:32",NULL,NULL,False,"integration;mobile"
3170,548,6973,"performance","high","open","API rate limiting issues","2024-09-18 08:13:57",NULL,NULL,NULL,False,NULL
3171,1083,NULL,"integration","medium","waiting_on_customer","GDPR data export request","2023-05-29 01:28:41","2023-05-31 15:28:41",NULL,NULL,False,"urgent"
3172,450,5789,"api","high","resolved","Billing discrepancy on latest invoice","2025-06-19 18:58:47","2025-06-20 01:58:47","2025-06-23 08:58:47",NULL,True,"feature"
3173,950,NULL,"performance","critical","waiting_on_customer","Permission settings not saving","2025-07-24 22:38:25","2025-07-24 23:35:25",NULL,NULL,False,"enterprise"
3174,249,3481,"technical","medium","waiting_on_customer","API rate limiting issues","2025-09-04 06:28:42","2025-09-06 06:28:42",NULL,NULL,False,"security;feature;gdpr;export"
3175,657,8455,"account","medium","closed","Duplicate notifications being sent","2025-10-11 02:17:50","2025-10-12 23:17:50","2025-10-17 19:17:50",1,False,NULL
3176,96,1442,"performance","high","waiting_on_customer","Need to add more team members","2025-05-29 02:56:20","2025-05-29 13:56:20",NULL,NULL,False,"urgent,training,enterprise"
3177,212,3050,"api","low","waiting_on_customer","Feature request: dark mode","2024-09-12 19:17:21","2024-09-14 13:17:21",NULL,NULL,False,NULL
3178,440,5609,"api","medium","waiting_on_customer","Audit log access denied","2025-03-28 13:33:33","2025-03-30 08:33:33",NULL,NULL,False,"ux,documentation,migration"
3179,187,2687,"billing","low","in_progress","Gantt chart not rendering correctly","2025-04-09 09:36:05","2025-04-09 15:36:05",NULL,NULL,False,"mobile, ux, sso, security"
3180,713,NULL,"integration","critical","resolved","Report generation timeout","2025-07-07 10:15:37","2025-07-07 10:34:37","2025-07-13 09:34:37",5,False,"documentation, billing"
3181,768,NULL,"security","medium","closed","Need to add more team members","2025-10-03 06:09:08","2025-10-04 22:09:08","2025-10-10 15:09:08",NULL,False,NULL
3182,17,365,"account","low","in_progress","White label logo not displaying","2025-08-19 15:12:24","2025-08-20 20:12:24",NULL,NULL,False,"training,gdpr,feature,export"
3183,488,6224,"technical","low","waiting_on_customer","Duplicate notifications being sent","2024-12-05 08:59:15","2024-12-05 13:59:15",NULL,NULL,False,"security,documentation,technical,enterprise"
3184,767,NULL,"security","low","closed","Feature request: dark mode","2025-07-11 19:16:04","2025-07-12 07:16:04","2025-07-18 15:16:04",3,False,NULL
3185,611,7813,"billing","high","in_progress","Permission settings not saving","2024-11-18 09:40:25","2024-11-18 14:40:25",NULL,NULL,False,NULL
3186,548,6976,"security","low","closed","Time tracking sync issues","2024-04-02 14:30:25","2024-04-03 23:30:25","2024-04-08 20:30:25",NULL,False,"training"
3187,217,3123,"feature_request","high","resolved","White label logo not displaying","2025-07-25 03:21:28","2025-07-25 06:21:28","2025-07-29 21:21:28",NULL,False,NULL
3188,1008,NULL,"onboarding","medium","resolved","GDPR data export request","2024-05-11 03:05:10","2024-05-12 23:05:10","2024-05-18 23:05:10",NULL,False,"bug,performance,export,feature"
3189,867,NULL,"onboarding","critical","closed","Slow loading on project boards","2025-10-16 10:37:44","2025-10-16 11:16:44","2025-10-18 10:16:44",3,False,"performance, gdpr"
3190,350,4491,"onboarding","medium","closed","Audit log access denied","2024-10-30 08:54:14","2024-11-01 14:54:14","2024-11-06 15:54:14",NULL,False,"security , mobile , gdpr"
3191,718,NULL,"api","high","resolved","Need to add more team members","2025-10-20 06:00:20","2025-10-20 11:00:20","2025-10-26 20:00:20",NULL,True,"technical;integration"
3192,901,NULL,"technical","low","closed","White label logo not displaying","2025-07-30 13:44:30","2025-08-02 01:44:30","2025-08-05 10:44:30",NULL,False,"documentation,ux,performance,documentation"
3193,977,NULL,"technical","medium","resolved","Custom workflow automation broken","2025-08-19 16:12:31","2025-08-22 15:12:31","2025-08-28 01:12:31",NULL,False,"enterprise,training,documentation,migration"
3194,53,870,"technical","low","resolved","Feature request: dark mode","2024-12-23 08:47:10","2024-12-24 09:47:10","2024-12-28 15:47:10",3,False,"gdpr,security"
3195,338,4316,"account","low","waiting_on_customer","Webhook delivery failures","2024-12-05 21:01:40","2024-12-08 08:01:40",NULL,NULL,False,"api,export,enterprise,api"
3196,653,8424,"feature_request","medium","waiting_on_customer","Need help with API authentication","2024-04-12 01:46:24","2024-04-13 18:46:24",NULL,NULL,False,"migration , bug"
3197,212,3058,"data_export","low","in_progress","Billing discrepancy on latest invoice","2024-12-09 21:38:20","2024-12-10 13:38:20",NULL,NULL,False,"integration;sso;gdpr;integration"
3198,648,8386,"feature_request","medium","waiting_on_customer","Webhook delivery failures","2025-07-09 13:26:04","2025-07-10 06:26:04",NULL,NULL,False,"gdpr , performance"
3199,1142,NULL,"data_export","low","waiting_on_customer","Webhook delivery failures","2024-07-28 06:58:37","2024-07-28 20:58:37",NULL,NULL,False,"urgent , sso , feature , ux"
3200,43,746,"security","low","in_progress","White label logo not displaying","2025-09-06 08:54:13","2025-09-06 14:54:13",NULL,NULL,False,NULL
3201,786,NULL,"feature_request","low","open","Need help with API authentication","2025-10-02 23:01:32",NULL,NULL,NULL,False,"gdpr,performance,sso"
3202,1100,NULL,"account","low","waiting_on_customer","Need to add more team members","2023-04-28 22:39:11","2023-05-01 03:39:11",NULL,NULL,False,"gdpr , enterprise , sso , training"
3203,257,3565,"performance","high","waiting_on_customer","Integration with Slack not working","2025-03-21 01:17:39","2025-03-21 13:17:39",NULL,NULL,False,NULL
3204,503,6398,"api","high","open","Account merge request","2025-02-26 12:27:53",NULL,NULL,NULL,False,"technical;api;bug;integration"
3205,590,7605,"billing","high","open","Audit log access denied","2025-09-13 13:04:12",NULL,NULL,NULL,False,"mobile , gdpr , enterprise , bug"
3206,463,6011,"integration","high","closed","Export failing for large datasets","2025-10-22 09:14:05","2025-10-22 17:14:05","2025-10-23 20:14:05",NULL,False,"training"
3207,187,2693,"feature_request","low","open","White label logo not displaying","2024-11-15 01:43:21",NULL,NULL,NULL,False,"security, training, billing, feature"
3208,255,3547,"performance","low","resolved","Webhook delivery failures","2025-01-01 01:41:21","2025-01-02 00:41:21","2025-01-03 14:41:21",NULL,False,"api, bug, sso, export"
3209,1022,NULL,"api","low","resolved","GDPR data export request","2025-01-04 00:24:37","2025-01-04 19:24:37","2025-01-10 05:24:37",4,False,"api,performance"
3210,940,NULL,"data_export","medium","waiting_on_customer","GDPR data export request","2025-07-16 22:54:25","2025-07-17 03:54:25",NULL,NULL,False,"integration"
3211,714,NULL,"api","low","resolved","Time tracking sync issues","2024-06-04 21:35:53","2024-06-05 05:35:53","2024-06-11 12:35:53",NULL,False,NULL
3212,1048,NULL,"billing","low","in_progress","Time tracking sync issues","2025-10-29 12:08:12","2025-10-30 20:08:12",NULL,NULL,False,NULL
3213,384,4873,"data_export","critical","waiting_on_customer","Data import from CSV failing","2024-06-28 02:38:00","2024-06-28 04:36:00",NULL,NULL,False,"billing"
3214,574,7396,"integration","low","waiting_on_customer","Billing discrepancy on latest invoice","2024-11-22 03:05:43","2024-11-24 16:05:43",NULL,NULL,False,"urgent,billing"
3215,7,106,"technical","low","resolved","Duplicate notifications being sent","2025-07-31 04:56:08","2025-07-31 12:56:08","2025-08-04 19:56:08",NULL,False,"sso"
3216,1180,NULL,"billing","medium","closed","Gantt chart not rendering correctly","2025-08-23 13:04:46","2025-08-25 02:04:46","2025-08-26 20:04:46",NULL,False,"ux , gdpr"
3217,991,NULL,"data_export","medium","closed","Webhook delivery failures","2025-10-21 15:39:05","2025-10-24 11:39:05","2025-10-27 05:39:05",3,False,"training"
3767,1052,NULL,"performance","high","open","Webhook delivery failures","2025-10-02 22:39:14",NULL,NULL,NULL,False,NULL
3218,355,4559,"feature_request","low","closed","Gantt chart not rendering correctly","2024-07-27 11:43:24","2024-07-28 13:43:24","2024-08-03 18:43:24",2,False,"mobile;gdpr;api"
3219,1152,NULL,"technical","medium","in_progress","Export failing for large datasets","2024-07-31 04:20:52","2024-08-02 21:20:52",NULL,NULL,False,NULL
3220,775,NULL,"account","low","closed","Export failing for large datasets","2023-12-05 15:39:10","2023-12-05 17:39:10","2023-12-06 02:39:10",4,False,"gdpr, sso, technical"
3221,811,NULL,"account","medium","closed","Report generation timeout","2024-05-12 00:47:28","2024-05-14 23:47:28","2024-05-20 17:47:28",5,False,"integration;mobile"
3222,297,3965,"onboarding","low","waiting_on_customer","Custom workflow automation broken","2025-09-01 05:26:49","2025-09-03 23:26:49",NULL,NULL,False,"performance,ux,export"
3223,560,7168,"api","high","closed","Billing discrepancy on latest invoice","2025-10-14 20:38:37","2025-10-15 07:38:37","2025-10-19 19:38:37",5,True,"ux;billing;migration;urgent;ux"
3224,1193,NULL,"onboarding","medium","in_progress","API rate limiting issues","2025-07-13 00:53:23","2025-07-13 21:53:23",NULL,NULL,False,NULL
3225,1154,NULL,"feature_request","medium","in_progress","Export failing for large datasets","2023-05-27 17:03:16","2023-05-30 06:03:16",NULL,NULL,False,"gdpr , training , migration"
3226,370,4734,"feature_request","medium","open","SSO configuration help needed","2025-01-21 13:19:51",NULL,NULL,NULL,False,"mobile, gdpr, urgent, documentation"
3227,584,7543,"performance","medium","waiting_on_customer","Feature request: dark mode","2025-02-18 23:33:06","2025-02-20 02:33:06",NULL,NULL,False,NULL
3228,552,7040,"feature_request","high","waiting_on_customer","Need to add more team members","2025-03-18 10:55:09","2025-03-18 11:55:09",NULL,NULL,True,"technical,integration,urgent,feature"
3229,148,2151,"integration","low","waiting_on_customer","Report generation timeout","2025-05-18 13:03:29","2025-05-20 22:03:29",NULL,NULL,False,"performance;training"
3230,634,8130,"integration","medium","waiting_on_customer","Integration with Slack not working","2025-09-16 22:12:47","2025-09-17 07:12:47",NULL,NULL,False,"bug"
3231,458,5906,"api","medium","closed","Feature request: dark mode","2025-09-11 04:28:34","2025-09-11 13:28:34","2025-09-18 02:28:34",NULL,False,"integration"
3232,164,2396,"feature_request","high","resolved","Integration with Slack not working","2025-08-20 03:09:25","2025-08-20 10:09:25","2025-08-21 03:09:25",NULL,True,"bug, migration, billing"
3233,135,1996,"onboarding","low","open","Webhook delivery failures","2025-08-09 21:40:03",NULL,NULL,NULL,False,"performance , technical , sso"
3234,1104,NULL,"technical","medium","in_progress","Permission settings not saving","2023-10-17 06:43:05","2023-10-17 17:43:05",NULL,NULL,False,"technical;mobile;enterprise;technical"
3235,589,7597,"data_export","low","waiting_on_customer","Gantt chart not rendering correctly","2025-06-05 21:16:47","2025-06-08 20:16:47",NULL,NULL,False,"training;onboarding"
3236,277,3814,"billing","low","in_progress","Time tracking sync issues","2025-10-23 10:54:04","2025-10-25 11:54:04",NULL,NULL,False,NULL
3237,497,6275,"data_export","high","closed","Billing discrepancy on latest invoice","2025-03-25 19:40:11","2025-03-26 07:40:11","2025-03-27 02:40:11",NULL,False,NULL
3238,639,8228,"integration","medium","closed","Cannot downgrade plan","2024-04-29 16:32:21","2024-05-02 03:32:21","2024-05-06 07:32:21",4,False,"mobile,onboarding,export,ux"
3239,226,3198,"api","high","in_progress","Mobile app crashes on Android","2025-09-19 02:23:02","2025-09-19 12:23:02",NULL,NULL,False,"mobile, technical, gdpr"
3240,331,4234,"billing","critical","waiting_on_customer","SSO configuration help needed","2025-10-27 02:08:00","2025-10-27 02:51:00",NULL,NULL,False,NULL
3241,614,7832,"data_export","medium","in_progress","Export failing for large datasets","2025-06-21 05:28:21","2025-06-23 01:28:21",NULL,NULL,False,"urgent , integration , bug , mobile , urgent"
3242,1163,NULL,"billing","medium","open","Custom workflow automation broken","2025-07-31 03:21:50",NULL,NULL,NULL,False,"integration,ux,billing,technical"
3243,162,2346,"billing","low","closed","Gantt chart not rendering correctly","2024-09-08 12:31:03","2024-09-10 10:31:03","2024-09-12 11:31:03",3,False,"feature, sso"
3244,163,2350,"account","medium","open","Export failing for large datasets","2024-05-17 13:26:01",NULL,NULL,NULL,False,"training, sso"
3245,998,NULL,"data_export","low","waiting_on_customer","SSO configuration help needed","2024-05-13 10:56:46","2024-05-14 02:56:46",NULL,NULL,False,"performance,ux,technical"
3246,1148,NULL,"integration","low","in_progress","Data import from CSV failing","2025-10-20 19:43:37","2025-10-23 17:43:37",NULL,NULL,False,NULL
3247,698,NULL,"technical","high","resolved","Webhook delivery failures","2024-06-12 02:18:29","2024-06-12 14:18:29","2024-06-15 12:18:29",4,False,"ux,sso"
3248,205,2903,"performance","low","closed","White label logo not displaying","2024-10-07 19:32:18","2024-10-09 17:32:18","2024-10-14 02:32:18",5,False,"feature , export"
3249,691,NULL,"api","medium","resolved","Custom workflow automation broken","2025-07-24 02:07:58","2025-07-24 10:07:58","2025-07-27 20:07:58",NULL,False,"mobile,api,billing,feature,mobile"
3250,482,6146,"data_export","high","waiting_on_customer","Slow loading on project boards","2024-06-01 03:38:17","2024-06-01 06:38:17",NULL,NULL,False,"integration;urgent;training;feature"
3251,811,NULL,"billing","low","closed","Mobile app crashes on Android","2025-05-06 12:06:20","2025-05-08 02:06:20","2025-05-08 08:06:20",NULL,False,"enterprise, ux, mobile, billing, enterprise"
3252,6,77,"feature_request","low","closed","Feature request: dark mode","2025-10-22 02:33:11","2025-10-23 00:33:11","2025-10-29 15:33:11",4,False,"billing"
3253,336,4279,"integration","high","resolved","Time tracking sync issues","2024-07-16 11:59:24","2024-07-16 16:59:24","2024-07-20 11:59:24",1,False,"urgent, mobile, export, api"
3254,667,NULL,"performance","medium","open","Slow loading on project boards","2024-08-05 22:27:08",NULL,NULL,NULL,False,"api;ux;integration;enterprise"
3255,157,2271,"feature_request","medium","resolved","Data import from CSV failing","2025-01-15 23:46:53","2025-01-18 18:46:53","2025-01-20 16:46:53",5,False,"gdpr , security , mobile"
3256,1116,NULL,"data_export","critical","open","Gantt chart not rendering correctly","2023-08-22 07:55:44",NULL,NULL,NULL,False,"gdpr, bug, ux, mobile"
3257,900,NULL,"billing","low","closed","Data import from CSV failing","2024-04-13 20:50:55","2024-04-15 15:50:55","2024-04-20 13:50:55",4,False,"migration,technical"
3258,724,NULL,"data_export","medium","in_progress","Account merge request","2025-03-08 16:36:14","2025-03-09 15:36:14",NULL,NULL,False,"performance"
3259,1074,NULL,"account","high","open","SSO configuration help needed","2025-03-10 13:42:51",NULL,NULL,NULL,False,"sso"
3260,15,237,"security","low","closed","Cannot downgrade plan","2025-01-09 06:56:33","2025-01-11 16:56:33","2025-01-18 14:56:33",4,False,"onboarding,mobile,gdpr,enterprise"
3261,919,NULL,"performance","medium","in_progress","Audit log access denied","2025-10-20 18:25:52","2025-10-23 03:25:52",NULL,NULL,False,"export , enterprise , onboarding"
3262,1022,NULL,"security","high","open","Gantt chart not rendering correctly","2025-10-16 10:19:18",NULL,NULL,NULL,False,"api;export;security;training"
3263,1185,NULL,"data_export","medium","waiting_on_customer","Feature request: dark mode","2025-07-01 11:06:38","2025-07-04 03:06:38",NULL,NULL,False,"billing;enterprise;technical"
3264,157,2272,"api","medium","open","Permission settings not saving","2025-06-29 08:48:42",NULL,NULL,NULL,False,NULL
3265,883,NULL,"security","medium","closed","Custom workflow automation broken","2025-10-18 20:59:28","2025-10-19 03:59:28","2025-10-22 01:59:28",NULL,False,"export , billing"
3266,704,NULL,"api","high","waiting_on_customer","Duplicate notifications being sent","2025-04-24 17:28:18","2025-04-24 21:28:18",NULL,NULL,False,"urgent , migration , feature"
3267,792,NULL,"data_export","medium","waiting_on_customer","Data import from CSV failing","2025-09-27 10:17:05","2025-09-27 17:17:05",NULL,NULL,False,"feature,gdpr,onboarding,bug"
3268,427,5413,"api","low","closed","Cannot login to dashboard","2025-01-29 21:03:49","2025-01-30 19:03:49","2025-01-31 15:03:49",5,False,"technical"
3269,126,1840,"data_export","medium","in_progress","Mobile app crashes on Android","2025-05-15 05:34:19","2025-05-16 09:34:19",NULL,NULL,False,"migration,bug,mobile,sso"
3270,367,4699,"feature_request","medium","open","Cannot downgrade plan","2025-10-30 12:38:01",NULL,NULL,NULL,False,"migration"
3271,1010,NULL,"onboarding","medium","in_progress","API rate limiting issues","2025-03-11 04:04:03","2025-03-12 13:04:03",NULL,NULL,False,"api , feature , gdpr"
3272,903,NULL,"onboarding","high","in_progress","Need help with API authentication","2024-10-13 18:52:24","2024-10-14 06:52:24",NULL,NULL,False,"mobile, onboarding, gdpr, integration"
3273,459,5924,"data_export","high","open","Feature request: dark mode","2024-07-28 15:15:17",NULL,NULL,NULL,True,"training"
3274,395,5031,"data_export","critical","open","Permission settings not saving","2023-11-25 16:14:23",NULL,NULL,NULL,False,"training, gdpr, migration"
3275,1070,NULL,"account","low","closed","Account merge request","2025-01-18 13:22:59","2025-01-20 04:22:59","2025-01-22 08:22:59",3,False,"technical , gdpr"
3276,601,7727,"billing","low","open","Gantt chart not rendering correctly","2025-07-29 07:55:13",NULL,NULL,NULL,False,"enterprise, documentation"
3277,62,1017,"performance","low","resolved","API rate limiting issues","2025-10-20 00:11:42","2025-10-21 01:11:42","2025-10-25 23:11:42",3,False,NULL
3278,878,NULL,"data_export","critical","in_progress","Need to add more team members","2024-07-09 16:17:16","2024-07-09 17:19:16",NULL,NULL,True,"mobile,ux,onboarding,feature,mobile"
3279,438,5596,"technical","critical","waiting_on_customer","Feature request: dark mode","2024-09-05 03:16:33","2024-09-05 04:45:33",NULL,NULL,False,"integration, performance, enterprise, security"
3280,490,6232,"technical","low","waiting_on_customer","Feature request: dark mode","2025-04-13 12:03:36","2025-04-13 19:03:36",NULL,NULL,False,"enterprise"
3281,1060,NULL,"integration","medium","resolved","Report generation timeout","2025-07-09 01:45:36","2025-07-10 23:45:36","2025-07-13 03:45:36",NULL,False,"feature , api"
3282,77,1186,"performance","high","waiting_on_customer","Mobile app crashes on Android","2025-06-19 15:59:33","2025-06-20 00:59:33",NULL,NULL,False,"security,security"
3283,58,937,"onboarding","high","open","Custom workflow automation broken","2025-10-03 07:59:30",NULL,NULL,NULL,False,"api"
3284,595,7691,"data_export","medium","open","Data import from CSV failing","2023-09-13 09:51:25",NULL,NULL,NULL,False,"billing;technical"
3285,606,7786,"api","low","in_progress","SSO configuration help needed","2025-04-10 13:00:00","2025-04-11 20:00:00",NULL,NULL,False,"integration"
3286,1015,NULL,"api","medium","open","Permission settings not saving","2024-10-09 20:53:36",NULL,NULL,NULL,False,"feature"
3287,439,5605,"integration","low","closed","Custom workflow automation broken","2025-08-23 14:07:13","2025-08-25 12:07:13","2025-08-31 05:07:13",NULL,False,"gdpr;api;documentation;mobile"
3288,508,6444,"integration","high","open","Permission settings not saving","2025-02-14 04:03:42",NULL,NULL,NULL,True,"gdpr, enterprise"
3289,1030,NULL,"performance","medium","in_progress","Mobile app crashes on Android","2025-08-20 05:27:09","2025-08-22 06:27:09",NULL,NULL,False,"bug,urgent"
3290,488,6190,"performance","medium","open","Time tracking sync issues","2024-12-05 00:32:43",NULL,NULL,NULL,False,"enterprise,ux"
3291,475,6075,"technical","critical","closed","GDPR data export request","2024-09-27 01:36:27","2024-09-27 02:07:27","2024-10-03 08:07:27",5,True,"integration, bug"
3292,611,7813,"technical","medium","open","Data import from CSV failing","2025-09-24 22:12:59",NULL,NULL,NULL,False,"performance, security, urgent, technical"
3293,1152,NULL,"performance","low","open","Account merge request","2025-10-06 19:12:53",NULL,NULL,NULL,False,"onboarding,bug"
3294,1149,NULL,"billing","low","open","Need help with API authentication","2024-08-09 10:40:09",NULL,NULL,NULL,False,"technical;sso;documentation"
3295,474,6071,"technical","medium","closed","Custom workflow automation broken","2025-02-10 12:20:50","2025-02-11 01:20:50","2025-02-12 15:20:50",4,False,"sso,gdpr,migration,feature"
3296,875,NULL,"security","high","waiting_on_customer","Permission settings not saving","2025-09-22 20:29:29","2025-09-23 06:29:29",NULL,NULL,True,"performance,billing"
3297,1095,NULL,"security","medium","waiting_on_customer","Gantt chart not rendering correctly","2025-09-21 02:51:12","2025-09-23 00:51:12",NULL,NULL,False,"documentation , gdpr , onboarding"
3298,501,6389,"api","critical","closed","Slow loading on project boards","2024-01-20 22:39:58","2024-01-21 00:11:58","2024-01-25 14:11:58",4,False,"technical , feature"
3299,524,6694,"security","high","closed","Billing discrepancy on latest invoice","2025-09-30 14:19:26","2025-09-30 19:19:26","2025-10-07 11:19:26",NULL,False,"onboarding, security, ux, gdpr"
3300,1137,NULL,"performance","medium","open","Cannot downgrade plan","2024-10-28 08:53:59",NULL,NULL,NULL,False,"migration;mobile;feature"
3301,933,NULL,"data_export","medium","open","Report generation timeout","2025-08-10 18:57:46",NULL,NULL,NULL,False,"feature , mobile"
3302,1001,NULL,"integration","high","in_progress","Account merge request","2025-08-16 03:30:26","2025-08-16 15:30:26",NULL,NULL,True,"feature"
3303,608,7795,"api","low","resolved","Billing discrepancy on latest invoice","2024-07-22 01:20:00","2024-07-23 21:20:00","2024-07-30 19:20:00",NULL,False,"gdpr, ux, integration, bug"
3304,111,1582,"feature_request","low","closed","Gantt chart not rendering correctly","2025-03-03 21:24:54","2025-03-06 15:24:54","2025-03-11 15:24:54",4,False,"performance, documentation, feature"
3305,443,5647,"security","medium","resolved","Cannot downgrade plan","2024-08-31 20:34:21","2024-09-03 19:34:21","2024-09-04 10:34:21",1,False,"sso"
3306,1108,NULL,"security","low","closed","Account merge request","2024-07-04 08:18:34","2024-07-05 01:18:34","2024-07-06 11:18:34",4,False,"migration;bug"
3307,1172,NULL,"onboarding","medium","resolved","Data import from CSV failing","2024-11-26 13:39:52","2024-11-27 05:39:52","2024-12-01 03:39:52",NULL,False,"integration;export;technical"
3308,203,2886,"security","medium","waiting_on_customer","Duplicate notifications being sent","2025-05-15 06:53:44","2025-05-16 16:53:44",NULL,NULL,False,"integration"
3309,755,NULL,"onboarding","low","in_progress","Data import from CSV failing","2025-10-04 22:51:58","2025-10-07 04:51:58",NULL,NULL,False,"urgent;api;ux"
3310,173,2540,"feature_request","high","closed","Audit log access denied","2024-09-28 19:54:19","2024-09-29 02:54:19","2024-09-30 08:54:19",NULL,True,NULL
3311,305,4061,"onboarding","critical","resolved","Need help with API authentication","2024-09-18 01:57:32","2024-09-18 02:40:32","2024-09-20 09:40:32",NULL,True,"sso"
3312,312,4115,"technical","critical","closed","Export failing for large datasets","2024-12-22 16:36:47","2024-12-22 17:47:47","2024-12-26 13:47:47",NULL,False,"billing"
3313,1106,NULL,"onboarding","high","resolved","Webhook delivery failures","2024-09-14 18:35:45","2024-09-14 20:35:45","2024-09-18 01:35:45",5,True,NULL
3314,867,NULL,"integration","low","resolved","Gantt chart not rendering correctly","2025-10-06 23:29:45","2025-10-09 14:29:45","2025-10-14 07:29:45",NULL,False,"urgent , bug , billing , export , urgent"
3315,464,6015,"api","medium","open","Time tracking sync issues","2025-05-13 00:22:19",NULL,NULL,NULL,False,"onboarding, sso"
3316,624,7955,"technical","critical","closed","Gantt chart not rendering correctly","2025-07-24 23:25:33","2025-07-24 23:55:33","2025-07-30 10:55:33",NULL,False,"mobile , feature , training , sso"
3317,923,NULL,"performance","medium","open","Need to add more team members","2024-07-15 05:18:54",NULL,NULL,NULL,False,"bug, technical, billing, mobile"
3318,776,NULL,"api","low","open","Permission settings not saving","2023-11-03 19:23:13",NULL,NULL,NULL,False,"migration;enterprise"
3319,196,2768,"integration","critical","resolved","SSO configuration help needed","2024-05-14 15:36:13","2024-05-14 17:16:13","2024-05-19 06:16:13",4,False,NULL
3320,894,NULL,"technical","medium","waiting_on_customer","Data import from CSV failing","2025-07-20 04:15:22","2025-07-22 13:15:22",NULL,NULL,False,NULL
3321,55,916,"security","low","resolved","GDPR data export request","2024-12-08 16:39:47","2024-12-10 09:39:47","2024-12-15 15:39:47",2,False,"technical, performance, gdpr, enterprise"
3322,154,2251,"security","medium","open","Cannot downgrade plan","2025-09-26 12:26:13",NULL,NULL,NULL,False,"mobile,migration,export,gdpr"
3323,100,1480,"technical","high","resolved","Cannot downgrade plan","2025-08-09 06:45:12","2025-08-09 17:45:12","2025-08-10 14:45:12",5,False,"documentation"
3324,997,NULL,"onboarding","high","resolved","Permission settings not saving","2025-03-22 10:14:42","2025-03-22 13:14:42","2025-03-24 14:14:42",4,False,NULL
3325,665,NULL,"onboarding","medium","waiting_on_customer","GDPR data export request","2025-03-29 08:04:36","2025-03-30 09:04:36",NULL,NULL,False,"feature , performance , export"
3326,1137,NULL,"billing","low","open","Integration with Slack not working","2025-03-09 10:15:38",NULL,NULL,NULL,False,"migration , bug , enterprise , technical"
3327,1001,NULL,"onboarding","medium","open","White label logo not displaying","2025-09-29 23:10:56",NULL,NULL,NULL,False,"migration"
3328,367,4701,"data_export","medium","resolved","Custom workflow automation broken","2025-05-04 04:47:24","2025-05-05 21:47:24","2025-05-09 19:47:24",NULL,False,"performance"
3329,555,7123,"onboarding","medium","resolved","Slow loading on project boards","2025-04-19 09:34:10","2025-04-20 23:34:10","2025-04-21 12:34:10",NULL,False,"billing"
3330,727,NULL,"onboarding","medium","in_progress","Webhook delivery failures","2024-09-30 07:18:25","2024-10-03 06:18:25",NULL,NULL,False,"onboarding,urgent,export,mobile"
3331,7,86,"security","low","closed","Account merge request","2025-01-28 12:59:35","2025-01-28 23:59:35","2025-01-30 15:59:35",4,False,"enterprise, ux, sso, onboarding"
3332,357,4577,"integration","medium","in_progress","Need help with API authentication","2024-05-28 08:25:41","2024-05-31 07:25:41",NULL,NULL,False,"api, enterprise, mobile"
3333,958,NULL,"billing","low","waiting_on_customer","White label logo not displaying","2024-04-08 11:39:57","2024-04-09 02:39:57",NULL,NULL,False,"migration;documentation;gdpr;onboarding;migration"
3334,276,3803,"onboarding","medium","in_progress","Time tracking sync issues","2025-09-02 17:33:36","2025-09-04 12:33:36",NULL,NULL,False,"export , migration"
3335,736,NULL,"onboarding","medium","closed","Feature request: dark mode","2025-05-08 17:22:36","2025-05-11 08:22:36","2025-05-12 06:22:36",5,False,NULL
3336,756,NULL,"security","medium","open","GDPR data export request","2025-04-22 00:18:17",NULL,NULL,NULL,False,"documentation,billing,onboarding"
3337,1067,NULL,"performance","low","waiting_on_customer","Gantt chart not rendering correctly","2023-08-04 21:38:55","2023-08-07 06:38:55",NULL,NULL,False,"feature;sso"
3338,271,3757,"onboarding","medium","in_progress","Webhook delivery failures","2025-06-20 08:21:54","2025-06-22 13:21:54",NULL,NULL,False,NULL
3339,363,4651,"account","low","open","Mobile app crashes on Android","2024-02-18 02:04:36",NULL,NULL,NULL,False,"bug, migration, gdpr, training"
3340,1193,NULL,"integration","low","in_progress","Export failing for large datasets","2025-09-24 22:19:03","2025-09-26 00:19:03",NULL,NULL,False,"urgent , feature"
3341,862,NULL,"technical","medium","open","GDPR data export request","2025-05-04 11:51:03",NULL,NULL,NULL,False,"export;bug;training"
3342,623,7936,"billing","high","closed","Data import from CSV failing","2025-08-12 08:51:30","2025-08-12 10:51:30","2025-08-18 22:51:30",4,False,"enterprise,ux,onboarding"
3343,271,3755,"performance","medium","open","Export failing for large datasets","2025-08-04 10:57:49",NULL,NULL,NULL,False,"sso;gdpr;security"
3344,750,NULL,"performance","medium","resolved","Custom workflow automation broken","2025-02-21 11:28:01","2025-02-22 09:28:01","2025-02-25 02:28:01",NULL,False,"security;integration;onboarding;training"
3345,478,6108,"performance","low","waiting_on_customer","Permission settings not saving","2025-01-15 06:43:51","2025-01-17 20:43:51",NULL,NULL,False,NULL
3346,954,NULL,"security","low","in_progress","Need help with API authentication","2025-07-10 03:58:08","2025-07-10 22:58:08",NULL,NULL,False,"migration"
3347,828,NULL,"feature_request","critical","open","Feature request: dark mode","2025-07-26 21:02:40",NULL,NULL,NULL,True,"export , technical , enterprise"
3348,1164,NULL,"feature_request","low","resolved","Report generation timeout","2025-09-30 01:18:07","2025-09-30 13:18:07","2025-10-06 13:18:07",NULL,False,"training , onboarding"
3349,883,NULL,"data_export","low","resolved","SSO configuration help needed","2025-10-18 13:25:33","2025-10-18 20:25:33","2025-10-19 01:25:33",NULL,False,NULL
3350,1036,NULL,"data_export","medium","in_progress","Integration with Slack not working","2024-10-23 10:05:21","2024-10-23 16:05:21",NULL,NULL,False,NULL
3351,533,6772,"technical","high","open","Audit log access denied","2024-01-08 22:49:06",NULL,NULL,NULL,False,"training, billing, technical"
3352,215,3115,"account","high","waiting_on_customer","Need help with API authentication","2025-06-26 20:00:17","2025-06-26 23:00:17",NULL,NULL,False,"integration , integration"
3353,297,3967,"technical","medium","in_progress","Duplicate notifications being sent","2025-09-30 22:15:51","2025-10-02 11:15:51",NULL,NULL,False,"gdpr"
3354,1067,NULL,"security","low","open","API rate limiting issues","2023-05-13 02:16:55",NULL,NULL,NULL,False,"sso, sso"
3355,286,3866,"data_export","medium","waiting_on_customer","Data import from CSV failing","2025-07-21 17:33:25","2025-07-24 01:33:25",NULL,NULL,False,"billing,integration,enterprise,feature"
3356,617,7848,"api","low","waiting_on_customer","Account merge request","2025-10-03 02:27:31","2025-10-03 10:27:31",NULL,NULL,False,"billing"
3357,269,3733,"security","medium","open","Audit log access denied","2025-08-17 12:01:41",NULL,NULL,NULL,False,NULL
3358,1055,NULL,"onboarding","high","in_progress","Feature request: dark mode","2025-09-03 12:21:31","2025-09-03 17:21:31",NULL,NULL,True,"export , bug , mobile"
3359,828,NULL,"account","low","waiting_on_customer","Data import from CSV failing","2025-10-14 23:54:10","2025-10-17 16:54:10",NULL,NULL,False,"export,security"
3360,995,NULL,"integration","medium","waiting_on_customer","Cannot login to dashboard","2025-01-21 02:55:52","2025-01-22 05:55:52",NULL,NULL,False,"integration;gdpr;onboarding;api"
3361,141,2093,"security","medium","closed","Mobile app crashes on Android","2025-09-25 16:01:14","2025-09-28 02:01:14","2025-09-29 07:01:14",NULL,False,NULL
3362,172,2514,"api","high","closed","Billing discrepancy on latest invoice","2025-09-11 11:25:45","2025-09-11 18:25:45","2025-09-13 05:25:45",5,True,"ux, mobile, gdpr, performance"
3363,451,5816,"account","medium","open","Need to add more team members","2024-09-01 02:39:48",NULL,NULL,NULL,False,"urgent,documentation,mobile"
3364,1001,NULL,"technical","medium","open","Permission settings not saving","2025-08-21 23:23:58",NULL,NULL,NULL,False,"gdpr;performance;export;sso"
3365,830,NULL,"account","medium","open","Audit log access denied","2024-09-02 14:13:57",NULL,NULL,NULL,False,"gdpr;performance;mobile;export"
3366,555,7117,"technical","critical","open","Need help with API authentication","2024-08-20 14:41:15",NULL,NULL,NULL,False,NULL
3367,385,4878,"data_export","medium","closed","Gantt chart not rendering correctly","2025-04-06 05:29:44","2025-04-06 18:29:44","2025-04-08 23:29:44",NULL,False,"mobile , gdpr , security , enterprise"
3368,75,1150,"billing","medium","closed","Cannot login to dashboard","2025-05-12 09:20:27","2025-05-12 21:20:27","2025-05-13 19:20:27",5,False,NULL
3369,963,NULL,"security","critical","waiting_on_customer","GDPR data export request","2025-08-26 04:04:47","2025-08-26 04:56:47",NULL,NULL,False,NULL
3370,182,2644,"technical","high","resolved","Time tracking sync issues","2025-08-19 10:56:01","2025-08-19 11:56:01","2025-08-19 18:56:01",3,True,"billing;urgent;migration;bug"
3371,447,5703,"account","medium","in_progress","GDPR data export request","2024-06-17 16:31:40","2024-06-19 12:31:40",NULL,NULL,False,"onboarding , bug , onboarding"
3372,760,NULL,"billing","low","closed","Audit log access denied","2024-05-29 23:48:47","2024-05-30 08:48:47","2024-06-04 10:48:47",5,False,"mobile , sso , ux"
3373,347,4448,"integration","low","in_progress","Cannot downgrade plan","2024-05-30 09:27:05","2024-05-31 16:27:05",NULL,NULL,False,"urgent;billing"
3374,1060,NULL,"onboarding","medium","open","Audit log access denied","2025-04-11 00:25:15",NULL,NULL,NULL,False,"migration,technical"
3375,338,4316,"api","medium","open","Custom workflow automation broken","2025-05-20 18:03:24",NULL,NULL,NULL,False,NULL
3376,30,605,"integration","high","closed","Report generation timeout","2025-04-15 00:54:36","2025-04-15 07:54:36","2025-04-21 17:54:36",NULL,False,"billing, training, bug"
3377,741,NULL,"performance","medium","waiting_on_customer","Export failing for large datasets","2025-04-18 06:47:57","2025-04-20 06:47:57",NULL,NULL,False,"mobile;api;bug;feature"
3378,988,NULL,"technical","high","closed","Export failing for large datasets","2025-07-11 22:21:25","2025-07-12 02:21:25","2025-07-18 05:21:25",NULL,False,NULL
3379,599,7722,"integration","medium","in_progress","Cannot downgrade plan","2025-05-07 02:51:58","2025-05-08 09:51:58",NULL,NULL,False,"bug, urgent, security"
3380,1063,NULL,"security","low","resolved","Permission settings not saving","2025-10-25 18:21:11","2025-10-27 23:21:11","2025-10-28 01:21:11",4,False,"export"
3381,614,7832,"integration","low","resolved","Audit log access denied","2025-05-19 22:33:15","2025-05-20 15:33:15","2025-05-22 19:33:15",NULL,False,"performance;technical;migration;training;performance"
3382,896,NULL,"integration","low","waiting_on_customer","Time tracking sync issues","2024-10-25 01:15:57","2024-10-26 05:15:57",NULL,NULL,False,"export"
3383,107,1561,"billing","low","closed","Webhook delivery failures","2024-04-06 12:42:54","2024-04-07 04:42:54","2024-04-12 23:42:54",5,False,NULL
3384,459,5921,"billing","medium","resolved","White label logo not displaying","2025-01-09 02:59:16","2025-01-10 22:59:16","2025-01-13 17:59:16",3,False,"documentation"
3385,370,4725,"performance","low","resolved","Gantt chart not rendering correctly","2025-04-17 06:51:31","2025-04-19 20:51:31","2025-04-21 02:51:31",4,False,NULL
3386,1023,NULL,"onboarding","low","open","Report generation timeout","2025-10-03 16:23:47",NULL,NULL,NULL,False,"documentation , bug"
3387,905,NULL,"integration","medium","in_progress","Cannot downgrade plan","2025-08-18 02:30:02","2025-08-19 01:30:02",NULL,NULL,False,"performance"
3388,1173,NULL,"performance","medium","in_progress","Billing discrepancy on latest invoice","2025-10-14 08:45:07","2025-10-15 15:45:07",NULL,NULL,False,"migration;api;bug;migration"
3389,1069,NULL,"performance","low","open","Cannot login to dashboard","2024-11-01 05:49:47",NULL,NULL,NULL,False,NULL
3390,1135,NULL,"account","medium","open","Feature request: dark mode","2025-06-26 19:57:47",NULL,NULL,NULL,False,"performance,ux"
3391,119,1697,"data_export","medium","closed","Feature request: dark mode","2024-03-14 13:42:26","2024-03-15 06:42:26","2024-03-16 21:42:26",NULL,False,"api"
3392,474,6073,"integration","high","closed","White label logo not displaying","2025-03-14 01:41:17","2025-03-14 13:41:17","2025-03-18 10:41:17",NULL,True,"technical,bug,feature,training"
3393,1094,NULL,"api","critical","open","Webhook delivery failures","2025-04-06 15:52:45",NULL,NULL,NULL,False,"api"
3394,124,1815,"integration","medium","resolved","Duplicate notifications being sent","2025-10-06 10:07:05","2025-10-07 17:07:05","2025-10-08 02:07:05",5,False,"migration"
3395,590,7603,"billing","low","waiting_on_customer","Duplicate notifications being sent","2025-04-15 03:25:13","2025-04-15 18:25:13",NULL,NULL,False,"mobile;bug;documentation"
3396,780,NULL,"data_export","medium","in_progress","Cannot login to dashboard","2025-08-02 06:28:49","2025-08-03 01:28:49",NULL,NULL,False,"security , billing"
3397,664,NULL,"integration","medium","waiting_on_customer","Time tracking sync issues","2024-03-18 13:06:18","2024-03-18 22:06:18",NULL,NULL,False,"urgent, billing"
3398,1105,NULL,"feature_request","low","resolved","Permission settings not saving","2025-09-21 01:35:57","2025-09-23 07:35:57","2025-09-29 20:35:57",2,False,"documentation"
3399,218,3135,"integration","medium","resolved","Permission settings not saving","2023-09-19 06:20:20","2023-09-21 12:20:20","2023-09-26 15:20:20",NULL,False,"gdpr"
3400,188,2701,"integration","medium","resolved","Permission settings not saving","2024-05-30 05:51:51","2024-05-31 13:51:51","2024-06-06 01:51:51",4,False,"sso , migration , feature"
3401,169,2467,"integration","high","waiting_on_customer","API rate limiting issues","2025-08-21 16:53:44","2025-08-22 04:53:44",NULL,NULL,True,"performance,performance"
3402,331,4231,"security","high","resolved","Need to add more team members","2025-08-12 06:16:08","2025-08-12 10:16:08","2025-08-13 13:16:08",NULL,True,"mobile;mobile"
3403,63,1042,"onboarding","medium","open","Time tracking sync issues","2025-09-15 03:22:02",NULL,NULL,NULL,False,"onboarding , billing , sso"
3404,1094,NULL,"onboarding","medium","in_progress","Feature request: dark mode","2024-09-21 19:19:26","2024-09-24 14:19:26",NULL,NULL,False,"technical, api"
3405,1053,NULL,"onboarding","medium","waiting_on_customer","Export failing for large datasets","2024-08-29 22:00:43","2024-08-31 08:00:43",NULL,NULL,False,"bug,enterprise,billing,integration"
3406,1174,NULL,"integration","low","resolved","Duplicate notifications being sent","2025-02-03 07:11:24","2025-02-04 01:11:24","2025-02-09 04:11:24",NULL,False,"performance"
3407,126,1841,"api","low","closed","Slow loading on project boards","2025-09-25 15:45:28","2025-09-27 03:45:28","2025-10-03 21:45:28",4,False,"technical, gdpr, api"
3408,637,8186,"performance","medium","open","Report generation timeout","2025-10-06 15:22:02",NULL,NULL,NULL,False,"feature , export , training"
3409,430,5469,"account","high","waiting_on_customer","Billing discrepancy on latest invoice","2025-03-08 17:56:36","2025-03-08 18:56:36",NULL,NULL,False,"bug;mobile;onboarding"
3410,186,2686,"data_export","medium","waiting_on_customer","SSO configuration help needed","2025-01-11 09:14:34","2025-01-13 21:14:34",NULL,NULL,False,"feature,bug,performance,technical,feature"
3411,35,660,"api","high","in_progress","Webhook delivery failures","2024-08-30 00:36:22","2024-08-30 10:36:22",NULL,NULL,False,NULL
3412,682,NULL,"data_export","medium","closed","Cannot login to dashboard","2025-05-21 11:52:36","2025-05-22 22:52:36","2025-05-29 22:52:36",3,False,"feature"
3413,834,NULL,"technical","high","resolved","Custom workflow automation broken","2025-10-16 14:33:36","2025-10-17 01:33:36","2025-10-17 15:33:36",4,False,"ux"
3414,184,2678,"feature_request","low","open","Mobile app crashes on Android","2025-07-17 16:55:16",NULL,NULL,NULL,False,"performance;sso;enterprise;security"
3415,586,7573,"account","medium","closed","Need to add more team members","2025-08-24 17:35:10","2025-08-25 05:35:10","2025-08-26 00:35:10",5,False,"performance"
3416,467,6036,"technical","medium","resolved","SSO configuration help needed","2025-08-06 17:45:48","2025-08-07 22:45:48","2025-08-11 18:45:48",3,False,"api;bug;urgent;sso"
3417,245,3445,"integration","low","open","Audit log access denied","2025-02-14 09:46:49",NULL,NULL,NULL,False,"export, training"
3418,608,7798,"performance","medium","waiting_on_customer","Feature request: dark mode","2024-04-09 21:39:41","2024-04-11 15:39:41",NULL,NULL,False,"feature, gdpr, bug, feature"
3419,788,NULL,"api","medium","resolved","Custom workflow automation broken","2024-03-05 12:59:47","2024-03-07 01:59:47","2024-03-09 21:59:47",4,False,"technical;documentation;gdpr"
3420,516,6576,"account","medium","closed","Export failing for large datasets","2025-03-27 20:15:47","2025-03-29 06:15:47","2025-04-01 07:15:47",NULL,False,"migration , bug"
3421,719,NULL,"feature_request","high","open","Need to add more team members","2024-08-29 07:06:16",NULL,NULL,NULL,False,"ux;api;enterprise"
3422,1065,NULL,"feature_request","low","open","Custom workflow automation broken","2024-12-17 23:23:58",NULL,NULL,NULL,False,"billing"
3423,1084,NULL,"performance","low","closed","Slow loading on project boards","2024-12-24 03:39:20","2024-12-26 17:39:20","2024-12-29 13:39:20",4,False,"training,integration,security"
3424,649,8410,"integration","medium","resolved","Mobile app crashes on Android","2025-08-29 10:06:14","2025-08-30 15:06:14","2025-09-03 04:06:14",4,False,NULL
3425,734,NULL,"onboarding","high","open","Need help with API authentication","2023-11-09 01:26:12",NULL,NULL,NULL,True,NULL
3426,545,6931,"account","medium","resolved","Need help with API authentication","2024-03-26 10:01:27","2024-03-27 09:01:27","2024-04-02 22:01:27",5,False,"bug,mobile,migration"
3427,677,NULL,"onboarding","high","resolved","Feature request: dark mode","2024-04-07 08:57:47","2024-04-07 09:57:47","2024-04-09 17:57:47",4,False,"export,training,enterprise"
3428,1033,NULL,"integration","high","open","SSO configuration help needed","2024-04-15 15:41:41",NULL,NULL,NULL,False,"performance;feature;technical;migration"
3429,477,6096,"onboarding","critical","waiting_on_customer","Webhook delivery failures","2024-09-21 21:09:34","2024-09-21 21:22:34",NULL,NULL,True,NULL
3430,545,6923,"integration","medium","in_progress","Billing discrepancy on latest invoice","2025-07-11 03:30:18","2025-07-11 21:30:18",NULL,NULL,False,"export , export"
3431,119,1697,"onboarding","low","resolved","SSO configuration help needed","2025-06-11 13:56:50","2025-06-14 11:56:50","2025-06-17 03:56:50",5,False,"sso, api, enterprise, onboarding"
3432,117,1685,"billing","critical","resolved","Custom workflow automation broken","2025-05-07 09:42:16","2025-05-07 10:02:16","2025-05-10 03:02:16",NULL,True,"billing , billing"
3433,496,6267,"account","high","in_progress","Billing discrepancy on latest invoice","2024-03-27 20:17:42","2024-03-28 07:17:42",NULL,NULL,True,"enterprise,feature,technical,enterprise"
3434,444,5670,"data_export","medium","open","White label logo not displaying","2024-11-20 02:24:35",NULL,NULL,NULL,False,"technical;training"
3435,163,2357,"data_export","medium","in_progress","Export failing for large datasets","2025-08-13 15:02:09","2025-08-16 03:02:09",NULL,NULL,False,"training, mobile, bug, ux"
3436,457,5876,"integration","high","resolved","Custom workflow automation broken","2025-09-24 04:53:50","2025-09-24 08:53:50","2025-09-30 04:53:50",5,False,"enterprise , bug , feature , mobile"
3437,173,2541,"technical","low","waiting_on_customer","Data import from CSV failing","2025-03-22 16:35:49","2025-03-24 03:35:49",NULL,NULL,False,"bug,sso"
3438,926,NULL,"security","medium","in_progress","Mobile app crashes on Android","2025-08-24 23:23:47","2025-08-27 11:23:47",NULL,NULL,False,"ux"
3439,15,240,"data_export","low","resolved","White label logo not displaying","2024-09-15 11:25:23","2024-09-18 11:25:23","2024-09-24 22:25:23",3,False,NULL
3440,580,7518,"billing","medium","closed","Webhook delivery failures","2023-11-30 00:49:21","2023-12-02 23:49:21","2023-12-03 16:49:21",3,False,NULL
3441,1106,NULL,"feature_request","medium","waiting_on_customer","SSO configuration help needed","2024-01-17 02:35:57","2024-01-19 17:35:57",NULL,NULL,False,"bug;export;training"
3442,930,NULL,"data_export","critical","closed","SSO configuration help needed","2025-03-31 06:04:32","2025-03-31 06:36:32","2025-03-31 18:36:32",NULL,False,"sso"
3443,23,467,"onboarding","low","in_progress","Cannot downgrade plan","2025-07-26 19:21:28","2025-07-26 21:21:28",NULL,NULL,False,"mobile, mobile"
3444,1099,NULL,"performance","high","open","Data import from CSV failing","2024-01-31 17:19:12",NULL,NULL,NULL,False,"bug , security , ux"
3445,1167,NULL,"onboarding","medium","waiting_on_customer","Billing discrepancy on latest invoice","2025-06-01 03:13:03","2025-06-03 06:13:03",NULL,NULL,False,"export"
3446,1173,NULL,"api","medium","closed","Cannot downgrade plan","2025-10-11 15:06:41","2025-10-14 10:06:41","2025-10-16 04:06:41",NULL,False,"documentation,feature"
3447,510,6494,"billing","medium","closed","Permission settings not saving","2025-07-27 09:53:17","2025-07-30 04:53:17","2025-07-31 13:53:17",3,False,"training, bug, billing, ux"
3448,1125,NULL,"integration","high","closed","Data import from CSV failing","2025-06-13 14:04:39","2025-06-14 01:04:39","2025-06-17 19:04:39",4,False,NULL
3449,838,NULL,"data_export","low","open","Account merge request","2025-03-25 07:57:00",NULL,NULL,NULL,False,"training, export"
3450,379,4818,"security","critical","resolved","Time tracking sync issues","2024-08-22 08:38:42","2024-08-22 08:50:42","2024-08-25 06:50:42",NULL,False,"security;integration"
3451,354,4517,"feature_request","low","closed","Custom workflow automation broken","2025-05-05 03:25:04","2025-05-06 05:25:04","2025-05-13 02:25:04",4,False,"export , bug"
3452,17,358,"api","low","waiting_on_customer","Billing discrepancy on latest invoice","2025-02-23 18:27:33","2025-02-24 03:27:33",NULL,NULL,False,"integration"
3453,919,NULL,"billing","low","waiting_on_customer","Report generation timeout","2024-11-24 23:28:42","2024-11-26 22:28:42",NULL,NULL,False,NULL
3454,600,7723,"account","low","open","Webhook delivery failures","2025-08-17 19:16:14",NULL,NULL,NULL,False,NULL
3455,479,6114,"security","high","closed","Billing discrepancy on latest invoice","2025-03-24 09:18:44","2025-03-24 12:18:44","2025-03-29 09:18:44",5,False,NULL
3456,704,NULL,"technical","low","waiting_on_customer","Cannot downgrade plan","2025-07-10 04:21:05","2025-07-12 20:21:05",NULL,NULL,False,"integration , training , mobile , migration"
3457,578,7492,"security","low","resolved","Permission settings not saving","2025-08-07 17:48:48","2025-08-08 02:48:48","2025-08-08 03:48:48",3,False,"training, bug, ux, training"
3458,1016,NULL,"account","low","open","Gantt chart not rendering correctly","2025-05-24 10:35:15",NULL,NULL,NULL,False,"migration,export,onboarding,mobile"
3459,1040,NULL,"account","high","closed","Need help with API authentication","2024-11-19 01:04:21","2024-11-19 05:04:21","2024-11-21 21:04:21",NULL,False,"export;onboarding"
3460,497,6272,"integration","low","open","Report generation timeout","2024-11-05 01:09:15",NULL,NULL,NULL,False,"migration , feature"
3461,234,3310,"account","medium","resolved","Mobile app crashes on Android","2025-03-07 07:30:19","2025-03-09 16:30:19","2025-03-14 13:30:19",1,False,"integration;training;documentation"
3462,411,5199,"performance","low","waiting_on_customer","Gantt chart not rendering correctly","2025-01-08 13:03:12","2025-01-08 22:03:12",NULL,NULL,False,"documentation,technical,gdpr,enterprise"
3463,102,1484,"integration","medium","in_progress","Export failing for large datasets","2023-05-22 14:48:32","2023-05-23 05:48:32",NULL,NULL,False,"onboarding"
3464,940,NULL,"security","medium","waiting_on_customer","Report generation timeout","2023-08-14 23:10:57","2023-08-17 07:10:57",NULL,NULL,False,"security, performance, export"
3465,528,6704,"data_export","high","waiting_on_customer","Need to add more team members","2025-07-31 23:08:00","2025-08-01 01:08:00",NULL,NULL,False,"security,sso,training"
3466,440,5608,"billing","critical","closed","Mobile app crashes on Android","2024-04-29 13:13:44","2024-04-29 13:45:44","2024-04-30 23:45:44",NULL,True,NULL
3467,1193,NULL,"performance","high","open","Custom workflow automation broken","2025-06-18 12:50:28",NULL,NULL,NULL,False,"migration, billing, api, technical"
3468,1059,NULL,"feature_request","medium","in_progress","White label logo not displaying","2025-08-13 02:31:23","2025-08-15 07:31:23",NULL,NULL,False,NULL
3469,903,NULL,"onboarding","low","resolved","Integration with Slack not working","2024-06-11 19:11:11","2024-06-13 07:11:11","2024-06-15 07:11:11",5,False,"technical;documentation;integration"
3470,116,1660,"onboarding","medium","closed","Need to add more team members","2025-09-09 02:37:32","2025-09-11 05:37:32","2025-09-11 17:37:32",4,False,"security,sso,onboarding,security"
3471,352,4495,"integration","low","closed","Webhook delivery failures","2025-10-09 21:39:42","2025-10-10 21:39:42","2025-10-16 12:39:42",5,False,"mobile"
3472,27,564,"integration","medium","waiting_on_customer","Audit log access denied","2025-02-15 09:05:13","2025-02-16 08:05:13",NULL,NULL,False,"mobile;enterprise;training"
3473,620,7878,"billing","medium","closed","Account merge request","2025-05-31 04:00:15","2025-06-02 12:00:15","2025-06-03 08:00:15",4,False,"ux"
3474,1135,NULL,"security","high","closed","Permission settings not saving","2024-05-02 11:54:49","2024-05-02 19:54:49","2024-05-08 03:54:49",5,True,"documentation;urgent"
3475,992,NULL,"performance","high","in_progress","Permission settings not saving","2025-08-29 06:36:44","2025-08-29 18:36:44",NULL,NULL,False,"sso,onboarding,api,training"
3476,23,468,"technical","low","resolved","Custom workflow automation broken","2025-09-30 14:49:17","2025-10-02 08:49:17","2025-10-07 07:49:17",5,False,NULL
3477,151,2162,"security","high","waiting_on_customer","GDPR data export request","2024-11-21 21:56:02","2024-11-22 07:56:02",NULL,NULL,True,"performance, gdpr, bug, enterprise"
3478,267,3715,"security","medium","resolved","Export failing for large datasets","2024-10-25 17:52:22","2024-10-27 18:52:22","2024-11-03 11:52:22",5,False,"documentation;security;sso;performance"
3479,620,7878,"data_export","medium","resolved","Billing discrepancy on latest invoice","2025-10-21 12:17:29","2025-10-22 09:17:29","2025-10-24 23:17:29",4,False,"export, onboarding, mobile"
3480,988,NULL,"integration","medium","in_progress","Feature request: dark mode","2025-08-09 13:32:27","2025-08-10 21:32:27",NULL,NULL,False,"documentation,mobile"
3481,1195,NULL,"api","high","resolved","Duplicate notifications being sent","2025-06-03 14:17:30","2025-06-03 23:17:30","2025-06-10 03:17:30",3,False,"feature , enterprise"
3482,137,2011,"security","low","waiting_on_customer","Cannot downgrade plan","2024-01-02 09:25:54","2024-01-02 14:25:54",NULL,NULL,False,"performance"
3483,67,1064,"integration","medium","waiting_on_customer","Export failing for large datasets","2025-07-16 07:30:17","2025-07-17 15:30:17",NULL,NULL,False,"export , enterprise , ux , security"
3484,639,8231,"billing","medium","resolved","Account merge request","2025-09-01 22:43:14","2025-09-04 05:43:14","2025-09-10 03:43:14",NULL,False,"security,export"
3485,334,4258,"performance","low","closed","Billing discrepancy on latest invoice","2025-06-06 12:05:33","2025-06-08 06:05:33","2025-06-13 03:05:33",5,False,"gdpr,documentation,technical"
3486,502,6391,"security","medium","closed","GDPR data export request","2025-03-05 12:21:39","2025-03-07 00:21:39","2025-03-08 01:21:39",2,False,"export,integration,sso,export"
3487,1062,NULL,"integration","medium","closed","Data import from CSV failing","2025-09-20 13:30:26","2025-09-21 23:30:26","2025-09-25 12:30:26",5,False,"integration , enterprise , documentation , bug , integration"
3488,961,NULL,"integration","critical","closed","Cannot login to dashboard","2025-05-04 11:36:42","2025-05-04 13:17:42","2025-05-05 11:17:42",NULL,True,"migration;security"
3489,1150,NULL,"technical","low","closed","Audit log access denied","2025-06-28 07:37:18","2025-06-28 15:37:18","2025-07-02 21:37:18",3,False,NULL
3490,137,2009,"api","medium","in_progress","SSO configuration help needed","2025-10-28 20:09:17","2025-10-28 22:09:17",NULL,NULL,False,"training"
3491,920,NULL,"account","low","in_progress","Integration with Slack not working","2025-06-18 16:29:06","2025-06-20 10:29:06",NULL,NULL,False,"api, gdpr"
3492,655,8437,"integration","low","in_progress","Data import from CSV failing","2024-07-04 03:41:44","2024-07-05 09:41:44",NULL,NULL,False,"documentation"
3493,677,NULL,"performance","critical","open","Duplicate notifications being sent","2025-02-19 06:58:27",NULL,NULL,NULL,False,"enterprise,urgent"
3494,704,NULL,"feature_request","low","waiting_on_customer","Custom workflow automation broken","2025-04-05 02:07:35","2025-04-06 13:07:35",NULL,NULL,False,"billing , performance , technical , feature , billing"
3495,1101,NULL,"integration","medium","open","Permission settings not saving","2025-04-01 05:46:20",NULL,NULL,NULL,False,"sso , enterprise , urgent"
3496,85,1305,"api","medium","resolved","Export failing for large datasets","2024-06-03 08:15:09","2024-06-05 00:15:09","2024-06-07 10:15:09",NULL,False,"export , training , feature"
3497,370,4722,"onboarding","medium","waiting_on_customer","Account merge request","2024-11-16 12:47:44","2024-11-17 21:47:44",NULL,NULL,False,NULL
3498,329,4208,"data_export","low","waiting_on_customer","Webhook delivery failures","2025-10-30 07:06:43","2025-10-31 14:06:43",NULL,NULL,False,"migration;enterprise;billing;technical"
3499,753,NULL,"security","low","resolved","Time tracking sync issues","2025-06-30 03:49:34","2025-07-02 21:49:34","2025-07-08 05:49:34",3,False,"mobile , gdpr , ux"
3500,618,7856,"onboarding","high","resolved","Duplicate notifications being sent","2025-05-11 12:10:24","2025-05-11 15:10:24","2025-05-13 15:10:24",NULL,True,"integration, billing, sso, training"
3501,110,1568,"billing","low","waiting_on_customer","Integration with Slack not working","2024-04-19 14:51:58","2024-04-22 01:51:58",NULL,NULL,False,"onboarding,gdpr"
3502,635,8143,"security","critical","open","Export failing for large datasets","2025-10-18 14:13:17",NULL,NULL,NULL,False,NULL
3503,1164,NULL,"data_export","low","resolved","Webhook delivery failures","2024-07-29 04:34:03","2024-07-29 22:34:03","2024-07-31 06:34:03",4,False,"documentation"
3504,188,2700,"api","low","resolved","Need help with API authentication","2024-07-14 10:06:05","2024-07-17 07:06:05","2024-07-18 20:06:05",4,False,"security , api , bug , performance"
3505,233,3306,"security","low","waiting_on_customer","Export failing for large datasets","2024-11-18 01:00:15","2024-11-19 17:00:15",NULL,NULL,False,NULL
3506,1020,NULL,"account","critical","open","Permission settings not saving","2025-09-27 04:24:29",NULL,NULL,NULL,True,"mobile , gdpr , ux , migration"
3507,395,5031,"data_export","critical","waiting_on_customer","GDPR data export request","2024-07-27 04:49:37","2024-07-27 05:46:37",NULL,NULL,False,NULL
3508,716,NULL,"feature_request","critical","open","Duplicate notifications being sent","2024-12-20 17:48:23",NULL,NULL,NULL,False,"onboarding;technical;sso"
3509,1029,NULL,"data_export","medium","waiting_on_customer","Audit log access denied","2025-10-02 06:44:36","2025-10-04 09:44:36",NULL,NULL,False,"onboarding,integration,ux"
3510,387,4900,"performance","medium","open","Gantt chart not rendering correctly","2025-09-15 18:44:31",NULL,NULL,NULL,False,"urgent , performance , enterprise , documentation"
3511,738,NULL,"security","low","closed","Slow loading on project boards","2024-10-17 09:55:01","2024-10-19 08:55:01","2024-10-24 10:55:01",5,False,"urgent,technical"
3512,573,7377,"performance","high","open","Slow loading on project boards","2025-01-08 02:03:48",NULL,NULL,NULL,False,"security;integration"
3513,606,7783,"billing","low","open","Integration with Slack not working","2025-08-28 23:37:54",NULL,NULL,NULL,False,NULL
3514,485,6157,"data_export","high","open","Export failing for large datasets","2025-05-14 05:31:08",NULL,NULL,NULL,True,"urgent , feature"
3515,1082,NULL,"security","medium","waiting_on_customer","Time tracking sync issues","2025-04-19 22:55:26","2025-04-21 00:55:26",NULL,NULL,False,"sso"
3516,515,6568,"billing","medium","waiting_on_customer","Need to add more team members","2025-06-11 14:30:24","2025-06-14 01:30:24",NULL,NULL,False,"ux , migration , bug , performance"
3517,425,5395,"onboarding","low","open","Duplicate notifications being sent","2025-10-06 06:20:41",NULL,NULL,NULL,False,"security;mobile;urgent"
3518,294,3950,"technical","medium","waiting_on_customer","Integration with Slack not working","2024-10-17 08:51:43","2024-10-18 09:51:43",NULL,NULL,False,NULL
3519,434,5559,"technical","medium","closed","Duplicate notifications being sent","2024-07-13 05:56:00","2024-07-14 07:56:00","2024-07-14 11:56:00",4,False,"bug, export"
3520,778,NULL,"performance","critical","closed","Time tracking sync issues","2023-04-24 02:59:49","2023-04-24 04:20:49","2023-04-28 23:20:49",NULL,False,"billing"
3521,919,NULL,"integration","medium","open","API rate limiting issues","2023-12-06 09:44:08",NULL,NULL,NULL,False,"enterprise;documentation;bug"
3522,137,2003,"performance","low","in_progress","Gantt chart not rendering correctly","2024-07-26 17:58:48","2024-07-29 13:58:48",NULL,NULL,False,"documentation, api, training"
3523,910,NULL,"performance","medium","open","Duplicate notifications being sent","2024-12-23 09:00:20",NULL,NULL,NULL,False,"performance, urgent"
3524,763,NULL,"integration","medium","in_progress","Gantt chart not rendering correctly","2024-07-30 08:02:20","2024-07-31 09:02:20",NULL,NULL,False,"api , migration , feature , performance , api"
3525,453,5823,"data_export","low","open","Data import from CSV failing","2025-10-23 23:53:43",NULL,NULL,NULL,False,"enterprise , api , mobile"
3526,536,6803,"security","low","open","Cannot downgrade plan","2025-04-28 06:11:57",NULL,NULL,NULL,False,"billing, enterprise, migration"
3527,142,2101,"technical","low","closed","Cannot login to dashboard","2024-02-17 18:35:10","2024-02-18 18:35:10","2024-02-21 03:35:10",3,False,"performance,security,sso,export"
3528,747,NULL,"data_export","medium","closed","Webhook delivery failures","2025-03-20 20:04:10","2025-03-21 08:04:10","2025-03-22 09:04:10",NULL,False,"training,mobile"
3529,328,4202,"onboarding","low","resolved","Custom workflow automation broken","2025-03-08 03:28:01","2025-03-08 10:28:01","2025-03-13 05:28:01",4,False,"billing,sso,integration"
3530,502,6392,"integration","critical","in_progress","Gantt chart not rendering correctly","2025-10-04 01:58:53","2025-10-04 02:18:53",NULL,NULL,False,"urgent"
3531,854,NULL,"security","high","waiting_on_customer","Custom workflow automation broken","2023-09-20 14:04:08","2023-09-20 15:04:08",NULL,NULL,True,"documentation;billing;api"
3532,60,979,"data_export","medium","waiting_on_customer","White label logo not displaying","2024-03-07 15:18:22","2024-03-08 08:18:22",NULL,NULL,False,"documentation, urgent, security, export"
3533,129,1959,"security","medium","in_progress","Need help with API authentication","2023-11-29 04:20:33","2023-12-01 16:20:33",NULL,NULL,False,"gdpr , mobile , technical"
3534,455,5837,"onboarding","low","closed","Cannot downgrade plan","2024-02-24 14:28:40","2024-02-25 06:28:40","2024-02-26 02:28:40",NULL,False,NULL
3535,571,7336,"security","low","in_progress","Duplicate notifications being sent","2023-10-25 07:04:33","2023-10-25 17:04:33",NULL,NULL,False,"training,integration,technical"
3536,403,5136,"performance","high","closed","GDPR data export request","2025-07-05 19:21:56","2025-07-06 03:21:56","2025-07-07 21:21:56",NULL,False,"security;bug;documentation"
3537,218,3129,"performance","low","open","API rate limiting issues","2023-12-03 19:25:59",NULL,NULL,NULL,False,NULL
3538,525,6696,"performance","medium","resolved","Duplicate notifications being sent","2024-09-17 05:45:16","2024-09-19 16:45:16","2024-09-21 03:45:16",5,False,"performance;export;security"
3539,957,NULL,"performance","high","resolved","Data import from CSV failing","2025-08-26 21:46:04","2025-08-27 00:46:04","2025-08-31 17:46:04",NULL,False,NULL
3540,398,5089,"technical","low","waiting_on_customer","GDPR data export request","2025-04-01 16:47:28","2025-04-01 22:47:28",NULL,NULL,False,"performance , api , urgent"
3541,785,NULL,"feature_request","low","closed","Billing discrepancy on latest invoice","2024-08-28 02:10:51","2024-08-30 21:10:51","2024-09-04 19:10:51",NULL,False,"mobile, export, api, migration, mobile"
3542,681,NULL,"technical","critical","waiting_on_customer","GDPR data export request","2025-08-16 19:33:19","2025-08-16 20:55:19",NULL,NULL,False,"documentation,mobile,gdpr,bug,documentation"
3543,221,3158,"account","low","in_progress","Report generation timeout","2025-02-09 06:15:28","2025-02-09 11:15:28",NULL,NULL,False,"ux, feature, enterprise"
3544,330,4222,"data_export","low","open","Cannot login to dashboard","2024-12-02 12:31:31",NULL,NULL,NULL,False,"ux;integration;onboarding"
3545,1025,NULL,"integration","critical","resolved","Export failing for large datasets","2024-03-11 19:13:19","2024-03-11 19:54:19","2024-03-13 07:54:19",NULL,False,"feature, export"
3546,942,NULL,"security","high","open","Report generation timeout","2025-09-05 04:18:32",NULL,NULL,NULL,True,"bug"
3547,394,5019,"api","high","resolved","White label logo not displaying","2024-10-04 05:20:32","2024-10-04 10:20:32","2024-10-08 04:20:32",4,False,"ux , security , performance , training"
3548,403,5137,"account","critical","in_progress","Mobile app crashes on Android","2025-08-01 10:52:33","2025-08-01 11:28:33",NULL,NULL,True,"export , urgent , feature"
3549,333,4256,"integration","high","open","Data import from CSV failing","2024-08-11 20:18:41",NULL,NULL,NULL,False,"urgent,bug,integration,feature"
3550,772,NULL,"performance","critical","in_progress","Webhook delivery failures","2025-01-07 02:43:42","2025-01-07 03:49:42",NULL,NULL,False,NULL
3551,621,7879,"account","low","resolved","Billing discrepancy on latest invoice","2025-09-20 09:28:41","2025-09-20 16:28:41","2025-09-24 13:28:41",4,False,"gdpr"
3552,1070,NULL,"technical","high","closed","Feature request: dark mode","2024-09-05 08:52:10","2024-09-05 18:52:10","2024-09-07 11:52:10",NULL,True,"technical , security , gdpr , feature"
3553,57,931,"feature_request","high","in_progress","Permission settings not saving","2025-05-20 08:25:03","2025-05-20 19:25:03",NULL,NULL,False,"gdpr , performance , feature"
3554,1012,NULL,"data_export","medium","closed","Cannot login to dashboard","2025-06-04 01:52:15","2025-06-04 22:52:15","2025-06-10 21:52:15",4,False,"integration;documentation;enterprise;mobile"
3555,900,NULL,"account","critical","open","Custom workflow automation broken","2024-12-07 02:55:24",NULL,NULL,NULL,False,"onboarding, sso, gdpr"
3556,478,6108,"api","high","waiting_on_customer","Billing discrepancy on latest invoice","2023-09-10 00:46:54","2023-09-10 08:46:54",NULL,NULL,False,NULL
3557,607,7792,"performance","low","closed","Billing discrepancy on latest invoice","2025-04-23 19:38:32","2025-04-26 12:38:32","2025-04-27 20:38:32",NULL,False,"billing;integration"
3558,1089,NULL,"data_export","medium","waiting_on_customer","Gantt chart not rendering correctly","2024-11-05 21:23:44","2024-11-07 11:23:44",NULL,NULL,False,"performance"
3559,1044,NULL,"onboarding","low","waiting_on_customer","Need help with API authentication","2025-01-17 15:42:24","2025-01-18 02:42:24",NULL,NULL,False,NULL
3560,714,NULL,"onboarding","medium","waiting_on_customer","Feature request: dark mode","2025-10-30 12:30:24","2025-11-02 10:30:24",NULL,NULL,False,"training , billing , documentation , migration"
3561,750,NULL,"performance","medium","open","Data import from CSV failing","2025-06-13 11:00:50",NULL,NULL,NULL,False,"migration , api , mobile"
3562,708,NULL,"security","high","waiting_on_customer","Export failing for large datasets","2025-03-27 15:56:16","2025-03-27 18:56:16",NULL,NULL,True,"sso , integration , urgent"
3563,661,8487,"onboarding","medium","closed","White label logo not displaying","2025-02-05 12:15:45","2025-02-07 13:15:45","2025-02-08 21:15:45",NULL,False,NULL
3564,913,NULL,"feature_request","medium","in_progress","Webhook delivery failures","2025-01-03 02:35:23","2025-01-05 00:35:23",NULL,NULL,False,NULL
3565,379,4818,"account","medium","resolved","Integration with Slack not working","2024-10-24 02:55:15","2024-10-25 09:55:15","2024-10-27 15:55:15",4,False,"bug , urgent"
3566,828,NULL,"technical","high","waiting_on_customer","SSO configuration help needed","2025-06-13 07:11:45","2025-06-13 08:11:45",NULL,NULL,False,"billing"
3567,933,NULL,"security","high","waiting_on_customer","API rate limiting issues","2025-08-09 16:21:46","2025-08-09 21:21:46",NULL,NULL,False,"sso, gdpr, performance"
3568,437,5585,"security","critical","waiting_on_customer","Cannot login to dashboard","2025-06-25 02:30:02","2025-06-25 03:50:02",NULL,NULL,False,"billing , billing"
3569,505,6414,"api","low","closed","Feature request: dark mode","2025-05-31 15:51:17","2025-06-01 14:51:17","2025-06-07 15:51:17",NULL,False,"performance;feature;performance"
3570,92,1409,"onboarding","high","resolved","Cannot downgrade plan","2025-10-03 07:10:37","2025-10-03 16:10:37","2025-10-06 02:10:37",NULL,False,"enterprise;bug;sso;feature"
3571,974,NULL,"feature_request","high","open","API rate limiting issues","2025-02-01 17:12:42",NULL,NULL,NULL,False,NULL
3572,610,7811,"api","high","closed","Integration with Slack not working","2024-09-19 05:39:53","2024-09-19 17:39:53","2024-09-21 14:39:53",5,False,"export"
3573,249,3482,"security","low","resolved","Export failing for large datasets","2025-08-29 19:03:57","2025-08-31 12:03:57","2025-09-04 02:03:57",NULL,False,NULL
3574,998,NULL,"security","high","closed","API rate limiting issues","2024-09-26 11:31:24","2024-09-26 21:31:24","2024-10-01 06:31:24",3,False,"enterprise,feature,documentation,sso"
3575,722,NULL,"performance","low","in_progress","Data import from CSV failing","2024-01-10 07:03:10","2024-01-10 15:03:10",NULL,NULL,False,"performance"
3576,912,NULL,"security","high","closed","Mobile app crashes on Android","2025-06-25 13:20:26","2025-06-25 20:20:26","2025-06-29 02:20:26",3,True,"export, performance, migration, urgent"
3577,189,2709,"billing","medium","waiting_on_customer","Webhook delivery failures","2025-09-24 18:15:02","2025-09-26 01:15:02",NULL,NULL,False,"technical , urgent , export , training"
3578,267,3714,"api","low","closed","GDPR data export request","2024-10-14 03:11:22","2024-10-16 18:11:22","2024-10-23 14:11:22",5,False,"gdpr , training , onboarding"
3579,711,NULL,"account","medium","in_progress","Data import from CSV failing","2025-06-16 05:13:27","2025-06-18 02:13:27",NULL,NULL,False,"billing, urgent, integration, enterprise"
3580,632,8125,"performance","medium","resolved","Feature request: dark mode","2025-05-20 00:30:09","2025-05-22 10:30:09","2025-05-24 13:30:09",NULL,False,"migration , api , mobile , gdpr"
3581,165,2415,"technical","critical","in_progress","Cannot downgrade plan","2025-05-29 15:18:57","2025-05-29 16:20:57",NULL,NULL,False,NULL
3582,971,NULL,"onboarding","high","open","White label logo not displaying","2025-04-10 07:08:22",NULL,NULL,NULL,False,"billing, feature, urgent, onboarding"
3583,358,4601,"onboarding","medium","open","Gantt chart not rendering correctly","2025-03-01 08:15:51",NULL,NULL,NULL,False,"enterprise"
3584,615,7833,"security","medium","open","Feature request: dark mode","2025-07-01 00:08:54",NULL,NULL,NULL,False,"bug;billing"
3585,1180,NULL,"performance","high","open","White label logo not displaying","2025-08-05 06:36:21",NULL,NULL,NULL,True,"mobile;technical;documentation"
3586,570,7324,"billing","medium","closed","Cannot downgrade plan","2025-09-13 07:06:29","2025-09-15 20:06:29","2025-09-19 02:06:29",NULL,False,"feature;integration"
3587,223,3167,"technical","low","open","Export failing for large datasets","2025-10-17 04:04:09",NULL,NULL,NULL,False,"sso"
3588,29,577,"security","medium","waiting_on_customer","Cannot login to dashboard","2025-04-21 18:01:44","2025-04-22 04:01:44",NULL,NULL,False,"enterprise"
3589,770,NULL,"technical","critical","waiting_on_customer","Slow loading on project boards","2024-11-20 12:37:03","2024-11-20 13:50:03",NULL,NULL,True,"integration"
3590,455,5849,"security","medium","waiting_on_customer","Cannot downgrade plan","2024-12-04 06:21:52","2024-12-05 13:21:52",NULL,NULL,False,"export, onboarding"
3591,847,NULL,"security","critical","open","SSO configuration help needed","2023-12-03 05:40:09",NULL,NULL,NULL,True,"export,training,performance"
3592,223,3167,"integration","low","resolved","Slow loading on project boards","2024-08-16 15:19:37","2024-08-17 12:19:37","2024-08-23 17:19:37",3,False,"integration,technical,api,enterprise"
3593,482,6145,"data_export","low","open","Account merge request","2025-01-23 05:11:07",NULL,NULL,NULL,False,"technical , onboarding , ux"
3594,441,5611,"billing","medium","waiting_on_customer","GDPR data export request","2025-09-13 09:19:02","2025-09-16 08:19:02",NULL,NULL,False,"integration , integration"
3595,463,6011,"data_export","medium","open","Audit log access denied","2025-10-20 12:44:20",NULL,NULL,NULL,False,"urgent, gdpr"
3596,390,4918,"feature_request","medium","open","Gantt chart not rendering correctly","2025-07-16 03:46:47",NULL,NULL,NULL,False,"billing, enterprise, training"
3597,271,3759,"onboarding","low","resolved","Custom workflow automation broken","2025-09-13 10:21:37","2025-09-14 12:21:37","2025-09-16 22:21:37",4,False,"technical , documentation , api"
3598,460,5941,"technical","medium","waiting_on_customer","Billing discrepancy on latest invoice","2025-10-11 00:25:02","2025-10-11 04:25:02",NULL,NULL,False,"urgent, ux"
3599,245,3445,"billing","low","closed","Feature request: dark mode","2025-09-27 14:27:43","2025-09-29 09:27:43","2025-09-30 02:27:43",3,False,"documentation, feature, export, gdpr"
3600,140,2084,"onboarding","medium","open","White label logo not displaying","2025-09-09 14:52:30",NULL,NULL,NULL,False,NULL
3601,469,6046,"data_export","medium","in_progress","Webhook delivery failures","2024-08-12 10:05:52","2024-08-12 18:05:52",NULL,NULL,False,NULL
3602,404,5149,"integration","critical","open","Need help with API authentication","2025-08-29 12:05:05",NULL,NULL,NULL,False,"billing,security"
3603,476,6080,"performance","medium","open","Report generation timeout","2023-10-26 18:10:01",NULL,NULL,NULL,False,"export,security"
3604,468,6038,"account","low","closed","API rate limiting issues","2025-09-15 13:16:28","2025-09-16 03:16:28","2025-09-19 18:16:28",NULL,False,NULL
3605,116,1666,"account","high","closed","Account merge request","2025-09-23 04:53:16","2025-09-23 10:53:16","2025-09-29 17:53:16",2,False,"api , migration , security , gdpr"
3606,1195,NULL,"technical","low","resolved","SSO configuration help needed","2025-08-05 06:23:18","2025-08-08 06:23:18","2025-08-09 04:23:18",3,False,"billing;documentation;gdpr;security"
3607,251,3533,"integration","medium","closed","Audit log access denied","2024-12-19 10:13:14","2024-12-21 12:13:14","2024-12-22 02:13:14",5,False,"onboarding;onboarding"
3608,823,NULL,"api","critical","resolved","Gantt chart not rendering correctly","2025-08-17 07:58:18","2025-08-17 08:52:18","2025-08-20 18:52:18",3,True,NULL
3609,1023,NULL,"feature_request","low","closed","Integration with Slack not working","2025-09-21 10:00:40","2025-09-24 00:00:40","2025-09-26 13:00:40",4,False,"integration, documentation"
3610,95,1436,"performance","low","open","Billing discrepancy on latest invoice","2025-03-31 19:16:15",NULL,NULL,NULL,False,"export"
3611,929,NULL,"technical","medium","open","Feature request: dark mode","2025-02-24 16:58:16",NULL,NULL,NULL,False,NULL
3612,286,3863,"security","medium","resolved","Audit log access denied","2025-10-24 20:55:33","2025-10-27 14:55:33","2025-10-28 18:55:33",NULL,False,NULL
3613,201,2879,"performance","low","open","API rate limiting issues","2023-07-31 17:28:24",NULL,NULL,NULL,False,"ux,bug,integration,api"
3614,410,5195,"performance","low","open","Integration with Slack not working","2025-06-05 10:41:24",NULL,NULL,NULL,False,"billing,onboarding,feature,performance"
3615,888,NULL,"api","low","resolved","Account merge request","2024-09-23 16:13:02","2024-09-25 00:13:02","2024-09-29 14:13:02",4,False,"technical,feature,performance,security,technical"
3616,567,7245,"onboarding","medium","resolved","Duplicate notifications being sent","2025-08-03 20:33:42","2025-08-04 07:33:42","2025-08-07 11:33:42",5,False,"technical"
3617,1121,NULL,"data_export","low","waiting_on_customer","Cannot downgrade plan","2025-02-07 16:07:22","2025-02-09 16:07:22",NULL,NULL,False,"bug, mobile, technical"
3618,622,7895,"data_export","medium","open","Mobile app crashes on Android","2024-06-16 14:34:31",NULL,NULL,NULL,False,"api"
3619,1086,NULL,"technical","critical","closed","Need to add more team members","2024-05-04 12:17:08","2024-05-04 13:18:08","2024-05-05 19:18:08",4,False,"migration,integration"
3620,640,8244,"technical","critical","waiting_on_customer","Webhook delivery failures","2025-10-24 03:21:38","2025-10-24 03:47:38",NULL,NULL,False,NULL
3621,1029,NULL,"account","medium","closed","Time tracking sync issues","2025-08-24 00:03:10","2025-08-27 00:03:10","2025-08-29 23:03:10",5,False,"export,documentation,enterprise,integration"
3622,1084,NULL,"account","medium","open","Gantt chart not rendering correctly","2025-05-30 21:44:00",NULL,NULL,NULL,False,"documentation"
3623,567,7234,"account","medium","closed","Cannot login to dashboard","2025-07-10 23:42:46","2025-07-12 12:42:46","2025-07-16 10:42:46",NULL,False,NULL
3624,904,NULL,"data_export","critical","waiting_on_customer","SSO configuration help needed","2025-07-20 10:09:50","2025-07-20 10:41:50",NULL,NULL,True,"urgent,enterprise"
3625,157,2273,"account","medium","waiting_on_customer","Cannot login to dashboard","2025-09-13 04:17:05","2025-09-15 13:17:05",NULL,NULL,False,"gdpr,mobile,gdpr"
3626,436,5568,"billing","medium","waiting_on_customer","API rate limiting issues","2025-07-01 07:09:05","2025-07-02 17:09:05",NULL,NULL,False,"api, technical, training"
3627,983,NULL,"integration","medium","open","Gantt chart not rendering correctly","2024-05-10 16:56:48",NULL,NULL,NULL,False,"documentation"
3628,547,6965,"billing","low","closed","Gantt chart not rendering correctly","2025-05-22 08:53:12","2025-05-25 07:53:12","2025-05-29 00:53:12",NULL,False,"bug,documentation,technical,bug"
3629,377,4808,"onboarding","medium","open","SSO configuration help needed","2025-08-21 14:39:47",NULL,NULL,NULL,False,"training;feature;urgent"
3630,343,4351,"security","high","in_progress","Duplicate notifications being sent","2024-12-17 01:35:13","2024-12-17 02:35:13",NULL,NULL,False,"training, gdpr"
3631,971,NULL,"data_export","high","resolved","Report generation timeout","2025-06-16 15:08:26","2025-06-16 22:08:26","2025-06-17 05:08:26",5,False,NULL
3632,744,NULL,"security","high","waiting_on_customer","Gantt chart not rendering correctly","2023-05-12 05:11:58","2023-05-12 10:11:58",NULL,NULL,False,"api,onboarding,feature,ux,api"
3633,765,NULL,"security","medium","in_progress","Export failing for large datasets","2025-10-19 11:39:35","2025-10-21 01:39:35",NULL,NULL,False,"technical,onboarding,gdpr,security"
3634,677,NULL,"onboarding","medium","in_progress","Data import from CSV failing","2025-05-11 03:30:04","2025-05-13 14:30:04",NULL,NULL,False,"integration,billing,mobile,urgent"
3635,218,3131,"onboarding","low","in_progress","Cannot downgrade plan","2024-02-20 15:07:01","2024-02-22 16:07:01",NULL,NULL,False,"gdpr, export"
3636,1008,NULL,"security","high","resolved","API rate limiting issues","2024-01-02 21:37:22","2024-01-03 06:37:22","2024-01-09 12:37:22",3,True,"performance"
3637,1070,NULL,"api","medium","open","Custom workflow automation broken","2025-09-08 18:32:16",NULL,NULL,NULL,False,"technical,api,technical"
3638,820,NULL,"integration","medium","closed","Duplicate notifications being sent","2025-09-19 14:49:21","2025-09-19 19:49:21","2025-09-23 03:49:21",3,False,"integration,billing,export,migration"
3639,1193,NULL,"billing","medium","resolved","Export failing for large datasets","2025-07-28 08:30:45","2025-07-31 02:30:45","2025-08-05 08:30:45",NULL,False,"urgent , api , enterprise , documentation"
3640,1141,NULL,"api","high","in_progress","Gantt chart not rendering correctly","2024-10-27 10:42:18","2024-10-27 16:42:18",NULL,NULL,False,"feature, documentation"
3641,932,NULL,"account","medium","waiting_on_customer","Custom workflow automation broken","2024-09-23 15:51:27","2024-09-26 03:51:27",NULL,NULL,False,NULL
3642,195,2756,"data_export","high","in_progress","Webhook delivery failures","2025-09-09 06:27:10","2025-09-09 15:27:10",NULL,NULL,True,NULL
3643,1178,NULL,"performance","medium","closed","Feature request: dark mode","2025-08-04 15:38:26","2025-08-07 12:38:26","2025-08-11 16:38:26",4,False,"training, enterprise"
3644,768,NULL,"integration","medium","waiting_on_customer","Cannot login to dashboard","2025-09-26 13:21:07","2025-09-28 03:21:07",NULL,NULL,False,"migration;api;training;urgent"
3645,586,7572,"api","low","resolved","Data import from CSV failing","2025-03-25 03:10:26","2025-03-25 06:10:26","2025-03-29 04:10:26",3,False,"performance"
3646,972,NULL,"billing","high","open","Account merge request","2024-06-01 03:30:17",NULL,NULL,NULL,True,"enterprise"
3647,616,7835,"technical","medium","closed","Account merge request","2025-02-02 09:27:12","2025-02-03 20:27:12","2025-02-06 10:27:12",2,False,"sso, technical, urgent"
3648,804,NULL,"performance","medium","open","Gantt chart not rendering correctly","2024-12-18 18:34:41",NULL,NULL,NULL,False,"technical,migration,integration,bug"
3649,1192,NULL,"performance","medium","in_progress","Audit log access denied","2023-10-14 05:20:13","2023-10-16 10:20:13",NULL,NULL,False,"technical;documentation;migration;enterprise"
3650,17,379,"api","low","resolved","Gantt chart not rendering correctly","2025-04-22 07:58:27","2025-04-25 05:58:27","2025-04-26 03:58:27",4,False,"security"
3651,1028,NULL,"data_export","high","waiting_on_customer","Time tracking sync issues","2025-04-17 06:58:07","2025-04-17 11:58:07",NULL,NULL,True,"export, technical, migration, onboarding"
3652,15,235,"feature_request","medium","in_progress","Need to add more team members","2025-07-07 03:56:30","2025-07-09 16:56:30",NULL,NULL,False,NULL
3653,843,NULL,"integration","medium","closed","Mobile app crashes on Android","2024-02-05 08:03:25","2024-02-07 00:03:25","2024-02-08 20:03:25",4,False,"onboarding"
3654,266,3704,"api","medium","waiting_on_customer","Need to add more team members","2024-02-22 18:32:08","2024-02-24 09:32:08",NULL,NULL,False,"mobile,feature"
3655,1019,NULL,"integration","medium","in_progress","Audit log access denied","2025-08-29 10:11:48","2025-08-31 18:11:48",NULL,NULL,False,"migration, feature"
3656,1113,NULL,"billing","medium","waiting_on_customer","Audit log access denied","2025-10-20 06:48:24","2025-10-22 17:48:24",NULL,NULL,False,"gdpr"
3657,493,6241,"integration","low","closed","Time tracking sync issues","2025-05-05 13:34:41","2025-05-06 00:34:41","2025-05-06 19:34:41",4,False,"gdpr;feature;migration"
3658,567,7246,"feature_request","medium","in_progress","Integration with Slack not working","2025-04-28 10:36:01","2025-04-28 22:36:01",NULL,NULL,False,"integration , training"
3659,458,5884,"billing","low","waiting_on_customer","Need to add more team members","2025-07-01 08:25:33","2025-07-02 11:25:33",NULL,NULL,False,NULL
3660,708,NULL,"integration","medium","closed","Feature request: dark mode","2025-09-07 21:57:53","2025-09-09 12:57:53","2025-09-12 07:57:53",1,False,NULL
3661,818,NULL,"feature_request","medium","waiting_on_customer","Webhook delivery failures","2025-08-18 21:45:06","2025-08-20 02:45:06",NULL,NULL,False,NULL
3662,593,7625,"data_export","medium","waiting_on_customer","Data import from CSV failing","2025-06-13 04:12:29","2025-06-14 19:12:29",NULL,NULL,False,NULL
3663,1129,NULL,"data_export","low","in_progress","Integration with Slack not working","2024-12-11 09:57:25","2024-12-12 23:57:25",NULL,NULL,False,NULL
3664,851,NULL,"account","medium","open","Audit log access denied","2025-10-12 06:30:54",NULL,NULL,NULL,False,"migration , export , security , performance"
3665,1071,NULL,"performance","medium","open","Time tracking sync issues","2023-11-07 15:31:32",NULL,NULL,NULL,False,"onboarding, integration, training, performance"
3666,1083,NULL,"onboarding","critical","waiting_on_customer","Need help with API authentication","2024-09-21 02:25:06","2024-09-21 03:42:06",NULL,NULL,False,"bug;feature;gdpr;urgent"
3667,1194,NULL,"integration","medium","open","API rate limiting issues","2025-10-18 19:00:05",NULL,NULL,NULL,False,NULL
3668,1082,NULL,"security","medium","waiting_on_customer","Time tracking sync issues","2025-04-23 22:35:04","2025-04-24 15:35:04",NULL,NULL,False,"gdpr,bug,performance"
3669,335,4263,"api","medium","in_progress","Need to add more team members","2024-10-30 05:07:02","2024-10-31 05:07:02",NULL,NULL,False,"technical,training,feature,mobile"
3670,1011,NULL,"data_export","medium","in_progress","Duplicate notifications being sent","2025-06-17 12:54:00","2025-06-19 15:54:00",NULL,NULL,False,"bug , security , enterprise , migration"
3671,10,205,"integration","low","waiting_on_customer","Permission settings not saving","2025-03-23 11:54:07","2025-03-25 19:54:07",NULL,NULL,False,"technical"
3672,383,4863,"onboarding","high","open","Billing discrepancy on latest invoice","2025-04-14 21:46:55",NULL,NULL,NULL,False,"technical , ux , mobile , urgent"
3673,410,5191,"api","critical","waiting_on_customer","Duplicate notifications being sent","2025-03-15 05:10:53","2025-03-15 05:20:53",NULL,NULL,True,"documentation , training , technical"
3674,875,NULL,"feature_request","medium","in_progress","GDPR data export request","2025-09-23 16:54:44","2025-09-24 00:54:44",NULL,NULL,False,"technical, training, sso, migration"
3675,74,1135,"data_export","high","open","API rate limiting issues","2025-01-08 00:03:25",NULL,NULL,NULL,True,"api"
3676,1082,NULL,"data_export","medium","waiting_on_customer","Permission settings not saving","2025-10-22 07:27:51","2025-10-22 14:27:51",NULL,NULL,False,"feature, ux, technical, feature"
3677,734,NULL,"onboarding","medium","open","Audit log access denied","2025-10-18 17:30:08",NULL,NULL,NULL,False,"migration;billing"
3678,339,4329,"technical","high","in_progress","Gantt chart not rendering correctly","2023-11-12 15:35:43","2023-11-12 20:35:43",NULL,NULL,False,"performance"
3679,432,5555,"security","medium","in_progress","Cannot downgrade plan","2025-06-26 09:05:09","2025-06-27 08:05:09",NULL,NULL,False,"sso , training , integration , security"
3680,716,NULL,"technical","medium","resolved","Account merge request","2024-07-30 03:13:10","2024-08-01 07:13:10","2024-08-07 11:13:10",2,False,"training,mobile,documentation,training"
3681,1100,NULL,"onboarding","low","in_progress","Webhook delivery failures","2024-03-21 19:33:31","2024-03-23 20:33:31",NULL,NULL,False,"enterprise"
3682,234,3307,"data_export","low","open","Report generation timeout","2025-08-11 06:43:40",NULL,NULL,NULL,False,NULL
3683,781,NULL,"api","low","in_progress","Feature request: dark mode","2025-01-30 04:31:27","2025-01-31 16:31:27",NULL,NULL,False,"billing;onboarding"
3684,60,980,"security","low","in_progress","Account merge request","2024-05-14 07:29:53","2024-05-15 01:29:53",NULL,NULL,False,NULL
3685,847,NULL,"account","high","in_progress","SSO configuration help needed","2025-02-19 06:50:07","2025-02-19 14:50:07",NULL,NULL,False,"urgent, gdpr, security"
3686,429,5441,"billing","low","open","Time tracking sync issues","2025-06-27 05:59:12",NULL,NULL,NULL,False,NULL
3687,638,8204,"technical","low","waiting_on_customer","Need to add more team members","2025-01-08 23:54:13","2025-01-10 10:54:13",NULL,NULL,False,"security"
3688,1062,NULL,"onboarding","medium","waiting_on_customer","Cannot login to dashboard","2025-10-10 22:56:29","2025-10-12 07:56:29",NULL,NULL,False,"onboarding, migration"
3689,656,8442,"data_export","medium","closed","Cannot login to dashboard","2024-11-20 04:58:16","2024-11-20 14:58:16","2024-11-22 20:58:16",5,False,"urgent;mobile"
3690,68,1075,"onboarding","critical","in_progress","Slow loading on project boards","2024-10-29 13:22:08","2024-10-29 14:34:08",NULL,NULL,False,"documentation , gdpr"
3691,442,5613,"billing","medium","closed","Account merge request","2025-03-23 14:18:48","2025-03-26 03:18:48","2025-03-26 11:18:48",NULL,False,NULL
3692,454,5827,"integration","medium","in_progress","Report generation timeout","2023-11-08 11:53:29","2023-11-09 06:53:29",NULL,NULL,False,"security, feature, mobile, security"
3693,209,3027,"account","low","closed","Billing discrepancy on latest invoice","2024-06-21 09:12:25","2024-06-23 17:12:25","2024-06-23 21:12:25",3,False,"technical, documentation, export, technical"
3694,777,NULL,"account","critical","closed","Webhook delivery failures","2025-07-07 16:32:36","2025-07-07 17:15:36","2025-07-14 02:15:36",4,False,"enterprise , technical , security"
3695,435,5560,"billing","high","open","GDPR data export request","2025-04-17 02:49:33",NULL,NULL,NULL,False,NULL
3696,365,4687,"performance","low","in_progress","Cannot login to dashboard","2024-06-13 13:00:53","2024-06-15 03:00:53",NULL,NULL,False,NULL
3697,729,NULL,"feature_request","low","in_progress","Time tracking sync issues","2025-07-10 06:24:59","2025-07-12 06:24:59",NULL,NULL,False,"billing , ux"
3698,135,1996,"security","critical","resolved","Time tracking sync issues","2024-11-15 02:44:58","2024-11-15 02:56:58","2024-11-19 17:56:58",NULL,False,"training;training"
3699,410,5186,"billing","high","open","Slow loading on project boards","2025-04-24 15:58:30",NULL,NULL,NULL,False,"enterprise, ux, billing, integration"
3700,1133,NULL,"feature_request","low","waiting_on_customer","Cannot login to dashboard","2024-07-10 17:37:30","2024-07-13 10:37:30",NULL,NULL,False,NULL
3701,320,4157,"security","high","open","Need help with API authentication","2025-05-09 21:00:07",NULL,NULL,NULL,False,"mobile , api , integration"
3702,191,2724,"performance","medium","resolved","Cannot downgrade plan","2024-10-27 12:36:32","2024-10-28 11:36:32","2024-11-02 06:36:32",NULL,False,"billing"
3703,619,7869,"security","low","in_progress","Cannot login to dashboard","2025-07-25 05:29:36","2025-07-25 14:29:36",NULL,NULL,False,"urgent"
3704,319,4151,"feature_request","medium","open","Cannot login to dashboard","2023-06-21 15:31:55",NULL,NULL,NULL,False,"billing , enterprise"
3705,986,NULL,"onboarding","low","resolved","Need help with API authentication","2023-12-03 22:08:27","2023-12-04 20:08:27","2023-12-06 08:08:27",NULL,False,"api, billing"
3706,825,NULL,"api","medium","closed","Integration with Slack not working","2025-10-11 12:33:14","2025-10-12 21:33:14","2025-10-15 15:33:14",NULL,False,"performance;bug;integration;export"
3707,405,5155,"performance","medium","in_progress","Account merge request","2025-08-09 05:38:44","2025-08-12 00:38:44",NULL,NULL,False,"ux;export;feature"
3708,726,NULL,"security","medium","resolved","Duplicate notifications being sent","2025-03-14 16:08:50","2025-03-17 10:08:50","2025-03-19 18:08:50",NULL,False,"enterprise , performance , migration , gdpr"
3709,883,NULL,"account","medium","waiting_on_customer","Time tracking sync issues","2025-10-13 13:35:48","2025-10-15 08:35:48",NULL,NULL,False,"export"
3710,1136,NULL,"account","high","in_progress","Need help with API authentication","2023-12-06 16:07:44","2023-12-06 23:07:44",NULL,NULL,False,"onboarding,integration"
3711,333,4251,"account","high","resolved","Cannot downgrade plan","2025-07-14 18:22:12","2025-07-15 06:22:12","2025-07-17 02:22:12",NULL,False,"gdpr"
3712,171,2507,"performance","low","open","Gantt chart not rendering correctly","2024-05-12 20:14:27",NULL,NULL,NULL,False,NULL
3713,735,NULL,"data_export","low","waiting_on_customer","Custom workflow automation broken","2025-03-27 16:18:48","2025-03-28 23:18:48",NULL,NULL,False,"mobile;onboarding;feature"
3714,947,NULL,"technical","low","waiting_on_customer","Need help with API authentication","2024-02-20 12:09:30","2024-02-23 03:09:30",NULL,NULL,False,NULL
3715,109,1563,"feature_request","high","in_progress","Permission settings not saving","2024-12-10 09:45:16","2024-12-10 20:45:16",NULL,NULL,True,NULL
3716,14,218,"onboarding","medium","open","Mobile app crashes on Android","2024-10-23 05:36:08",NULL,NULL,NULL,False,"gdpr;onboarding;integration;ux"
3717,644,8338,"performance","low","in_progress","Integration with Slack not working","2025-09-25 04:40:38","2025-09-26 18:40:38",NULL,NULL,False,"integration, onboarding, documentation, billing, integration"
3718,1078,NULL,"technical","low","open","Slow loading on project boards","2024-02-05 10:46:41",NULL,NULL,NULL,False,NULL
3719,505,6409,"feature_request","medium","waiting_on_customer","Cannot login to dashboard","2025-06-29 15:12:13","2025-07-01 14:12:13",NULL,NULL,False,NULL
3720,372,4758,"integration","medium","closed","Integration with Slack not working","2024-12-15 20:38:09","2024-12-18 20:38:09","2024-12-22 09:38:09",4,False,"mobile"
3721,322,4179,"feature_request","critical","resolved","Export failing for large datasets","2025-05-14 06:58:36","2025-05-14 08:25:36","2025-05-21 01:25:36",4,True,"performance;sso"
3722,398,5078,"feature_request","critical","in_progress","Custom workflow automation broken","2025-05-01 11:56:28","2025-05-01 12:56:28",NULL,NULL,False,NULL
3723,1009,NULL,"api","medium","in_progress","Permission settings not saving","2024-06-23 11:31:20","2024-06-23 23:31:20",NULL,NULL,False,"export, security, integration, documentation"
3724,969,NULL,"billing","low","closed","Feature request: dark mode","2025-10-05 02:31:48","2025-10-07 10:31:48","2025-10-12 12:31:48",2,False,NULL
3725,7,92,"data_export","high","closed","SSO configuration help needed","2025-08-28 13:16:18","2025-08-28 21:16:18","2025-09-01 02:16:18",5,False,"documentation , api , ux"
3726,828,NULL,"onboarding","high","open","Slow loading on project boards","2025-07-05 23:04:06",NULL,NULL,NULL,False,"technical;performance;security;urgent"
3727,1131,NULL,"technical","critical","closed","Mobile app crashes on Android","2025-03-05 15:18:01","2025-03-05 15:25:01","2025-03-10 00:25:01",5,False,"export , ux , gdpr"
3728,1132,NULL,"data_export","low","open","Cannot downgrade plan","2024-10-06 06:56:58",NULL,NULL,NULL,False,"integration, api, billing"
3729,828,NULL,"feature_request","high","closed","Account merge request","2025-06-25 01:33:09","2025-06-25 04:33:09","2025-06-30 03:33:09",3,False,"ux"
3730,270,3753,"performance","low","open","GDPR data export request","2023-09-26 14:05:54",NULL,NULL,NULL,False,"technical, documentation, onboarding"
3731,441,5610,"technical","critical","closed","API rate limiting issues","2025-06-26 14:12:40","2025-06-26 14:44:40","2025-06-28 00:44:40",NULL,False,"enterprise,training,gdpr,feature"
3732,796,NULL,"data_export","medium","open","Cannot downgrade plan","2025-04-01 16:04:32",NULL,NULL,NULL,False,NULL
3733,127,1882,"data_export","medium","in_progress","Custom workflow automation broken","2025-03-01 20:27:01","2025-03-01 22:27:01",NULL,NULL,False,"documentation,training"
3734,1131,NULL,"feature_request","medium","open","SSO configuration help needed","2025-09-29 10:41:26",NULL,NULL,NULL,False,"bug"
3735,574,7394,"performance","high","closed","Need to add more team members","2024-02-24 11:59:46","2024-02-24 20:59:46","2024-02-27 02:59:46",4,False,"bug , enterprise"
3736,759,NULL,"account","low","waiting_on_customer","API rate limiting issues","2025-04-25 19:12:47","2025-04-27 22:12:47",NULL,NULL,False,"api , feature , migration , enterprise"
3737,636,8183,"onboarding","critical","in_progress","Data import from CSV failing","2024-07-06 18:22:54","2024-07-06 19:03:54",NULL,NULL,False,NULL
3738,864,NULL,"security","medium","in_progress","Audit log access denied","2024-06-11 06:01:03","2024-06-11 14:01:03",NULL,NULL,False,"ux;export;integration;urgent"
3739,1074,NULL,"onboarding","high","waiting_on_customer","Data import from CSV failing","2025-04-17 04:34:10","2025-04-17 11:34:10",NULL,NULL,True,"enterprise,mobile,sso"
3740,860,NULL,"billing","medium","closed","Mobile app crashes on Android","2023-09-27 14:59:09","2023-09-29 08:59:09","2023-09-30 14:59:09",4,False,"gdpr , integration"
3741,467,6037,"billing","low","closed","Cannot login to dashboard","2025-10-30 11:43:59","2025-11-01 07:43:59","2025-11-06 00:43:59",5,False,"billing , urgent , ux , integration"
3742,304,4054,"integration","critical","closed","Account merge request","2023-11-09 06:25:58","2023-11-09 07:19:58","2023-11-11 00:19:58",NULL,False,NULL
3743,367,4698,"integration","medium","waiting_on_customer","Export failing for large datasets","2025-10-05 11:45:53","2025-10-07 00:45:53",NULL,NULL,False,"bug, sso, enterprise, technical"
3744,130,1960,"integration","high","resolved","Slow loading on project boards","2025-05-18 01:20:47","2025-05-18 12:20:47","2025-05-22 08:20:47",5,False,"mobile, onboarding, performance, bug"
3745,290,3937,"integration","medium","open","Duplicate notifications being sent","2024-06-25 21:22:10",NULL,NULL,NULL,False,"urgent , onboarding , technical , migration , urgent"
3746,745,NULL,"feature_request","medium","resolved","Gantt chart not rendering correctly","2025-01-04 16:11:26","2025-01-07 04:11:26","2025-01-08 12:11:26",NULL,False,NULL
3747,457,5874,"technical","high","in_progress","Need help with API authentication","2023-12-27 06:24:09","2023-12-27 18:24:09",NULL,NULL,False,"training"
3748,261,3637,"data_export","medium","open","Account merge request","2025-06-11 06:36:16",NULL,NULL,NULL,False,"export, security"
3749,677,NULL,"technical","medium","open","Custom workflow automation broken","2025-07-10 04:22:11",NULL,NULL,NULL,False,"export;documentation;onboarding;gdpr"
3750,1033,NULL,"feature_request","low","waiting_on_customer","Slow loading on project boards","2025-06-13 02:02:42","2025-06-15 16:02:42",NULL,NULL,False,"technical , migration , documentation"
3751,1027,NULL,"data_export","medium","waiting_on_customer","Export failing for large datasets","2025-04-30 02:18:09","2025-05-02 10:18:09",NULL,NULL,False,"billing,security,export"
3752,1037,NULL,"api","high","open","Custom workflow automation broken","2025-03-11 08:17:38",NULL,NULL,NULL,True,NULL
3753,696,NULL,"onboarding","low","in_progress","Integration with Slack not working","2023-11-13 23:05:17","2023-11-14 15:05:17",NULL,NULL,False,"api , security , gdpr , bug"
3754,146,2142,"onboarding","low","open","Custom workflow automation broken","2023-12-19 17:54:42",NULL,NULL,NULL,False,"technical,ux,api"
3755,798,NULL,"account","medium","waiting_on_customer","Billing discrepancy on latest invoice","2024-06-14 14:06:27","2024-06-15 04:06:27",NULL,NULL,False,"export,gdpr,feature"
3756,15,268,"integration","high","open","Slow loading on project boards","2024-05-17 11:30:58",NULL,NULL,NULL,False,"feature, mobile, training, security"
3757,786,NULL,"billing","medium","resolved","Cannot login to dashboard","2025-08-12 05:15:21","2025-08-15 04:15:21","2025-08-17 01:15:21",4,False,"urgent;training;gdpr;export"
3758,1032,NULL,"billing","critical","closed","Feature request: dark mode","2024-12-23 14:13:44","2024-12-23 15:17:44","2024-12-29 03:17:44",3,False,"onboarding,gdpr,enterprise"
3759,263,3685,"security","medium","waiting_on_customer","Feature request: dark mode","2025-08-13 08:54:11","2025-08-15 04:54:11",NULL,NULL,False,"enterprise , training , gdpr"
3760,159,2334,"account","medium","waiting_on_customer","Need to add more team members","2025-04-01 23:08:57","2025-04-03 20:08:57",NULL,NULL,False,"ux"
3761,1199,NULL,"feature_request","medium","open","Need to add more team members","2024-04-01 04:54:10",NULL,NULL,NULL,False,"ux;integration;technical;urgent"
3762,1073,NULL,"onboarding","medium","in_progress","Need help with API authentication","2025-05-07 19:42:08","2025-05-09 00:42:08",NULL,NULL,False,NULL
3763,168,2463,"billing","medium","waiting_on_customer","Webhook delivery failures","2025-05-22 19:58:26","2025-05-24 23:58:26",NULL,NULL,False,"export"
3764,549,6982,"data_export","low","open","Cannot login to dashboard","2025-08-21 00:09:53",NULL,NULL,NULL,False,"feature,export,sso"
3765,862,NULL,"onboarding","medium","in_progress","Need help with API authentication","2025-05-01 03:03:43","2025-05-01 10:03:43",NULL,NULL,False,"enterprise;documentation"
3766,538,6846,"technical","low","waiting_on_customer","Export failing for large datasets","2024-01-29 17:43:36","2024-01-30 16:43:36",NULL,NULL,False,"technical"
3768,616,7843,"onboarding","medium","in_progress","Feature request: dark mode","2024-07-26 00:00:13","2024-07-27 21:00:13",NULL,NULL,False,"api"
3769,477,6100,"feature_request","low","closed","Slow loading on project boards","2024-06-27 19:46:31","2024-06-28 03:46:31","2024-07-04 08:46:31",4,False,"gdpr,security,gdpr"
3770,383,4867,"data_export","high","closed","Slow loading on project boards","2023-05-06 22:53:39","2023-05-07 06:53:39","2023-05-12 21:53:39",4,True,"technical,urgent"
3771,719,NULL,"integration","medium","in_progress","Need help with API authentication","2024-01-02 16:58:42","2024-01-05 07:58:42",NULL,NULL,False,"ux , gdpr , bug"
3772,201,2882,"billing","high","resolved","Account merge request","2025-04-14 08:17:18","2025-04-14 16:17:18","2025-04-16 12:17:18",5,False,"sso"
3773,905,NULL,"billing","low","resolved","Custom workflow automation broken","2025-10-30 06:25:19","2025-11-01 00:25:19","2025-11-06 10:25:19",4,False,"documentation;integration;urgent"
3774,468,6038,"billing","critical","closed","GDPR data export request","2025-06-16 23:11:04","2025-06-17 00:03:04","2025-06-23 06:03:04",NULL,True,"integration;training;gdpr"
3775,547,6964,"account","medium","in_progress","Duplicate notifications being sent","2025-10-28 11:34:09","2025-10-28 18:34:09",NULL,NULL,False,"performance, onboarding, mobile, integration"
3776,278,3819,"account","medium","in_progress","Cannot login to dashboard","2024-08-31 13:16:14","2024-09-02 04:16:14",NULL,NULL,False,"api , integration , onboarding , migration"
3777,206,2910,"security","low","waiting_on_customer","Gantt chart not rendering correctly","2024-01-30 19:36:55","2024-02-02 18:36:55",NULL,NULL,False,"gdpr , bug , onboarding , security"
3778,919,NULL,"onboarding","high","open","Permission settings not saving","2024-11-10 21:09:01",NULL,NULL,NULL,False,"security,enterprise,onboarding,feature"
3779,443,5632,"feature_request","critical","closed","Integration with Slack not working","2025-10-15 18:00:15","2025-10-15 19:24:15","2025-10-17 09:24:15",5,False,"training, documentation"
3780,1171,NULL,"account","low","in_progress","Custom workflow automation broken","2024-09-06 05:59:52","2024-09-07 18:59:52",NULL,NULL,False,"onboarding , export , feature , api"
3781,703,NULL,"feature_request","low","resolved","Need help with API authentication","2025-10-26 20:43:11","2025-10-27 17:43:11","2025-11-03 01:43:11",5,False,"integration,billing,ux"
3782,620,7878,"integration","low","resolved","Duplicate notifications being sent","2025-01-06 10:13:53","2025-01-09 05:13:53","2025-01-09 18:13:53",NULL,False,"onboarding , bug , api"
3783,950,NULL,"account","low","open","Duplicate notifications being sent","2025-02-24 20:46:43",NULL,NULL,NULL,False,"technical"
3784,350,4491,"integration","medium","closed","Report generation timeout","2023-08-15 01:54:45","2023-08-17 19:54:45","2023-08-21 16:54:45",NULL,False,"enterprise"
3785,448,5723,"technical","low","closed","Mobile app crashes on Android","2024-04-15 11:39:38","2024-04-18 05:39:38","2024-04-24 14:39:38",3,False,"bug"
3786,538,6845,"data_export","low","resolved","Cannot downgrade plan","2024-11-27 16:10:36","2024-11-30 01:10:36","2024-12-02 05:10:36",NULL,False,"urgent"
3787,481,6135,"onboarding","low","waiting_on_customer","Custom workflow automation broken","2025-04-17 13:55:16","2025-04-20 03:55:16",NULL,NULL,False,"gdpr , documentation , enterprise"
3788,1085,NULL,"onboarding","medium","open","Slow loading on project boards","2025-07-12 14:47:47",NULL,NULL,NULL,False,"sso;urgent"
3789,365,4687,"billing","high","waiting_on_customer","GDPR data export request","2025-01-14 01:24:58","2025-01-14 09:24:58",NULL,NULL,False,"export , onboarding"
3790,911,NULL,"integration","medium","open","GDPR data export request","2023-09-23 00:51:23",NULL,NULL,NULL,False,"gdpr, api, training, documentation"
3791,905,NULL,"technical","high","waiting_on_customer","Custom workflow automation broken","2025-10-08 15:11:35","2025-10-09 00:11:35",NULL,NULL,False,"feature, billing"
3792,698,NULL,"api","high","closed","Audit log access denied","2023-10-25 18:18:17","2023-10-26 01:18:17","2023-10-28 20:18:17",4,True,"technical;billing"
3793,923,NULL,"performance","high","in_progress","Mobile app crashes on Android","2023-09-08 00:07:21","2023-09-08 02:07:21",NULL,NULL,True,"billing"
3794,642,8319,"onboarding","medium","closed","White label logo not displaying","2025-05-26 06:10:42","2025-05-26 16:10:42","2025-05-30 00:10:42",NULL,False,NULL
3795,84,1292,"integration","high","open","Permission settings not saving","2024-08-15 20:31:09",NULL,NULL,NULL,False,"technical , feature , gdpr"
3796,629,8106,"performance","high","resolved","API rate limiting issues","2024-11-16 09:00:30","2024-11-16 17:00:30","2024-11-21 02:00:30",4,False,"billing"
3797,453,5824,"data_export","low","closed","Time tracking sync issues","2025-09-11 12:02:53","2025-09-12 13:02:53","2025-09-16 19:02:53",NULL,False,"mobile , training , sso"
3798,688,NULL,"performance","high","in_progress","Billing discrepancy on latest invoice","2024-04-12 00:11:52","2024-04-12 09:11:52",NULL,NULL,False,"training;ux;enterprise"
3799,613,7825,"integration","medium","in_progress","Cannot downgrade plan","2025-07-07 20:18:51","2025-07-08 13:18:51",NULL,NULL,False,NULL
3800,83,1290,"billing","medium","in_progress","Gantt chart not rendering correctly","2024-11-27 07:08:55","2024-11-28 19:08:55",NULL,NULL,False,"sso,security,gdpr"
3801,83,1291,"security","low","open","Custom workflow automation broken","2025-02-11 22:20:06",NULL,NULL,NULL,False,"feature , onboarding , api"
3802,988,NULL,"integration","high","in_progress","Integration with Slack not working","2025-07-21 15:51:38","2025-07-22 00:51:38",NULL,NULL,False,"performance"
3803,284,3843,"account","medium","waiting_on_customer","API rate limiting issues","2023-07-16 23:20:11","2023-07-17 22:20:11",NULL,NULL,False,"technical , feature"
3804,111,1588,"security","low","resolved","White label logo not displaying","2025-01-31 05:43:22","2025-01-31 13:43:22","2025-01-31 17:43:22",5,False,"gdpr , ux , training , billing"
3805,164,2384,"security","medium","in_progress","Slow loading on project boards","2025-09-07 00:40:21","2025-09-08 06:40:21",NULL,NULL,False,"technical"
3806,722,NULL,"data_export","medium","in_progress","Integration with Slack not working","2023-08-10 23:25:49","2023-08-12 16:25:49",NULL,NULL,False,"bug;ux;mobile"
3807,256,3551,"feature_request","critical","waiting_on_customer","Feature request: dark mode","2025-10-23 20:54:11","2025-10-23 21:29:11",NULL,NULL,False,"security, billing, training"
3808,12,208,"security","medium","closed","Webhook delivery failures","2025-03-04 15:22:06","2025-03-05 18:22:06","2025-03-05 20:22:06",5,False,"documentation;ux;documentation"
3809,432,5556,"security","medium","resolved","Integration with Slack not working","2025-03-21 08:17:44","2025-03-23 15:17:44","2025-03-29 11:17:44",NULL,False,NULL
3810,367,4697,"integration","medium","closed","Need help with API authentication","2025-02-11 05:39:50","2025-02-12 21:39:50","2025-02-15 14:39:50",3,False,"ux"
3811,191,2723,"integration","medium","open","Mobile app crashes on Android","2025-10-29 16:32:26",NULL,NULL,NULL,False,"sso,migration,feature"
3812,1119,NULL,"account","low","in_progress","Permission settings not saving","2025-09-27 14:57:55","2025-09-29 17:57:55",NULL,NULL,False,"urgent , security , api"
3813,186,2686,"performance","high","open","Account merge request","2023-12-04 21:10:28",NULL,NULL,NULL,True,"bug"
3814,413,5209,"billing","high","waiting_on_customer","Account merge request","2025-08-13 03:35:45","2025-08-13 08:35:45",NULL,NULL,False,"performance"
3815,381,4841,"integration","medium","resolved","Mobile app crashes on Android","2025-02-09 00:28:34","2025-02-10 08:28:34","2025-02-11 20:28:34",3,False,"urgent , documentation , integration"
3816,1031,NULL,"api","critical","closed","Export failing for large datasets","2025-03-08 00:09:45","2025-03-08 01:20:45","2025-03-08 21:20:45",NULL,True,"performance;documentation"
3817,300,4004,"integration","low","open","Slow loading on project boards","2025-07-22 05:16:58",NULL,NULL,NULL,False,"migration;ux;enterprise;documentation"
3818,251,3522,"security","medium","resolved","Audit log access denied","2025-07-11 18:08:43","2025-07-12 07:08:43","2025-07-15 13:08:43",4,False,"urgent,mobile,security,migration"
3819,521,6615,"performance","critical","in_progress","Duplicate notifications being sent","2024-04-30 18:56:44","2024-04-30 19:44:44",NULL,NULL,True,"sso , mobile"
3820,256,3548,"technical","high","in_progress","API rate limiting issues","2024-11-12 03:46:17","2024-11-12 12:46:17",NULL,NULL,True,NULL
3821,1107,NULL,"data_export","medium","open","API rate limiting issues","2025-09-17 01:08:44",NULL,NULL,NULL,False,"gdpr;urgent"
3822,41,712,"data_export","low","resolved","Account merge request","2025-07-08 03:53:05","2025-07-10 05:53:05","2025-07-13 18:53:05",1,False,"feature , training , urgent"
3823,884,NULL,"api","medium","in_progress","GDPR data export request","2025-06-06 01:56:05","2025-06-06 16:56:05",NULL,NULL,False,NULL
3824,195,2755,"technical","low","closed","API rate limiting issues","2025-06-13 18:51:43","2025-06-15 23:51:43","2025-06-20 20:51:43",NULL,False,"documentation , technical , api"
3825,982,NULL,"performance","medium","waiting_on_customer","Cannot login to dashboard","2025-06-29 10:09:28","2025-06-29 17:09:28",NULL,NULL,False,"enterprise"
3826,559,7167,"security","medium","waiting_on_customer","Billing discrepancy on latest invoice","2025-08-21 17:21:15","2025-08-24 12:21:15",NULL,NULL,False,NULL
3827,129,1957,"account","low","open","Duplicate notifications being sent","2024-05-31 02:34:27",NULL,NULL,NULL,False,"api, documentation, integration"
3828,803,NULL,"data_export","high","resolved","Webhook delivery failures","2025-05-25 04:04:44","2025-05-25 13:04:44","2025-05-27 06:04:44",5,False,"export"
3829,75,1147,"billing","medium","waiting_on_customer","Report generation timeout","2025-01-11 20:56:27","2025-01-13 10:56:27",NULL,NULL,False,"onboarding;performance;onboarding"
3830,154,2252,"integration","low","in_progress","Permission settings not saving","2025-01-07 05:46:16","2025-01-07 13:46:16",NULL,NULL,False,"technical,mobile,security"
3831,127,1865,"performance","high","open","Duplicate notifications being sent","2024-08-28 12:25:27",NULL,NULL,NULL,True,"training"
3832,932,NULL,"data_export","low","in_progress","Mobile app crashes on Android","2023-12-11 15:16:28","2023-12-13 15:16:28",NULL,NULL,False,"documentation,ux,performance"
3833,953,NULL,"feature_request","critical","resolved","Data import from CSV failing","2024-02-27 09:33:03","2024-02-27 11:04:03","2024-03-04 23:04:03",5,False,NULL
3834,1140,NULL,"technical","medium","resolved","Feature request: dark mode","2024-02-15 11:07:00","2024-02-16 23:07:00","2024-02-17 03:07:00",NULL,False,"training"
3835,259,3583,"security","low","resolved","Gantt chart not rendering correctly","2025-01-06 20:20:00","2025-01-09 01:20:00","2025-01-13 10:20:00",NULL,False,NULL
3836,456,5863,"api","medium","resolved","Need help with API authentication","2025-10-13 07:38:32","2025-10-16 04:38:32","2025-10-17 06:38:32",5,False,"mobile,feature"
3837,932,NULL,"technical","critical","open","Integration with Slack not working","2025-06-28 15:53:42",NULL,NULL,NULL,False,"mobile , urgent"
3838,92,1411,"feature_request","low","in_progress","Data import from CSV failing","2025-08-29 05:57:49","2025-08-30 08:57:49",NULL,NULL,False,NULL
3839,911,NULL,"security","critical","closed","GDPR data export request","2023-09-14 21:01:53","2023-09-14 22:26:53","2023-09-21 10:26:53",NULL,False,"urgent"
3840,385,4884,"integration","high","resolved","Webhook delivery failures","2024-12-20 22:25:49","2024-12-21 04:25:49","2024-12-23 17:25:49",NULL,True,NULL
3841,370,4722,"data_export","low","closed","White label logo not displaying","2025-05-13 10:08:33","2025-05-14 08:08:33","2025-05-20 17:08:33",NULL,False,"bug , gdpr , training , sso"
3842,63,1045,"technical","medium","open","Webhook delivery failures","2025-02-08 23:17:50",NULL,NULL,NULL,False,"integration, mobile, billing, integration"
3843,823,NULL,"security","critical","resolved","Gantt chart not rendering correctly","2025-10-17 05:23:40","2025-10-17 07:20:40","2025-10-22 09:20:40",5,False,"onboarding , bug , onboarding"
3844,725,NULL,"api","high","waiting_on_customer","Custom workflow automation broken","2025-08-31 08:27:43","2025-08-31 15:27:43",NULL,NULL,False,"bug,performance"
3845,526,6699,"performance","medium","in_progress","SSO configuration help needed","2024-08-18 06:48:28","2024-08-18 15:48:28",NULL,NULL,False,"bug,bug"
3846,450,5786,"api","medium","closed","Webhook delivery failures","2025-05-14 03:52:48","2025-05-14 07:52:48","2025-05-16 19:52:48",5,False,"performance,billing"
3847,142,2104,"performance","critical","resolved","Mobile app crashes on Android","2023-08-05 12:21:24","2023-08-05 13:51:24","2023-08-09 09:51:24",5,True,"performance,onboarding,gdpr,export"
3848,453,5822,"onboarding","low","in_progress","Export failing for large datasets","2025-09-20 23:32:09","2025-09-23 14:32:09",NULL,NULL,False,"integration;sso"
3849,586,7565,"account","medium","open","Mobile app crashes on Android","2025-01-27 23:57:22",NULL,NULL,NULL,False,NULL
3850,344,4377,"performance","low","in_progress","Custom workflow automation broken","2025-05-08 10:19:12","2025-05-09 13:19:12",NULL,NULL,False,"feature , documentation , mobile , enterprise"
3851,1035,NULL,"integration","low","waiting_on_customer","Duplicate notifications being sent","2025-10-10 05:33:14","2025-10-12 14:33:14",NULL,NULL,False,"enterprise"
3852,133,1974,"billing","low","closed","Audit log access denied","2024-09-23 10:33:08","2024-09-25 13:33:08","2024-09-29 13:33:08",5,False,"billing , performance , migration , ux"
3853,1030,NULL,"billing","medium","in_progress","Webhook delivery failures","2025-06-05 02:49:40","2025-06-07 14:49:40",NULL,NULL,False,"performance , urgent , security , export"
3854,258,3578,"feature_request","high","waiting_on_customer","Mobile app crashes on Android","2025-07-17 16:49:48","2025-07-18 04:49:48",NULL,NULL,True,"training , feature , mobile , onboarding"
3855,689,NULL,"feature_request","low","resolved","Cannot downgrade plan","2025-01-14 22:06:47","2025-01-16 02:06:47","2025-01-16 20:06:47",2,False,"billing,onboarding,api,migration"
3856,498,6288,"technical","critical","waiting_on_customer","Audit log access denied","2025-10-18 12:03:38","2025-10-18 13:43:38",NULL,NULL,False,"performance, mobile, ux"
3857,967,NULL,"data_export","high","waiting_on_customer","Duplicate notifications being sent","2025-04-07 02:40:34","2025-04-07 06:40:34",NULL,NULL,True,"migration"
3858,392,4923,"feature_request","medium","resolved","Need to add more team members","2024-09-06 00:00:46","2024-09-06 10:00:46","2024-09-08 23:00:46",3,False,"mobile,integration,feature,onboarding"
3859,132,1969,"billing","high","open","Integration with Slack not working","2025-03-27 13:06:40",NULL,NULL,NULL,True,"migration;api;security"
3860,246,3451,"onboarding","critical","resolved","SSO configuration help needed","2025-07-15 03:38:11","2025-07-15 05:01:11","2025-07-20 06:01:11",4,False,"bug;performance;technical;bug"
3861,863,NULL,"account","high","in_progress","Feature request: dark mode","2024-09-27 12:18:02","2024-09-28 00:18:02",NULL,NULL,False,"feature,billing,feature"
3862,444,5670,"security","medium","in_progress","Integration with Slack not working","2024-08-28 06:02:02","2024-08-30 11:02:02",NULL,NULL,False,"enterprise , export"
3863,1018,NULL,"billing","low","open","Audit log access denied","2025-01-29 12:47:56",NULL,NULL,NULL,False,"mobile,security,documentation,training"
3864,1179,NULL,"feature_request","medium","closed","Report generation timeout","2025-10-02 04:28:44","2025-10-02 15:28:44","2025-10-04 05:28:44",4,False,"ux"
3865,159,2335,"onboarding","low","resolved","Billing discrepancy on latest invoice","2024-06-08 04:51:26","2024-06-08 06:51:26","2024-06-13 09:51:26",4,False,NULL
3866,312,4115,"data_export","high","closed","Mobile app crashes on Android","2023-12-14 00:30:11","2023-12-14 08:30:11","2023-12-21 02:30:11",2,False,"security;gdpr;urgent;bug;security"
3867,81,1238,"security","low","closed","Billing discrepancy on latest invoice","2023-10-30 01:35:24","2023-11-01 20:35:24","2023-11-04 03:35:24",NULL,False,"export , migration , sso"
3868,938,NULL,"onboarding","medium","in_progress","Cannot downgrade plan","2025-08-10 07:24:59","2025-08-12 17:24:59",NULL,NULL,False,NULL
3869,1184,NULL,"technical","high","waiting_on_customer","Permission settings not saving","2025-06-27 08:09:35","2025-06-27 17:09:35",NULL,NULL,True,"export;onboarding"
3870,851,NULL,"api","medium","in_progress","Cannot login to dashboard","2025-09-06 03:35:48","2025-09-08 07:35:48",NULL,NULL,False,"urgent,bug,sso"
3871,973,NULL,"account","low","closed","API rate limiting issues","2025-10-29 10:11:34","2025-10-30 15:11:34","2025-11-03 21:11:34",5,False,"onboarding"
3872,570,7324,"technical","low","open","Mobile app crashes on Android","2025-10-25 09:47:27",NULL,NULL,NULL,False,NULL
3873,761,NULL,"onboarding","medium","waiting_on_customer","Webhook delivery failures","2025-07-31 02:47:40","2025-07-31 20:47:40",NULL,NULL,False,NULL
3874,300,3995,"performance","low","open","API rate limiting issues","2025-10-04 15:46:20",NULL,NULL,NULL,False,"technical , gdpr , training , feature"
3875,449,5747,"security","medium","open","Audit log access denied","2023-12-29 15:42:37",NULL,NULL,NULL,False,"ux , gdpr"
3876,580,7514,"onboarding","medium","closed","Webhook delivery failures","2024-05-09 15:17:42","2024-05-09 19:17:42","2024-05-15 04:17:42",NULL,False,"urgent, sso, documentation"
4263,1137,NULL,"api","low","open","SSO configuration help needed","2025-10-05 16:39:22",NULL,NULL,NULL,False,NULL
3877,285,3861,"api","low","closed","Cannot login to dashboard","2024-06-17 07:49:04","2024-06-17 15:49:04","2024-06-19 01:49:04",NULL,False,"bug;feature;performance"
3878,47,782,"account","medium","in_progress","Slow loading on project boards","2024-11-20 22:00:57","2024-11-22 19:00:57",NULL,NULL,False,"mobile , gdpr"
3879,314,4123,"api","low","waiting_on_customer","Export failing for large datasets","2025-08-18 19:39:17","2025-08-20 12:39:17",NULL,NULL,False,"ux , sso , technical , integration"
3880,955,NULL,"performance","high","closed","Cannot downgrade plan","2024-07-15 15:56:57","2024-07-16 01:56:57","2024-07-19 02:56:57",1,False,"performance"
3881,417,5267,"technical","low","resolved","Gantt chart not rendering correctly","2025-02-13 02:22:18","2025-02-15 10:22:18","2025-02-16 11:22:18",4,False,"sso , gdpr , export"
3882,1076,NULL,"integration","medium","closed","Cannot login to dashboard","2025-10-02 11:41:06","2025-10-04 09:41:06","2025-10-05 12:41:06",3,False,"training;gdpr;ux;mobile"
3883,83,1289,"api","low","in_progress","Integration with Slack not working","2025-09-13 06:49:22","2025-09-16 02:49:22",NULL,NULL,False,"performance;sso;training"
3884,1174,NULL,"data_export","medium","closed","Time tracking sync issues","2024-04-04 14:11:32","2024-04-06 11:11:32","2024-04-12 03:11:32",5,False,"mobile"
3885,572,7371,"performance","low","closed","SSO configuration help needed","2025-08-14 07:51:56","2025-08-15 05:51:56","2025-08-20 13:51:56",5,False,"training,onboarding,ux"
3886,490,6234,"onboarding","low","waiting_on_customer","Need to add more team members","2025-03-06 12:03:56","2025-03-08 09:03:56",NULL,NULL,False,NULL
3887,699,NULL,"technical","medium","waiting_on_customer","SSO configuration help needed","2025-08-31 19:58:36","2025-09-01 12:58:36",NULL,NULL,False,NULL
3888,800,NULL,"feature_request","high","open","Export failing for large datasets","2025-03-29 17:50:27",NULL,NULL,NULL,False,"onboarding,export"
3889,841,NULL,"account","medium","closed","API rate limiting issues","2025-09-12 22:03:32","2025-09-15 18:03:32","2025-09-22 15:03:32",5,False,"billing , migration"
3890,552,7044,"api","high","in_progress","API rate limiting issues","2023-04-27 17:50:37","2023-04-27 20:50:37",NULL,NULL,True,"sso,api,feature"
3891,1168,NULL,"integration","high","open","GDPR data export request","2025-03-20 08:59:46",NULL,NULL,NULL,False,"technical , ux"
3892,776,NULL,"integration","medium","resolved","Custom workflow automation broken","2025-04-11 04:09:02","2025-04-13 21:09:02","2025-04-17 05:09:02",4,False,"security"
3893,119,1701,"security","low","in_progress","SSO configuration help needed","2024-06-25 04:13:35","2024-06-27 14:13:35",NULL,NULL,False,NULL
3894,210,3030,"integration","critical","open","SSO configuration help needed","2025-05-14 08:35:14",NULL,NULL,NULL,True,"gdpr;ux"
3895,250,3493,"technical","medium","waiting_on_customer","Data import from CSV failing","2025-07-17 11:52:02","2025-07-19 09:52:02",NULL,NULL,False,"documentation;export;performance;mobile"
3896,826,NULL,"api","medium","open","Slow loading on project boards","2025-01-30 06:02:46",NULL,NULL,NULL,False,"billing,export,mobile"
3897,618,7863,"performance","high","waiting_on_customer","Billing discrepancy on latest invoice","2025-08-22 15:46:02","2025-08-23 03:46:02",NULL,NULL,False,"export,integration,training,billing"
3898,206,2907,"technical","low","closed","API rate limiting issues","2024-10-14 16:06:46","2024-10-15 19:06:46","2024-10-18 13:06:46",5,False,NULL
3899,470,6050,"billing","high","closed","Report generation timeout","2025-09-25 22:14:19","2025-09-26 03:14:19","2025-09-29 09:14:19",3,False,"api;mobile"
3900,1176,NULL,"performance","high","waiting_on_customer","Account merge request","2025-05-19 19:11:25","2025-05-20 04:11:25",NULL,NULL,True,"urgent, security"
3901,746,NULL,"api","medium","resolved","Integration with Slack not working","2025-05-10 18:46:10","2025-05-11 07:46:10","2025-05-12 14:46:10",NULL,False,"billing, enterprise, integration"
3902,1029,NULL,"feature_request","high","open","Export failing for large datasets","2025-05-12 07:54:12",NULL,NULL,NULL,False,"security, feature"
3903,966,NULL,"api","medium","open","Audit log access denied","2023-03-21 17:15:05",NULL,NULL,NULL,False,"security;technical;urgent;training"
3904,302,4020,"performance","medium","resolved","Report generation timeout","2025-06-22 04:19:14","2025-06-25 00:19:14","2025-06-30 08:19:14",3,False,"enterprise, billing, ux, security"
3905,56,923,"onboarding","medium","closed","Time tracking sync issues","2025-04-05 21:37:23","2025-04-06 15:37:23","2025-04-11 03:37:23",NULL,False,"documentation;performance"
3906,164,2362,"api","low","waiting_on_customer","White label logo not displaying","2025-08-10 00:30:26","2025-08-10 15:30:26",NULL,NULL,False,"gdpr"
3907,39,682,"integration","medium","closed","Slow loading on project boards","2025-09-22 05:36:38","2025-09-22 10:36:38","2025-09-23 23:36:38",2,False,"gdpr;documentation;enterprise;api"
3908,976,NULL,"api","critical","closed","Audit log access denied","2023-12-20 18:13:19","2023-12-20 19:30:19","2023-12-23 17:30:19",5,True,"training;export"
3909,401,5104,"integration","low","closed","Export failing for large datasets","2024-11-07 20:36:31","2024-11-10 03:36:31","2024-11-10 15:36:31",5,False,"mobile;performance;api"
3910,79,1211,"integration","low","open","Mobile app crashes on Android","2025-06-07 05:57:57",NULL,NULL,NULL,False,NULL
3911,204,2892,"technical","low","waiting_on_customer","Permission settings not saving","2023-09-04 16:56:26","2023-09-04 22:56:26",NULL,NULL,False,"mobile;sso;billing;ux"
3912,626,8037,"technical","medium","waiting_on_customer","Data import from CSV failing","2025-10-22 21:45:47","2025-10-24 07:45:47",NULL,NULL,False,NULL
3913,697,NULL,"integration","medium","open","Feature request: dark mode","2023-08-15 15:02:23",NULL,NULL,NULL,False,"performance , migration , enterprise , ux"
3914,262,3668,"integration","low","closed","Permission settings not saving","2025-09-17 16:38:06","2025-09-18 04:38:06","2025-09-22 03:38:06",5,False,"documentation, onboarding, training, gdpr"
3915,547,6970,"api","medium","waiting_on_customer","Permission settings not saving","2025-01-03 15:23:22","2025-01-04 12:23:22",NULL,NULL,False,"training;technical;migration"
3916,324,4186,"data_export","low","open","Webhook delivery failures","2025-05-03 13:50:52",NULL,NULL,NULL,False,"security, urgent, enterprise"
3917,289,3933,"performance","low","in_progress","Cannot downgrade plan","2025-08-12 20:35:09","2025-08-13 14:35:09",NULL,NULL,False,"performance, mobile, api"
3918,397,5062,"api","medium","resolved","Data import from CSV failing","2025-10-30 23:32:26","2025-11-02 12:32:26","2025-11-05 14:32:26",5,False,"billing,training"
3919,318,4148,"onboarding","high","waiting_on_customer","Custom workflow automation broken","2023-10-05 14:31:04","2023-10-06 00:31:04",NULL,NULL,False,"urgent,gdpr"
3920,745,NULL,"api","low","in_progress","Integration with Slack not working","2025-05-27 11:51:07","2025-05-28 09:51:07",NULL,NULL,False,"integration, sso, gdpr, integration"
3921,807,NULL,"technical","low","resolved","Audit log access denied","2024-01-09 16:53:43","2024-01-10 14:53:43","2024-01-14 13:53:43",NULL,False,NULL
3922,1102,NULL,"billing","medium","open","Gantt chart not rendering correctly","2025-02-24 10:55:48",NULL,NULL,NULL,False,"bug , documentation , training , export"
3923,337,4297,"account","medium","open","Time tracking sync issues","2024-04-01 11:33:05",NULL,NULL,NULL,False,NULL
3924,386,4896,"billing","medium","waiting_on_customer","Mobile app crashes on Android","2025-01-25 22:10:56","2025-01-26 08:10:56",NULL,NULL,False,"export,documentation,billing,migration"
3925,513,6550,"integration","critical","resolved","Cannot login to dashboard","2025-04-28 11:53:30","2025-04-28 13:17:30","2025-05-05 10:17:30",NULL,False,"security, urgent"
3926,864,NULL,"integration","low","resolved","SSO configuration help needed","2025-09-09 23:44:46","2025-09-10 04:44:46","2025-09-10 14:44:46",5,False,"export;documentation;ux"
3927,1104,NULL,"onboarding","low","in_progress","Account merge request","2024-04-04 21:18:26","2024-04-05 22:18:26",NULL,NULL,False,"documentation,mobile"
3928,926,NULL,"onboarding","medium","closed","Account merge request","2025-10-25 01:01:38","2025-10-26 17:01:38","2025-10-29 00:01:38",3,False,"training,migration,sso"
3929,366,4696,"technical","high","in_progress","Export failing for large datasets","2025-09-14 01:05:18","2025-09-14 04:05:18",NULL,NULL,False,"gdpr , enterprise , feature"
3930,719,NULL,"api","medium","resolved","Audit log access denied","2024-03-25 04:02:28","2024-03-26 12:02:28","2024-03-29 01:02:28",NULL,False,"migration"
3931,190,2720,"performance","medium","waiting_on_customer","Need help with API authentication","2025-09-20 00:19:46","2025-09-22 22:19:46",NULL,NULL,False,"ux"
3932,502,6393,"security","low","in_progress","Webhook delivery failures","2025-07-10 16:21:26","2025-07-11 14:21:26",NULL,NULL,False,"documentation;urgent;ux"
3933,539,6857,"performance","high","resolved","Mobile app crashes on Android","2025-10-10 03:24:28","2025-10-10 10:24:28","2025-10-13 07:24:28",NULL,False,"documentation , technical , documentation"
3934,155,2257,"security","medium","resolved","Time tracking sync issues","2025-09-27 01:32:46","2025-09-28 19:32:46","2025-10-03 23:32:46",5,False,"performance , ux , urgent , documentation"
3935,874,NULL,"api","high","open","Mobile app crashes on Android","2024-01-31 08:16:02",NULL,NULL,NULL,True,NULL
3936,942,NULL,"api","high","waiting_on_customer","Webhook delivery failures","2025-07-15 10:37:09","2025-07-15 14:37:09",NULL,NULL,False,"billing, migration, feature"
3937,1050,NULL,"technical","low","resolved","Need to add more team members","2025-10-05 04:15:26","2025-10-07 23:15:26","2025-10-12 06:15:26",4,False,"export, gdpr, api, integration"
3938,802,NULL,"security","low","in_progress","Duplicate notifications being sent","2024-11-29 16:16:28","2024-11-30 23:16:28",NULL,NULL,False,"security;security"
3939,214,3110,"account","medium","closed","Cannot login to dashboard","2023-11-30 02:24:18","2023-11-30 23:24:18","2023-12-02 08:24:18",NULL,False,"sso, enterprise, api"
3940,868,NULL,"security","medium","closed","GDPR data export request","2025-09-13 12:51:25","2025-09-15 21:51:25","2025-09-22 12:51:25",3,False,"billing , security"
3941,506,6428,"billing","medium","closed","API rate limiting issues","2025-05-14 04:45:54","2025-05-16 03:45:54","2025-05-16 04:45:54",NULL,False,NULL
3942,862,NULL,"performance","medium","resolved","Account merge request","2025-05-03 20:53:04","2025-05-06 14:53:04","2025-05-11 16:53:04",5,False,NULL
3943,595,7694,"integration","medium","in_progress","API rate limiting issues","2025-03-07 14:58:17","2025-03-08 19:58:17",NULL,NULL,False,"mobile;export;technical;sso"
3944,695,NULL,"security","high","in_progress","Permission settings not saving","2025-07-28 11:10:52","2025-07-28 15:10:52",NULL,NULL,True,NULL
3945,867,NULL,"integration","high","closed","Report generation timeout","2025-05-24 17:53:51","2025-05-25 00:53:51","2025-05-27 12:53:51",NULL,False,NULL
3946,898,NULL,"api","high","in_progress","Time tracking sync issues","2024-11-21 03:21:32","2024-11-21 08:21:32",NULL,NULL,False,"bug, training"
3947,423,5368,"feature_request","medium","resolved","Audit log access denied","2024-03-22 09:57:03","2024-03-24 02:57:03","2024-03-27 14:57:03",4,False,"onboarding, sso, gdpr, bug"
3948,336,4281,"api","high","resolved","Permission settings not saving","2024-09-18 02:44:39","2024-09-18 07:44:39","2024-09-21 13:44:39",3,False,"billing"
3949,484,6152,"feature_request","high","resolved","Report generation timeout","2024-02-11 02:38:17","2024-02-11 03:38:17","2024-02-15 20:38:17",NULL,False,"bug"
3950,448,5729,"account","low","resolved","API rate limiting issues","2024-09-10 06:06:34","2024-09-13 04:06:34","2024-09-19 07:06:34",NULL,False,"ux"
3951,375,4778,"onboarding","critical","resolved","Report generation timeout","2024-04-10 20:52:34","2024-04-10 21:41:34","2024-04-17 17:41:34",3,True,"bug"
3952,858,NULL,"technical","low","resolved","Billing discrepancy on latest invoice","2024-02-27 12:11:04","2024-02-28 19:11:04","2024-03-04 10:11:04",5,False,"urgent , enterprise"
3953,928,NULL,"data_export","high","resolved","Need to add more team members","2024-07-10 09:32:25","2024-07-10 21:32:25","2024-07-17 10:32:25",3,True,"enterprise"
3954,1012,NULL,"integration","low","in_progress","Account merge request","2024-09-29 20:02:57","2024-10-01 23:02:57",NULL,NULL,False,"documentation,urgent,billing,technical"
3955,69,1079,"billing","low","open","Feature request: dark mode","2025-09-10 06:17:08",NULL,NULL,NULL,False,"enterprise"
3956,211,3037,"feature_request","low","in_progress","GDPR data export request","2024-11-03 13:23:40","2024-11-06 02:23:40",NULL,NULL,False,"bug;feature;training"
3957,1162,NULL,"performance","medium","resolved","Slow loading on project boards","2023-11-07 03:13:39","2023-11-09 09:13:39","2023-11-13 17:13:39",3,False,NULL
3958,1108,NULL,"api","medium","in_progress","Cannot login to dashboard","2023-12-24 01:57:12","2023-12-26 14:57:12",NULL,NULL,False,"technical;onboarding;export"
3959,512,6541,"api","medium","resolved","Slow loading on project boards","2023-08-02 15:01:51","2023-08-03 14:01:51","2023-08-08 22:01:51",NULL,False,"ux;api;integration;ux"
3960,356,4567,"integration","high","in_progress","Need to add more team members","2025-09-17 17:44:48","2025-09-18 01:44:48",NULL,NULL,False,"security;bug;urgent"
3961,462,5992,"feature_request","medium","in_progress","Report generation timeout","2025-08-20 03:49:51","2025-08-21 18:49:51",NULL,NULL,False,"training , ux , enterprise , bug , training"
3962,1141,NULL,"integration","medium","resolved","Need help with API authentication","2025-05-11 21:31:59","2025-05-13 20:31:59","2025-05-20 13:31:59",5,False,"feature, export, onboarding, enterprise"
3963,561,7171,"security","medium","closed","Webhook delivery failures","2024-09-12 04:07:24","2024-09-13 16:07:24","2024-09-15 22:07:24",NULL,False,"integration , sso , performance , bug"
3964,557,7154,"integration","low","closed","Cannot downgrade plan","2025-08-21 02:39:09","2025-08-23 19:39:09","2025-08-24 11:39:09",3,False,"feature,export,ux,technical,feature"
3965,426,5407,"performance","medium","resolved","Need help with API authentication","2025-05-30 02:54:27","2025-05-30 10:54:27","2025-06-03 09:54:27",4,False,NULL
3966,299,3994,"technical","medium","resolved","Data import from CSV failing","2025-08-27 17:32:11","2025-08-28 23:32:11","2025-09-02 13:32:11",1,False,"enterprise,mobile"
3967,568,7258,"api","low","in_progress","Need help with API authentication","2024-04-28 22:32:48","2024-04-29 11:32:48",NULL,NULL,False,"gdpr"
3968,368,4707,"technical","medium","open","Account merge request","2025-08-19 17:02:06",NULL,NULL,NULL,False,"api"
3969,877,NULL,"integration","low","closed","Audit log access denied","2024-10-17 19:40:37","2024-10-18 03:40:37","2024-10-23 14:40:37",4,False,"onboarding,security,bug,sso"
3970,1110,NULL,"integration","medium","closed","Cannot login to dashboard","2025-08-04 09:35:32","2025-08-04 17:35:32","2025-08-10 12:35:32",NULL,False,"performance;enterprise;export;urgent"
3971,1075,NULL,"billing","medium","waiting_on_customer","Integration with Slack not working","2025-09-23 06:24:59","2025-09-24 17:24:59",NULL,NULL,False,NULL
3972,1004,NULL,"integration","medium","closed","White label logo not displaying","2025-01-25 03:22:06","2025-01-25 11:22:06","2025-01-29 13:22:06",2,False,NULL
3973,619,7867,"technical","critical","resolved","Account merge request","2025-04-11 02:49:40","2025-04-11 03:27:40","2025-04-13 00:27:40",5,False,NULL
3974,1139,NULL,"api","critical","waiting_on_customer","SSO configuration help needed","2025-09-01 20:47:39","2025-09-01 20:57:39",NULL,NULL,False,"integration,billing,documentation"
3975,1155,NULL,"security","low","closed","Account merge request","2025-10-22 10:35:43","2025-10-24 21:35:43","2025-10-29 17:35:43",3,False,NULL
3976,150,2155,"account","low","in_progress","GDPR data export request","2025-06-14 13:18:26","2025-06-16 06:18:26",NULL,NULL,False,"training"
3977,1059,NULL,"technical","critical","open","Report generation timeout","2025-07-19 21:24:41",NULL,NULL,NULL,False,"billing"
3978,684,NULL,"data_export","medium","waiting_on_customer","Webhook delivery failures","2025-05-31 20:17:28","2025-06-02 08:17:28",NULL,NULL,False,"billing, bug"
3979,867,NULL,"billing","low","waiting_on_customer","Mobile app crashes on Android","2025-03-19 19:56:58","2025-03-21 23:56:58",NULL,NULL,False,NULL
3980,831,NULL,"performance","low","in_progress","Feature request: dark mode","2025-10-16 08:20:03","2025-10-17 01:20:03",NULL,NULL,False,"gdpr;documentation"
3981,134,1991,"integration","low","resolved","Webhook delivery failures","2025-02-18 11:15:36","2025-02-20 11:15:36","2025-02-24 15:15:36",NULL,False,NULL
3982,217,3124,"performance","low","in_progress","Mobile app crashes on Android","2025-03-28 13:24:38","2025-03-30 20:24:38",NULL,NULL,False,"onboarding , gdpr , performance , training"
3983,420,5334,"technical","high","closed","Time tracking sync issues","2025-01-25 23:32:08","2025-01-26 01:32:08","2025-01-29 00:32:08",2,False,NULL
3984,865,NULL,"performance","high","closed","White label logo not displaying","2025-03-30 12:59:25","2025-03-30 19:59:25","2025-04-03 21:59:25",5,False,"export,api"
3985,984,NULL,"security","critical","waiting_on_customer","Data import from CSV failing","2024-11-30 23:47:02","2024-11-30 23:57:02",NULL,NULL,False,"mobile , sso , documentation , training"
3986,796,NULL,"security","critical","in_progress","Duplicate notifications being sent","2024-07-18 19:54:48","2024-07-18 21:05:48",NULL,NULL,False,"feature,sso,mobile,feature"
3987,863,NULL,"api","medium","in_progress","Audit log access denied","2024-12-21 12:12:29","2024-12-24 07:12:29",NULL,NULL,False,"performance , security , export , documentation"
3988,223,3167,"performance","low","open","Gantt chart not rendering correctly","2025-01-10 23:33:21",NULL,NULL,NULL,False,"integration,bug,integration"
3989,601,7730,"data_export","low","open","Time tracking sync issues","2025-07-30 16:33:39",NULL,NULL,NULL,False,"billing;migration;security"
3990,994,NULL,"account","low","closed","Report generation timeout","2025-10-05 19:22:26","2025-10-06 07:22:26","2025-10-10 12:22:26",NULL,False,"urgent , documentation , ux"
3991,1016,NULL,"performance","low","in_progress","White label logo not displaying","2025-10-08 22:11:36","2025-10-11 15:11:36",NULL,NULL,False,"feature;bug"
3992,774,NULL,"security","high","in_progress","API rate limiting issues","2025-05-12 23:54:28","2025-05-13 03:54:28",NULL,NULL,False,"mobile"
3993,456,5855,"security","medium","waiting_on_customer","Need to add more team members","2025-08-09 01:54:36","2025-08-10 05:54:36",NULL,NULL,False,"ux"
3994,624,7955,"technical","medium","resolved","Permission settings not saving","2025-08-23 13:04:10","2025-08-23 21:04:10","2025-08-26 20:04:10",3,False,"enterprise, training, api"
3995,888,NULL,"technical","critical","open","Webhook delivery failures","2025-08-27 15:05:01",NULL,NULL,NULL,False,"onboarding, documentation, sso, integration"
3996,825,NULL,"technical","medium","open","Slow loading on project boards","2025-09-16 01:01:41",NULL,NULL,NULL,False,"integration , bug , integration"
3997,1012,NULL,"security","low","closed","Audit log access denied","2024-03-09 03:13:17","2024-03-09 09:13:17","2024-03-13 14:13:17",NULL,False,"migration , documentation , performance , gdpr"
3998,761,NULL,"performance","medium","closed","Audit log access denied","2025-06-21 22:35:08","2025-06-22 18:35:08","2025-06-23 02:35:08",3,False,"sso"
3999,230,3260,"data_export","medium","in_progress","GDPR data export request","2023-09-20 12:29:47","2023-09-22 22:29:47",NULL,NULL,False,"training"
4000,1036,NULL,"integration","low","closed","Slow loading on project boards","2024-12-24 18:43:22","2024-12-25 07:43:22","2024-12-25 09:43:22",3,False,"technical , billing , integration , gdpr"
4001,879,NULL,"integration","low","resolved","Need to add more team members","2025-09-29 12:47:25","2025-10-01 06:47:25","2025-10-07 23:47:25",3,False,"technical"
4002,637,8185,"performance","low","closed","API rate limiting issues","2025-02-11 11:50:59","2025-02-13 22:50:59","2025-02-20 18:50:59",3,False,"feature"
4003,250,3500,"data_export","low","open","Export failing for large datasets","2025-09-09 01:13:45",NULL,NULL,NULL,False,"onboarding , mobile , integration , documentation , onboarding"
4004,151,2170,"security","medium","in_progress","Mobile app crashes on Android","2024-12-16 14:04:19","2024-12-17 23:04:19",NULL,NULL,False,"feature,documentation,mobile,export"
4005,549,6980,"api","low","closed","Cannot login to dashboard","2025-08-16 16:47:19","2025-08-17 02:47:19","2025-08-23 21:47:19",5,False,"training"
4006,1154,NULL,"account","low","in_progress","Billing discrepancy on latest invoice","2025-08-08 16:11:19","2025-08-11 09:11:19",NULL,NULL,False,"mobile,urgent,training"
4007,596,7703,"integration","medium","in_progress","Custom workflow automation broken","2025-02-24 19:54:39","2025-02-25 23:54:39",NULL,NULL,False,NULL
4008,73,1113,"technical","low","closed","Data import from CSV failing","2025-01-17 15:43:16","2025-01-19 19:43:16","2025-01-20 04:43:16",4,False,"export"
4009,517,6586,"security","medium","in_progress","Report generation timeout","2025-06-08 02:38:22","2025-06-08 17:38:22",NULL,NULL,False,"ux;training;bug"
4010,232,3290,"technical","medium","closed","Webhook delivery failures","2025-03-08 15:48:34","2025-03-10 22:48:34","2025-03-14 09:48:34",NULL,False,"ux"
4011,1176,NULL,"account","medium","open","Billing discrepancy on latest invoice","2025-09-27 15:34:16",NULL,NULL,NULL,False,"training"
4012,746,NULL,"api","low","open","Cannot downgrade plan","2025-01-14 05:14:52",NULL,NULL,NULL,False,NULL
4013,977,NULL,"api","medium","closed","Need help with API authentication","2025-10-20 15:18:47","2025-10-22 16:18:47","2025-10-28 20:18:47",4,False,"enterprise;urgent"
4014,950,NULL,"account","high","resolved","Data import from CSV failing","2024-12-15 13:05:53","2024-12-15 19:05:53","2024-12-21 18:05:53",NULL,False,"technical"
4015,217,3125,"integration","high","resolved","Export failing for large datasets","2025-05-25 18:32:24","2025-05-26 06:32:24","2025-05-27 02:32:24",5,False,"api"
4016,498,6288,"data_export","medium","in_progress","Feature request: dark mode","2025-09-03 04:39:45","2025-09-06 04:39:45",NULL,NULL,False,NULL
4017,809,NULL,"onboarding","high","waiting_on_customer","Account merge request","2024-10-03 09:20:55","2024-10-03 10:20:55",NULL,NULL,False,"billing"
4018,608,7798,"feature_request","low","resolved","GDPR data export request","2024-11-27 01:58:56","2024-11-28 06:58:56","2024-12-04 14:58:56",4,False,NULL
4019,759,NULL,"api","low","closed","Time tracking sync issues","2024-07-28 06:50:43","2024-07-29 13:50:43","2024-08-02 13:50:43",NULL,False,NULL
4020,616,7842,"data_export","low","in_progress","Need help with API authentication","2024-11-22 21:14:13","2024-11-23 18:14:13",NULL,NULL,False,"api, export, feature"
4021,920,NULL,"account","critical","closed","Export failing for large datasets","2025-06-01 00:01:12","2025-06-01 01:52:12","2025-06-01 05:52:12",4,True,NULL
4022,1150,NULL,"integration","high","closed","GDPR data export request","2025-05-05 04:40:56","2025-05-05 06:40:56","2025-05-07 03:40:56",5,False,"feature , enterprise , feature"
4023,863,NULL,"feature_request","low","waiting_on_customer","SSO configuration help needed","2025-09-02 09:09:37","2025-09-05 04:09:37",NULL,NULL,False,"ux"
4024,368,4710,"performance","medium","resolved","Need to add more team members","2025-03-20 20:24:36","2025-03-21 13:24:36","2025-03-25 10:24:36",NULL,False,"sso,security,integration"
4025,236,3317,"security","medium","waiting_on_customer","Account merge request","2024-09-28 21:19:03","2024-10-01 19:19:03",NULL,NULL,False,"api"
4026,787,NULL,"api","low","open","Audit log access denied","2024-01-26 11:36:53",NULL,NULL,NULL,False,"documentation, urgent, integration, sso"
4027,630,8115,"integration","high","waiting_on_customer","Need help with API authentication","2024-09-16 17:02:17","2024-09-16 22:02:17",NULL,NULL,False,"enterprise"
4028,1026,NULL,"technical","medium","resolved","Time tracking sync issues","2024-05-25 10:55:33","2024-05-26 00:55:33","2024-05-26 06:55:33",NULL,False,"security,api,sso"
4029,773,NULL,"onboarding","critical","closed","GDPR data export request","2024-03-08 23:57:56","2024-03-09 00:26:56","2024-03-14 19:26:56",NULL,False,NULL
4030,715,NULL,"integration","high","closed","Account merge request","2025-10-25 22:15:58","2025-10-26 07:15:58","2025-10-26 23:15:58",NULL,False,"gdpr"
4031,236,3317,"performance","medium","in_progress","Need to add more team members","2025-05-04 07:25:50","2025-05-04 11:25:50",NULL,NULL,False,"billing , ux , mobile"
4032,575,7426,"integration","critical","open","Data import from CSV failing","2025-05-11 07:31:30",NULL,NULL,NULL,True,"onboarding,mobile"
4033,354,4512,"performance","medium","waiting_on_customer","Slow loading on project boards","2024-12-30 13:21:18","2025-01-01 08:21:18",NULL,NULL,False,"training,security"
4034,477,6091,"billing","low","waiting_on_customer","Gantt chart not rendering correctly","2025-09-29 04:27:30","2025-09-29 23:27:30",NULL,NULL,False,NULL
4035,135,1996,"account","low","waiting_on_customer","Export failing for large datasets","2024-12-20 14:13:45","2024-12-21 10:13:45",NULL,NULL,False,"documentation;onboarding;migration"
4036,647,8378,"api","high","open","SSO configuration help needed","2025-04-25 21:34:05",NULL,NULL,NULL,True,NULL
4037,564,7217,"technical","high","waiting_on_customer","Billing discrepancy on latest invoice","2024-08-02 14:48:20","2024-08-02 17:48:20",NULL,NULL,True,"enterprise;gdpr;urgent"
4038,1078,NULL,"api","medium","resolved","Account merge request","2024-01-09 09:56:44","2024-01-11 22:56:44","2024-01-17 14:56:44",NULL,False,"technical;migration;training"
4039,588,7591,"performance","high","closed","Gantt chart not rendering correctly","2023-12-25 13:10:18","2023-12-26 01:10:18","2023-12-27 19:10:18",NULL,False,"api,enterprise,mobile,sso"
4040,676,NULL,"account","high","resolved","Need help with API authentication","2023-11-30 02:32:37","2023-11-30 06:32:37","2023-12-06 19:32:37",NULL,False,"ux, technical"
4041,858,NULL,"feature_request","medium","in_progress","Slow loading on project boards","2024-09-21 05:23:24","2024-09-23 02:23:24",NULL,NULL,False,"billing;ux"
4042,806,NULL,"api","high","waiting_on_customer","Permission settings not saving","2025-01-20 07:02:42","2025-01-20 10:02:42",NULL,NULL,False,"enterprise , gdpr , api , onboarding"
4043,410,5191,"security","high","waiting_on_customer","Custom workflow automation broken","2025-03-31 13:23:49","2025-04-01 00:23:49",NULL,NULL,False,"urgent;security"
4044,908,NULL,"feature_request","medium","in_progress","Need help with API authentication","2025-06-23 16:06:14","2025-06-24 12:06:14",NULL,NULL,False,NULL
4045,635,8139,"performance","medium","in_progress","Cannot downgrade plan","2024-06-07 15:28:43","2024-06-09 17:28:43",NULL,NULL,False,NULL
4046,233,3306,"data_export","medium","resolved","API rate limiting issues","2024-03-31 11:39:32","2024-04-03 05:39:32","2024-04-04 08:39:32",NULL,False,NULL
4047,376,4784,"api","high","in_progress","SSO configuration help needed","2024-12-26 02:49:06","2024-12-26 07:49:06",NULL,NULL,False,"enterprise;api;integration;urgent;enterprise"
4048,80,1232,"billing","high","open","Report generation timeout","2025-04-16 14:31:43",NULL,NULL,NULL,False,"integration;performance;technical"
4049,76,1154,"data_export","low","waiting_on_customer","Cannot login to dashboard","2023-04-21 12:07:34","2023-04-23 16:07:34",NULL,NULL,False,"urgent, migration"
4050,566,7223,"feature_request","medium","resolved","Integration with Slack not working","2023-05-16 17:50:26","2023-05-18 14:50:26","2023-05-23 01:50:26",5,False,"api , documentation , mobile , feature"
4051,63,1045,"billing","critical","in_progress","GDPR data export request","2025-04-07 19:37:26","2025-04-07 19:52:26",NULL,NULL,False,NULL
4052,570,7321,"account","high","resolved","Billing discrepancy on latest invoice","2025-09-29 22:03:01","2025-09-30 09:03:01","2025-10-07 03:03:01",NULL,False,"urgent;training"
4053,34,655,"feature_request","medium","in_progress","Mobile app crashes on Android","2025-07-09 08:27:37","2025-07-10 00:27:37",NULL,NULL,False,NULL
4054,1119,NULL,"account","low","waiting_on_customer","Feature request: dark mode","2025-06-05 13:00:03","2025-06-06 11:00:03",NULL,NULL,False,NULL
4055,363,4653,"onboarding","high","waiting_on_customer","Export failing for large datasets","2024-11-15 08:08:58","2024-11-15 14:08:58",NULL,NULL,False,"urgent, migration, integration"
4056,892,NULL,"billing","medium","open","Audit log access denied","2025-06-30 01:17:11",NULL,NULL,NULL,False,NULL
4057,3,25,"integration","high","closed","Account merge request","2023-11-15 15:24:06","2023-11-16 01:24:06","2023-11-19 18:24:06",4,True,NULL
4058,1015,NULL,"security","critical","resolved","Cannot downgrade plan","2024-02-02 06:27:19","2024-02-02 07:01:19","2024-02-04 09:01:19",3,False,NULL
4059,537,6811,"security","low","waiting_on_customer","Integration with Slack not working","2024-12-13 05:14:23","2024-12-15 20:14:23",NULL,NULL,False,"billing , technical , security"
4060,411,5199,"integration","high","waiting_on_customer","API rate limiting issues","2024-12-11 20:06:49","2024-12-12 08:06:49",NULL,NULL,False,"gdpr, feature"
4061,823,NULL,"technical","medium","in_progress","Slow loading on project boards","2025-09-02 11:25:15","2025-09-04 01:25:15",NULL,NULL,False,"gdpr , export"
4062,271,3756,"onboarding","medium","waiting_on_customer","Need to add more team members","2025-07-28 07:42:42","2025-07-30 22:42:42",NULL,NULL,False,"ux"
4063,538,6841,"data_export","low","in_progress","Billing discrepancy on latest invoice","2023-07-31 06:08:24","2023-08-02 17:08:24",NULL,NULL,False,NULL
4064,754,NULL,"account","low","closed","Export failing for large datasets","2024-05-03 04:56:40","2024-05-03 07:56:40","2024-05-06 11:56:40",1,False,"gdpr , enterprise , performance , api"
4065,968,NULL,"api","medium","waiting_on_customer","Permission settings not saving","2024-07-31 15:12:01","2024-07-31 17:12:01",NULL,NULL,False,"training , gdpr , documentation"
4066,968,NULL,"data_export","high","in_progress","Custom workflow automation broken","2025-09-15 06:48:59","2025-09-15 08:48:59",NULL,NULL,False,NULL
4067,1167,NULL,"integration","high","in_progress","Integration with Slack not working","2025-09-28 09:44:11","2025-09-28 18:44:11",NULL,NULL,False,"enterprise;billing;export"
4068,123,1783,"integration","high","in_progress","White label logo not displaying","2025-08-29 17:04:51","2025-08-30 00:04:51",NULL,NULL,False,"migration,api,billing"
4069,1096,NULL,"billing","medium","resolved","Gantt chart not rendering correctly","2024-11-16 23:09:41","2024-11-19 20:09:41","2024-11-25 02:09:41",3,False,"sso"
4070,858,NULL,"account","medium","closed","Need help with API authentication","2025-02-18 12:58:24","2025-02-21 01:58:24","2025-02-26 01:58:24",NULL,False,"urgent;onboarding;enterprise"
4071,1192,NULL,"performance","medium","resolved","Feature request: dark mode","2025-02-11 01:02:37","2025-02-11 11:02:37","2025-02-15 16:02:37",5,False,"training, gdpr, api"
4072,966,NULL,"billing","low","in_progress","Custom workflow automation broken","2024-08-01 09:35:07","2024-08-02 21:35:07",NULL,NULL,False,"technical, sso, bug"
4073,3,23,"feature_request","low","open","Permission settings not saving","2025-10-15 12:27:07",NULL,NULL,NULL,False,"api,enterprise"
4074,1051,NULL,"feature_request","medium","in_progress","Cannot login to dashboard","2025-08-05 19:38:19","2025-08-08 08:38:19",NULL,NULL,False,"api,urgent"
4075,918,NULL,"billing","medium","resolved","SSO configuration help needed","2025-04-05 15:41:57","2025-04-06 02:41:57","2025-04-08 22:41:57",NULL,False,"enterprise, gdpr, ux, api"
4076,1042,NULL,"feature_request","low","open","Gantt chart not rendering correctly","2025-07-14 09:54:59",NULL,NULL,NULL,False,NULL
4077,443,5659,"data_export","medium","open","Slow loading on project boards","2024-12-03 03:06:12",NULL,NULL,NULL,False,"bug"
4078,203,2887,"onboarding","low","closed","Custom workflow automation broken","2025-08-03 05:05:48","2025-08-05 05:05:48","2025-08-09 14:05:48",2,False,"bug,onboarding"
4079,1192,NULL,"account","high","in_progress","Cannot login to dashboard","2023-10-03 23:42:43","2023-10-04 05:42:43",NULL,NULL,False,"performance;enterprise;mobile;onboarding;performance"
4080,127,1849,"billing","critical","closed","Duplicate notifications being sent","2024-10-18 12:54:19","2024-10-18 13:05:19","2024-10-24 03:05:19",NULL,False,"feature , api , performance"
4081,324,4188,"feature_request","medium","resolved","Account merge request","2025-10-06 08:57:58","2025-10-09 06:57:58","2025-10-12 17:57:58",NULL,False,"technical, migration, api"
4082,525,6696,"performance","medium","closed","Cannot downgrade plan","2025-03-28 23:21:07","2025-03-31 11:21:07","2025-04-06 16:21:07",4,False,"migration, export, training"
4083,560,7168,"integration","high","resolved","Custom workflow automation broken","2025-10-01 19:39:31","2025-10-02 05:39:31","2025-10-02 14:39:31",2,False,NULL
4084,38,676,"api","high","in_progress","Cannot downgrade plan","2025-07-11 18:31:05","2025-07-11 19:31:05",NULL,NULL,False,"performance"
4085,19,399,"technical","high","in_progress","Need help with API authentication","2025-09-22 11:57:29","2025-09-22 17:57:29",NULL,NULL,True,"billing , integration , documentation"
4086,268,3721,"onboarding","medium","closed","White label logo not displaying","2025-06-18 02:47:22","2025-06-19 08:47:22","2025-06-26 02:47:22",3,False,NULL
4087,50,808,"data_export","medium","waiting_on_customer","Need help with API authentication","2025-01-10 18:32:58","2025-01-11 06:32:58",NULL,NULL,False,"migration, billing, ux"
4088,751,NULL,"security","medium","open","Webhook delivery failures","2023-09-11 08:52:53",NULL,NULL,NULL,False,"sso , documentation , performance , feature"
4089,309,4102,"data_export","low","waiting_on_customer","Need help with API authentication","2025-03-21 14:43:18","2025-03-22 08:43:18",NULL,NULL,False,NULL
4090,832,NULL,"security","high","closed","Cannot login to dashboard","2025-02-06 02:47:03","2025-02-06 05:47:03","2025-02-13 02:47:03",2,False,"gdpr"
4091,933,NULL,"data_export","medium","resolved","White label logo not displaying","2025-10-18 19:26:04","2025-10-20 23:26:04","2025-10-23 13:26:04",4,False,"bug"
4092,98,1455,"integration","medium","closed","Slow loading on project boards","2025-10-30 17:22:20","2025-10-31 08:22:20","2025-10-31 10:22:20",NULL,False,"feature , mobile , integration"
4093,141,2093,"api","low","open","Audit log access denied","2025-07-29 11:03:55",NULL,NULL,NULL,False,"feature"
4094,583,7533,"performance","low","resolved","Feature request: dark mode","2025-08-30 08:20:50","2025-08-30 10:20:50","2025-09-05 05:20:50",4,False,"enterprise;bug"
4095,985,NULL,"data_export","medium","open","Mobile app crashes on Android","2025-04-22 11:47:17",NULL,NULL,NULL,False,"security , performance"
4096,289,3931,"security","low","open","Billing discrepancy on latest invoice","2024-01-31 02:16:22",NULL,NULL,NULL,False,"export, ux, training"
4097,976,NULL,"integration","low","closed","GDPR data export request","2025-04-02 04:31:27","2025-04-03 00:31:27","2025-04-06 14:31:27",NULL,False,"training"
4098,438,5595,"data_export","low","closed","Data import from CSV failing","2024-02-21 16:01:50","2024-02-22 08:01:50","2024-02-26 20:01:50",2,False,NULL
5096,900,NULL,"performance","medium","open","Duplicate notifications being sent","2025-07-22 13:12:34",NULL,NULL,NULL,False,"sso"
4099,362,4648,"performance","medium","closed","Need to add more team members","2025-09-07 14:28:39","2025-09-09 09:28:39","2025-09-14 05:28:39",4,False,"billing;enterprise;api"
4100,817,NULL,"performance","critical","resolved","GDPR data export request","2024-02-26 09:19:53","2024-02-26 10:36:53","2024-02-26 22:36:53",3,True,"security, export, documentation"
4101,242,3417,"onboarding","medium","waiting_on_customer","Need to add more team members","2025-03-10 12:48:13","2025-03-11 08:48:13",NULL,NULL,False,NULL
4102,1127,NULL,"security","low","closed","Need to add more team members","2025-06-09 15:59:01","2025-06-10 17:59:01","2025-06-11 05:59:01",1,False,NULL
4103,354,4514,"technical","high","waiting_on_customer","Cannot downgrade plan","2025-07-29 15:09:58","2025-07-29 23:09:58",NULL,NULL,False,"training, performance"
4104,284,3845,"onboarding","low","in_progress","Gantt chart not rendering correctly","2025-08-10 02:20:04","2025-08-11 04:20:04",NULL,NULL,False,"migration, urgent, sso"
4105,430,5479,"feature_request","low","open","API rate limiting issues","2025-02-23 07:45:36",NULL,NULL,NULL,False,"feature;enterprise;urgent"
4106,126,1841,"data_export","critical","in_progress","Report generation timeout","2025-05-02 21:26:31","2025-05-02 22:02:31",NULL,NULL,False,NULL
4107,163,2357,"technical","medium","waiting_on_customer","Data import from CSV failing","2024-02-03 16:57:30","2024-02-03 22:57:30",NULL,NULL,False,"bug,mobile,security"
4108,543,6908,"api","medium","waiting_on_customer","Gantt chart not rendering correctly","2025-06-26 15:29:38","2025-06-28 14:29:38",NULL,NULL,False,"export, sso, bug, migration"
4109,76,1154,"technical","medium","in_progress","Audit log access denied","2024-08-12 02:32:10","2024-08-12 12:32:10",NULL,NULL,False,"gdpr;urgent"
4110,219,3153,"onboarding","low","closed","Audit log access denied","2024-10-21 21:53:19","2024-10-24 13:53:19","2024-10-29 00:53:19",4,False,NULL
4111,474,6072,"feature_request","critical","closed","White label logo not displaying","2024-07-10 12:00:15","2024-07-10 12:33:15","2024-07-12 19:33:15",NULL,False,"bug;feature;documentation;bug"
4112,324,4185,"account","medium","waiting_on_customer","Permission settings not saving","2025-05-10 11:22:01","2025-05-12 05:22:01",NULL,NULL,False,"sso"
4113,471,6054,"onboarding","critical","waiting_on_customer","API rate limiting issues","2024-04-09 14:26:39","2024-04-09 16:03:39",NULL,NULL,False,"bug;onboarding;api"
4114,109,1564,"api","critical","waiting_on_customer","Gantt chart not rendering correctly","2024-10-11 18:08:05","2024-10-11 19:28:05",NULL,NULL,False,"performance;documentation;gdpr"
4115,929,NULL,"account","high","resolved","Need to add more team members","2024-05-02 14:24:04","2024-05-03 00:24:04","2024-05-08 17:24:04",NULL,False,"integration;mobile;training"
4116,1066,NULL,"security","low","waiting_on_customer","Billing discrepancy on latest invoice","2025-06-19 11:54:16","2025-06-22 11:54:16",NULL,NULL,False,"gdpr,export,migration"
4117,335,4266,"account","medium","open","Need help with API authentication","2024-12-21 12:17:40",NULL,NULL,NULL,False,"ux"
4118,276,3804,"api","medium","waiting_on_customer","SSO configuration help needed","2025-09-06 20:07:35","2025-09-08 10:07:35",NULL,NULL,False,"urgent, api, documentation, security"
4119,59,975,"performance","medium","waiting_on_customer","Webhook delivery failures","2023-02-27 05:11:23","2023-03-01 08:11:23",NULL,NULL,False,"api , feature"
4120,1081,NULL,"account","medium","resolved","Need help with API authentication","2023-08-02 11:30:37","2023-08-05 02:30:37","2023-08-10 05:30:37",4,False,NULL
4121,789,NULL,"account","high","resolved","Need to add more team members","2025-09-13 23:40:11","2025-09-14 01:40:11","2025-09-15 06:40:11",4,False,NULL
4122,209,3016,"onboarding","low","in_progress","Mobile app crashes on Android","2025-02-26 16:16:34","2025-02-28 00:16:34",NULL,NULL,False,"export , api , documentation , technical"
4123,855,NULL,"performance","medium","waiting_on_customer","Cannot login to dashboard","2024-03-07 00:00:46","2024-03-09 15:00:46",NULL,NULL,False,"security;feature;export;enterprise"
4124,421,5338,"api","low","closed","White label logo not displaying","2025-08-06 11:31:52","2025-08-07 15:31:52","2025-08-13 22:31:52",5,False,"security"
4125,1082,NULL,"technical","low","waiting_on_customer","Need to add more team members","2024-10-15 21:12:34","2024-10-18 12:12:34",NULL,NULL,False,"ux;enterprise;api"
4126,536,6803,"performance","medium","waiting_on_customer","Data import from CSV failing","2025-09-30 18:26:22","2025-10-02 22:26:22",NULL,NULL,False,"enterprise;urgent"
4127,145,2141,"billing","low","resolved","White label logo not displaying","2025-06-24 21:15:13","2025-06-27 04:15:13","2025-06-29 07:15:13",NULL,False,"bug"
4128,1020,NULL,"feature_request","high","open","Duplicate notifications being sent","2025-08-08 22:22:12",NULL,NULL,NULL,True,"technical"
4129,4,52,"technical","medium","in_progress","Integration with Slack not working","2024-09-15 03:57:31","2024-09-17 10:57:31",NULL,NULL,False,"technical;ux;security;technical"
4130,445,5674,"onboarding","medium","in_progress","Export failing for large datasets","2024-09-03 03:08:56","2024-09-03 21:08:56",NULL,NULL,False,NULL
4131,44,755,"performance","medium","open","Webhook delivery failures","2025-10-04 05:28:29",NULL,NULL,NULL,False,"api"
4132,339,4328,"technical","medium","closed","Billing discrepancy on latest invoice","2025-06-21 03:04:58","2025-06-21 13:04:58","2025-06-23 01:04:58",NULL,False,"performance"
4133,822,NULL,"feature_request","medium","closed","Cannot login to dashboard","2025-08-05 06:42:55","2025-08-06 01:42:55","2025-08-08 04:42:55",5,False,"billing,documentation,bug"
4134,965,NULL,"api","high","resolved","Audit log access denied","2025-09-07 20:03:42","2025-09-08 02:03:42","2025-09-10 15:03:42",3,False,"technical,gdpr,export"
4135,885,NULL,"feature_request","medium","resolved","Custom workflow automation broken","2023-12-05 21:24:11","2023-12-06 15:24:11","2023-12-11 02:24:11",4,False,"integration"
4136,887,NULL,"technical","medium","in_progress","Report generation timeout","2025-01-06 02:38:43","2025-01-07 10:38:43",NULL,NULL,False,"technical, urgent, sso, export"
4137,452,5819,"data_export","critical","open","Data import from CSV failing","2023-05-24 07:06:13",NULL,NULL,NULL,False,"urgent"
4138,1190,NULL,"billing","medium","closed","Duplicate notifications being sent","2025-08-26 09:57:00","2025-08-28 13:57:00","2025-08-29 19:57:00",3,False,"onboarding;onboarding"
4139,871,NULL,"feature_request","high","in_progress","Custom workflow automation broken","2025-06-14 20:36:58","2025-06-15 01:36:58",NULL,NULL,True,NULL
4140,266,3704,"api","high","in_progress","Need to add more team members","2025-08-18 10:47:15","2025-08-18 18:47:15",NULL,NULL,True,"training;mobile;security"
4141,732,NULL,"integration","high","in_progress","Need help with API authentication","2025-04-11 03:08:57","2025-04-11 11:08:57",NULL,NULL,False,"api, export"
4142,864,NULL,"feature_request","low","resolved","API rate limiting issues","2024-06-09 21:39:21","2024-06-10 03:39:21","2024-06-12 05:39:21",NULL,False,"migration, sso, urgent, training"
4143,688,NULL,"data_export","low","resolved","Need help with API authentication","2023-08-25 19:30:29","2023-08-28 04:30:29","2023-09-04 01:30:29",NULL,False,NULL
4144,218,3134,"api","high","waiting_on_customer","Need to add more team members","2024-01-13 12:56:53","2024-01-13 13:56:53",NULL,NULL,True,"onboarding"
4145,737,NULL,"technical","high","in_progress","Slow loading on project boards","2025-03-01 00:44:34","2025-03-01 05:44:34",NULL,NULL,False,"feature,bug,technical,training,feature"
4146,753,NULL,"onboarding","high","closed","Custom workflow automation broken","2024-06-28 04:06:36","2024-06-28 07:06:36","2024-06-30 08:06:36",NULL,False,"api, enterprise, documentation, gdpr"
4147,282,3839,"integration","medium","closed","GDPR data export request","2025-07-12 17:35:59","2025-07-15 09:35:59","2025-07-16 08:35:59",5,False,"urgent , mobile , gdpr , sso , urgent"
4148,756,NULL,"onboarding","high","open","Audit log access denied","2024-10-06 12:22:27",NULL,NULL,NULL,True,"documentation , performance"
4149,1024,NULL,"api","low","waiting_on_customer","Export failing for large datasets","2025-08-20 03:34:14","2025-08-22 22:34:14",NULL,NULL,False,"documentation"
4150,625,8020,"technical","medium","resolved","Gantt chart not rendering correctly","2025-09-04 05:08:54","2025-09-06 21:08:54","2025-09-13 21:08:54",NULL,False,NULL
4151,1012,NULL,"onboarding","low","in_progress","Need to add more team members","2024-07-05 16:11:47","2024-07-07 00:11:47",NULL,NULL,False,"technical, ux"
4152,488,6212,"api","medium","open","Custom workflow automation broken","2025-01-11 00:27:10",NULL,NULL,NULL,False,"export"
4153,193,2741,"account","critical","closed","Audit log access denied","2025-04-14 06:37:03","2025-04-14 06:44:03","2025-04-16 07:44:03",1,False,"urgent , training"
4154,206,2910,"onboarding","low","resolved","Need help with API authentication","2025-05-28 17:10:33","2025-05-30 17:10:33","2025-05-31 17:10:33",NULL,False,"enterprise, mobile, migration, training"
4155,194,2754,"onboarding","high","closed","GDPR data export request","2025-08-20 11:21:25","2025-08-20 19:21:25","2025-08-23 22:21:25",NULL,True,"ux"
4156,122,1767,"security","low","open","Mobile app crashes on Android","2023-12-09 04:55:48",NULL,NULL,NULL,False,"security"
4157,471,6055,"onboarding","high","open","Billing discrepancy on latest invoice","2024-07-13 17:21:00",NULL,NULL,NULL,False,"performance"
4158,817,NULL,"onboarding","low","waiting_on_customer","Custom workflow automation broken","2025-06-01 05:33:26","2025-06-01 16:33:26",NULL,NULL,False,"export,bug"
4159,323,4182,"api","low","closed","Slow loading on project boards","2024-12-29 13:16:22","2024-12-30 07:16:22","2024-12-31 18:16:22",NULL,False,NULL
4160,648,8408,"performance","low","resolved","Billing discrepancy on latest invoice","2025-09-17 04:28:28","2025-09-17 17:28:28","2025-09-21 22:28:28",3,False,"performance,sso,migration,feature"
4161,1114,NULL,"performance","medium","waiting_on_customer","Time tracking sync issues","2024-06-12 11:29:05","2024-06-14 23:29:05",NULL,NULL,False,"gdpr;performance;export;sso"
4162,522,6623,"technical","medium","resolved","API rate limiting issues","2025-10-22 08:42:46","2025-10-23 06:42:46","2025-10-25 21:42:46",5,False,"ux, mobile"
4163,1043,NULL,"performance","low","open","Duplicate notifications being sent","2025-01-29 23:28:51",NULL,NULL,NULL,False,"bug , technical , enterprise"
4164,887,NULL,"api","high","waiting_on_customer","Audit log access denied","2024-05-18 03:38:35","2024-05-18 06:38:35",NULL,NULL,False,"billing , security , ux , enterprise"
4165,481,6142,"technical","high","open","Time tracking sync issues","2024-12-12 10:28:15",NULL,NULL,NULL,False,"integration , onboarding , bug"
4166,49,803,"data_export","high","in_progress","Custom workflow automation broken","2025-08-30 03:32:37","2025-08-30 04:32:37",NULL,NULL,False,"security, technical, billing, ux"
4167,822,NULL,"api","medium","waiting_on_customer","Export failing for large datasets","2025-10-30 23:44:53","2025-11-01 08:44:53",NULL,NULL,False,"technical"
4168,90,1400,"performance","critical","closed","API rate limiting issues","2025-10-07 18:40:37","2025-10-07 20:12:37","2025-10-10 16:12:37",NULL,True,"enterprise"
4169,27,553,"onboarding","low","waiting_on_customer","Gantt chart not rendering correctly","2024-10-24 17:12:58","2024-10-27 12:12:58",NULL,NULL,False,NULL
4170,974,NULL,"billing","medium","in_progress","Mobile app crashes on Android","2025-07-09 06:53:04","2025-07-11 12:53:04",NULL,NULL,False,"documentation,export"
4171,555,7109,"integration","low","waiting_on_customer","Mobile app crashes on Android","2024-11-25 13:32:20","2024-11-26 14:32:20",NULL,NULL,False,"documentation , ux , gdpr , bug"
4172,308,4096,"integration","low","waiting_on_customer","Slow loading on project boards","2023-02-19 17:08:39","2023-02-21 15:08:39",NULL,NULL,False,NULL
4173,360,4613,"integration","low","open","Duplicate notifications being sent","2024-12-08 21:54:07",NULL,NULL,NULL,False,NULL
4174,5,70,"api","medium","resolved","Data import from CSV failing","2024-08-20 06:07:28","2024-08-20 11:07:28","2024-08-24 12:07:28",NULL,False,"enterprise , gdpr , security"
4175,867,NULL,"technical","low","resolved","GDPR data export request","2025-04-21 18:09:43","2025-04-22 23:09:43","2025-04-26 00:09:43",NULL,False,"integration;migration;gdpr;integration"
4176,932,NULL,"api","high","closed","API rate limiting issues","2024-10-22 03:48:00","2024-10-22 08:48:00","2024-10-24 14:48:00",5,False,"integration, mobile, integration"
4177,1063,NULL,"integration","medium","resolved","Webhook delivery failures","2024-05-28 07:09:08","2024-05-31 06:09:08","2024-05-31 21:09:08",4,False,"migration;technical;api"
4178,1155,NULL,"data_export","medium","open","White label logo not displaying","2025-10-13 06:49:14",NULL,NULL,NULL,False,"feature, export, billing"
4179,346,4382,"billing","medium","closed","Feature request: dark mode","2023-11-24 22:24:48","2023-11-25 20:24:48","2023-11-29 23:24:48",4,False,"security, ux, onboarding, mobile"
4180,617,7847,"technical","medium","in_progress","Need to add more team members","2025-09-30 12:45:18","2025-10-02 18:45:18",NULL,NULL,False,"sso, integration, billing"
4181,572,7371,"account","medium","in_progress","Audit log access denied","2025-02-07 12:50:47","2025-02-10 08:50:47",NULL,NULL,False,"documentation"
4182,944,NULL,"technical","low","waiting_on_customer","Export failing for large datasets","2025-03-10 05:53:33","2025-03-11 22:53:33",NULL,NULL,False,"mobile"
4183,837,NULL,"integration","medium","resolved","Custom workflow automation broken","2024-09-13 11:52:58","2024-09-14 15:52:58","2024-09-15 03:52:58",4,False,"training, enterprise"
4184,555,7119,"api","medium","open","Report generation timeout","2025-05-10 16:01:05",NULL,NULL,NULL,False,"performance,ux"
4185,944,NULL,"api","low","closed","Feature request: dark mode","2024-09-28 03:58:09","2024-09-28 15:58:09","2024-10-01 04:58:09",5,False,NULL
4186,538,6842,"integration","critical","waiting_on_customer","Need help with API authentication","2024-11-03 18:36:37","2024-11-03 19:54:37",NULL,NULL,True,"api,ux,export,performance"
4187,309,4101,"security","medium","in_progress","Slow loading on project boards","2025-08-17 04:09:10","2025-08-18 09:09:10",NULL,NULL,False,"bug , mobile"
4188,350,4491,"integration","critical","open","GDPR data export request","2023-10-13 02:13:33",NULL,NULL,NULL,False,"urgent"
4189,713,NULL,"security","high","closed","Need help with API authentication","2025-07-06 09:49:26","2025-07-06 18:49:26","2025-07-10 10:49:26",3,True,"technical;enterprise;feature;migration"
4190,904,NULL,"performance","medium","open","Need to add more team members","2025-08-20 21:36:00",NULL,NULL,NULL,False,"api , technical , urgent"
4191,1150,NULL,"feature_request","high","closed","Feature request: dark mode","2025-06-04 23:16:58","2025-06-05 08:16:58","2025-06-11 23:16:58",5,True,NULL
4192,358,4603,"security","critical","closed","Need to add more team members","2025-10-20 09:03:39","2025-10-20 09:33:39","2025-10-25 03:33:39",NULL,False,"integration, sso, gdpr, integration"
4193,968,NULL,"technical","low","in_progress","Webhook delivery failures","2024-01-13 04:23:33","2024-01-15 06:23:33",NULL,NULL,False,NULL
4194,630,8114,"technical","low","in_progress","Data import from CSV failing","2025-02-24 08:14:31","2025-02-24 12:14:31",NULL,NULL,False,"migration;security;performance"
4195,490,6233,"security","high","in_progress","Feature request: dark mode","2025-03-09 10:38:15","2025-03-09 18:38:15",NULL,NULL,True,"mobile;integration;billing"
4196,369,4714,"account","critical","resolved","Custom workflow automation broken","2024-07-19 07:16:26","2024-07-19 08:22:26","2024-07-22 12:22:26",NULL,False,"mobile , gdpr , urgent , bug"
4197,696,NULL,"technical","medium","waiting_on_customer","Cannot login to dashboard","2024-01-04 16:10:41","2024-01-06 04:10:41",NULL,NULL,False,"training, mobile, security"
4198,308,4095,"feature_request","medium","resolved","Audit log access denied","2023-12-06 17:55:53","2023-12-07 07:55:53","2023-12-08 16:55:53",4,False,"billing, export"
4199,430,5504,"data_export","high","in_progress","Feature request: dark mode","2025-06-22 13:39:49","2025-06-22 21:39:49",NULL,NULL,False,"feature;sso"
4200,1150,NULL,"api","low","resolved","Slow loading on project boards","2025-07-27 01:58:37","2025-07-27 11:58:37","2025-08-01 19:58:37",3,False,"bug, feature, technical"
4201,930,NULL,"billing","low","closed","White label logo not displaying","2025-06-03 03:02:49","2025-06-03 12:02:49","2025-06-04 12:02:49",5,False,"api , documentation , technical"
4202,702,NULL,"data_export","low","open","Integration with Slack not working","2024-03-10 18:31:38",NULL,NULL,NULL,False,"integration,export,billing,technical"
4203,768,NULL,"api","high","in_progress","Export failing for large datasets","2025-10-25 20:20:28","2025-10-26 02:20:28",NULL,NULL,False,"sso;urgent;api;security"
4204,1176,NULL,"integration","low","resolved","Integration with Slack not working","2025-03-10 23:02:30","2025-03-13 16:02:30","2025-03-15 23:02:30",NULL,False,NULL
4205,505,6413,"feature_request","medium","waiting_on_customer","Report generation timeout","2024-11-05 13:40:51","2024-11-06 09:40:51",NULL,NULL,False,"gdpr, documentation"
4206,1159,NULL,"onboarding","high","resolved","Cannot downgrade plan","2025-04-17 12:58:22","2025-04-17 13:58:22","2025-04-19 18:58:22",NULL,False,"performance, gdpr, urgent, documentation"
4207,1139,NULL,"data_export","high","resolved","Permission settings not saving","2024-10-11 15:27:28","2024-10-12 03:27:28","2024-10-14 22:27:28",1,True,"feature"
5760,850,NULL,"api","critical","closed","Webhook delivery failures","2025-09-28 03:55:20","2025-09-28 04:05:20","2025-10-04 04:05:20",NULL,True,NULL
4208,1117,NULL,"technical","low","waiting_on_customer","Integration with Slack not working","2025-07-10 20:34:49","2025-07-11 17:34:49",NULL,NULL,False,"security , export , api , technical"
4209,319,4154,"api","medium","resolved","Report generation timeout","2025-05-01 18:58:57","2025-05-03 10:58:57","2025-05-09 08:58:57",3,False,"onboarding;sso;urgent;billing"
4210,565,7218,"feature_request","medium","open","API rate limiting issues","2025-01-31 21:50:10",NULL,NULL,NULL,False,"technical,documentation,billing"
4211,491,6235,"technical","high","closed","Webhook delivery failures","2025-04-08 08:00:50","2025-04-08 17:00:50","2025-04-13 11:00:50",NULL,False,"export,technical"
4212,1,3,"billing","medium","waiting_on_customer","Gantt chart not rendering correctly","2025-02-11 12:55:07","2025-02-13 00:55:07",NULL,NULL,False,"migration , documentation , performance"
4213,853,NULL,"performance","medium","waiting_on_customer","Account merge request","2025-07-05 09:46:47","2025-07-06 06:46:47",NULL,NULL,False,"technical"
4214,893,NULL,"integration","medium","closed","Gantt chart not rendering correctly","2025-01-22 13:04:49","2025-01-23 22:04:49","2025-01-24 07:04:49",NULL,False,"technical"
4215,100,1480,"onboarding","medium","open","Account merge request","2025-10-29 07:07:48",NULL,NULL,NULL,False,"integration, training"
4216,1111,NULL,"performance","high","in_progress","Need help with API authentication","2025-05-24 23:22:27","2025-05-25 09:22:27",NULL,NULL,False,"documentation;performance;documentation"
4217,96,1442,"billing","low","waiting_on_customer","Account merge request","2024-05-29 12:10:20","2024-05-31 09:10:20",NULL,NULL,False,"integration"
4218,58,939,"onboarding","medium","waiting_on_customer","Mobile app crashes on Android","2025-10-06 11:12:04","2025-10-07 08:12:04",NULL,NULL,False,"feature;onboarding;bug"
4219,486,6163,"account","low","resolved","SSO configuration help needed","2025-08-22 12:16:51","2025-08-24 11:16:51","2025-08-25 01:16:51",4,False,"technical , enterprise , export , migration"
4220,374,4776,"technical","low","waiting_on_customer","SSO configuration help needed","2025-08-27 20:46:48","2025-08-29 12:46:48",NULL,NULL,False,NULL
4221,1172,NULL,"technical","low","in_progress","GDPR data export request","2025-05-30 14:13:04","2025-05-30 16:13:04",NULL,NULL,False,"onboarding,export"
4222,452,5820,"performance","medium","open","White label logo not displaying","2024-06-21 20:12:13",NULL,NULL,NULL,False,"feature, training"
4223,972,NULL,"integration","medium","in_progress","Account merge request","2024-01-02 22:35:12","2024-01-03 11:35:12",NULL,NULL,False,"performance , feature"
4224,578,7493,"security","high","resolved","API rate limiting issues","2025-05-05 08:27:53","2025-05-05 20:27:53","2025-05-10 19:27:53",5,False,"integration;gdpr;onboarding"
4225,1162,NULL,"account","high","open","Mobile app crashes on Android","2025-05-19 01:59:55",NULL,NULL,NULL,True,NULL
4226,901,NULL,"billing","high","waiting_on_customer","GDPR data export request","2025-07-01 03:23:09","2025-07-01 04:23:09",NULL,NULL,True,"api"
4227,1000,NULL,"data_export","low","resolved","Account merge request","2025-02-25 16:47:25","2025-02-26 07:47:25","2025-02-27 14:47:25",NULL,False,"bug,feature,onboarding"
4228,871,NULL,"onboarding","high","resolved","Need to add more team members","2025-04-29 18:57:10","2025-04-30 00:57:10","2025-05-05 09:57:10",5,False,"gdpr , performance"
4229,1045,NULL,"technical","critical","resolved","Mobile app crashes on Android","2025-08-01 18:54:36","2025-08-01 20:49:36","2025-08-06 05:49:36",5,False,"technical"
4230,700,NULL,"data_export","high","waiting_on_customer","API rate limiting issues","2023-03-31 10:28:11","2023-03-31 16:28:11",NULL,NULL,False,NULL
4231,186,2686,"billing","medium","open","Cannot login to dashboard","2025-10-11 00:16:03",NULL,NULL,NULL,False,"documentation,documentation"
4232,821,NULL,"security","critical","resolved","Report generation timeout","2024-09-05 15:21:21","2024-09-05 16:13:21","2024-09-08 23:13:21",NULL,False,"urgent, bug"
4233,402,5112,"security","low","waiting_on_customer","White label logo not displaying","2025-06-17 05:04:38","2025-06-19 12:04:38",NULL,NULL,False,"mobile"
4234,550,6987,"billing","high","open","Account merge request","2024-10-22 22:49:26",NULL,NULL,NULL,True,"integration, ux"
4235,220,3155,"integration","low","resolved","Cannot downgrade plan","2024-11-03 12:01:26","2024-11-04 19:01:26","2024-11-07 14:01:26",3,False,"mobile , onboarding"
4236,510,6486,"onboarding","low","in_progress","Custom workflow automation broken","2025-10-25 04:50:13","2025-10-25 12:50:13",NULL,NULL,False,"documentation;migration"
4237,683,NULL,"integration","medium","waiting_on_customer","Report generation timeout","2025-04-18 21:17:47","2025-04-21 18:17:47",NULL,NULL,False,"urgent , api , gdpr , billing , urgent"
4238,1062,NULL,"onboarding","low","resolved","Duplicate notifications being sent","2025-10-20 10:37:03","2025-10-20 21:37:03","2025-10-24 03:37:03",NULL,False,"enterprise , documentation , mobile"
4239,1020,NULL,"api","medium","closed","Duplicate notifications being sent","2025-09-26 02:27:50","2025-09-28 17:27:50","2025-10-03 10:27:50",3,False,NULL
4240,338,4324,"data_export","low","resolved","Account merge request","2023-10-29 21:11:03","2023-11-01 15:11:03","2023-11-05 11:11:03",NULL,False,"documentation;enterprise;security"
4241,151,2159,"onboarding","low","in_progress","Need to add more team members","2024-09-20 07:08:27","2024-09-20 22:08:27",NULL,NULL,False,"integration , training , export , security"
4242,479,6114,"technical","critical","in_progress","White label logo not displaying","2024-07-20 19:06:29","2024-07-20 19:55:29",NULL,NULL,False,NULL
4243,479,6112,"security","medium","waiting_on_customer","Need to add more team members","2024-08-03 05:24:30","2024-08-05 02:24:30",NULL,NULL,False,NULL
4244,1,3,"integration","low","closed","Report generation timeout","2023-10-03 23:20:22","2023-10-06 12:20:22","2023-10-06 23:20:22",4,False,"export"
4245,1004,NULL,"integration","low","closed","Data import from CSV failing","2025-02-20 20:32:36","2025-02-21 08:32:36","2025-02-24 10:32:36",3,False,"ux, gdpr, documentation, enterprise, ux"
4246,265,3695,"account","low","closed","Cannot downgrade plan","2025-07-30 13:37:28","2025-08-02 05:37:28","2025-08-07 00:37:28",NULL,False,"sso,mobile,sso"
4247,808,NULL,"feature_request","medium","in_progress","Webhook delivery failures","2025-01-04 08:52:53","2025-01-04 17:52:53",NULL,NULL,False,"integration"
4248,1154,NULL,"integration","low","in_progress","API rate limiting issues","2024-06-29 08:37:37","2024-06-30 15:37:37",NULL,NULL,False,"documentation, api"
4249,26,529,"feature_request","low","resolved","Webhook delivery failures","2023-09-27 12:45:30","2023-09-28 13:45:30","2023-09-29 04:45:30",5,False,NULL
4250,214,3106,"security","high","waiting_on_customer","White label logo not displaying","2023-10-04 05:08:33","2023-10-04 16:08:33",NULL,NULL,False,NULL
4251,762,NULL,"api","medium","in_progress","Billing discrepancy on latest invoice","2025-09-11 06:25:40","2025-09-12 15:25:40",NULL,NULL,False,"ux"
4252,598,7721,"feature_request","critical","waiting_on_customer","Time tracking sync issues","2025-09-12 04:21:18","2025-09-12 05:39:18",NULL,NULL,True,"migration,api,export"
4253,349,4485,"account","low","in_progress","Cannot login to dashboard","2024-10-21 13:25:41","2024-10-23 16:25:41",NULL,NULL,False,"urgent , performance , sso , security"
4254,191,2723,"billing","high","resolved","Account merge request","2025-04-23 08:36:31","2025-04-23 18:36:31","2025-04-28 08:36:31",NULL,False,"performance;api;urgent"
4255,1150,NULL,"performance","critical","closed","Feature request: dark mode","2025-06-17 02:50:45","2025-06-17 04:11:45","2025-06-20 21:11:45",NULL,False,"bug"
4256,1124,NULL,"feature_request","high","closed","Audit log access denied","2025-05-27 19:25:40","2025-05-27 21:25:40","2025-05-31 00:25:40",NULL,True,"feature , ux , training , mobile"
4257,517,6592,"data_export","medium","resolved","Custom workflow automation broken","2024-05-28 18:32:58","2024-05-30 21:32:58","2024-05-31 02:32:58",5,False,"technical,integration,api"
4258,1052,NULL,"data_export","medium","open","Account merge request","2025-10-09 10:58:05",NULL,NULL,NULL,False,NULL
4259,550,6989,"performance","medium","closed","Cannot login to dashboard","2025-01-01 22:19:40","2025-01-04 10:19:40","2025-01-10 00:19:40",3,False,"gdpr, ux"
4260,149,2154,"onboarding","medium","open","White label logo not displaying","2025-04-25 19:28:43",NULL,NULL,NULL,False,"migration;documentation;ux"
4261,768,NULL,"onboarding","medium","resolved","Integration with Slack not working","2025-09-27 17:17:10","2025-09-30 10:17:10","2025-10-04 21:17:10",1,False,"training , export , sso , ux"
4262,659,8481,"billing","low","closed","Need help with API authentication","2024-10-06 11:59:22","2024-10-08 10:59:22","2024-10-09 14:59:22",5,False,"security, urgent, bug"
4264,7,100,"api","critical","closed","Data import from CSV failing","2025-03-16 04:21:19","2025-03-16 05:41:19","2025-03-21 08:41:19",5,False,"gdpr, urgent, integration"
4265,18,392,"onboarding","low","waiting_on_customer","SSO configuration help needed","2025-10-21 11:46:29","2025-10-22 12:46:29",NULL,NULL,False,NULL
4266,541,6894,"technical","medium","closed","Time tracking sync issues","2024-09-18 23:47:50","2024-09-20 19:47:50","2024-09-23 13:47:50",4,False,NULL
4267,827,NULL,"integration","high","closed","Webhook delivery failures","2024-01-24 02:10:38","2024-01-24 03:10:38","2024-01-25 21:10:38",4,False,"migration,mobile,security"
4268,1095,NULL,"account","high","waiting_on_customer","Gantt chart not rendering correctly","2024-10-16 15:33:13","2024-10-17 03:33:13",NULL,NULL,False,"training , export , billing"
4269,735,NULL,"data_export","low","closed","Time tracking sync issues","2025-08-04 05:11:45","2025-08-05 06:11:45","2025-08-10 17:11:45",NULL,False,NULL
4270,1104,NULL,"api","low","in_progress","Time tracking sync issues","2025-09-16 22:00:20","2025-09-17 15:00:20",NULL,NULL,False,NULL
4271,980,NULL,"integration","medium","resolved","Need to add more team members","2025-06-29 09:17:06","2025-07-02 04:17:06","2025-07-06 09:17:06",NULL,False,NULL
4272,641,8300,"data_export","high","in_progress","Custom workflow automation broken","2023-03-30 17:57:29","2023-03-30 23:57:29",NULL,NULL,False,"sso,integration"
4273,790,NULL,"billing","low","open","Slow loading on project boards","2024-11-17 18:20:06",NULL,NULL,NULL,False,NULL
4274,130,1960,"api","low","waiting_on_customer","Gantt chart not rendering correctly","2024-12-02 21:18:12","2024-12-04 10:18:12",NULL,NULL,False,"security;api;technical;feature"
4275,445,5674,"technical","medium","waiting_on_customer","Feature request: dark mode","2024-05-31 19:08:02","2024-06-03 14:08:02",NULL,NULL,False,"security, feature, ux"
4276,1107,NULL,"billing","low","waiting_on_customer","GDPR data export request","2024-11-13 22:27:56","2024-11-14 02:27:56",NULL,NULL,False,NULL
4277,340,4332,"billing","medium","open","Account merge request","2025-07-12 00:06:41",NULL,NULL,NULL,False,"integration"
4278,852,NULL,"account","medium","open","Duplicate notifications being sent","2025-08-14 16:05:29",NULL,NULL,NULL,False,"feature"
4279,600,7726,"account","critical","closed","Report generation timeout","2024-05-06 02:26:54","2024-05-06 03:34:54","2024-05-12 15:34:54",3,False,NULL
4280,1022,NULL,"performance","low","closed","Data import from CSV failing","2025-09-25 17:26:49","2025-09-26 09:26:49","2025-09-27 12:26:49",4,False,NULL
4281,311,4112,"data_export","medium","closed","Audit log access denied","2024-12-27 04:58:29","2024-12-29 22:58:29","2025-01-03 22:58:29",5,False,"performance, billing"
4282,788,NULL,"performance","low","waiting_on_customer","Billing discrepancy on latest invoice","2024-11-12 22:52:21","2024-11-15 02:52:21",NULL,NULL,False,"enterprise , technical"
4283,1128,NULL,"integration","low","open","Billing discrepancy on latest invoice","2024-12-18 11:54:47",NULL,NULL,NULL,False,"integration"
4284,890,NULL,"account","medium","in_progress","Export failing for large datasets","2024-11-21 00:19:17","2024-11-22 19:19:17",NULL,NULL,False,"migration;api;training"
4285,409,5178,"billing","critical","waiting_on_customer","Gantt chart not rendering correctly","2025-08-30 07:51:06","2025-08-30 08:16:06",NULL,NULL,False,NULL
4286,820,NULL,"integration","medium","waiting_on_customer","Duplicate notifications being sent","2025-07-20 04:39:00","2025-07-20 10:39:00",NULL,NULL,False,"ux,training,gdpr"
4287,1095,NULL,"integration","low","in_progress","Gantt chart not rendering correctly","2025-01-17 14:36:28","2025-01-18 00:36:28",NULL,NULL,False,"urgent , performance , training , urgent"
4288,1129,NULL,"security","low","waiting_on_customer","Mobile app crashes on Android","2025-03-07 16:25:50","2025-03-09 18:25:50",NULL,NULL,False,NULL
4289,1001,NULL,"technical","medium","resolved","Time tracking sync issues","2025-09-11 12:34:34","2025-09-11 23:34:34","2025-09-17 15:34:34",2,False,NULL
4290,913,NULL,"performance","low","closed","Mobile app crashes on Android","2024-04-24 05:30:14","2024-04-25 21:30:14","2024-04-29 16:30:14",4,False,"urgent, gdpr"
4291,965,NULL,"technical","low","closed","Duplicate notifications being sent","2025-10-01 02:28:15","2025-10-01 17:28:15","2025-10-07 19:28:15",NULL,False,"sso , technical , onboarding , export"
4292,853,NULL,"performance","low","waiting_on_customer","Export failing for large datasets","2024-09-10 16:52:58","2024-09-12 01:52:58",NULL,NULL,False,"sso, gdpr"
4293,1112,NULL,"data_export","low","resolved","Cannot login to dashboard","2024-07-27 03:17:42","2024-07-28 16:17:42","2024-07-30 13:17:42",NULL,False,"feature , ux"
4294,662,8494,"onboarding","low","resolved","Permission settings not saving","2025-03-06 18:10:20","2025-03-06 21:10:20","2025-03-12 22:10:20",NULL,False,NULL
4295,444,5670,"security","high","closed","Need to add more team members","2025-01-04 01:44:36","2025-01-04 10:44:36","2025-01-06 11:44:36",NULL,False,"ux"
4296,772,NULL,"account","medium","waiting_on_customer","Time tracking sync issues","2025-05-11 11:41:01","2025-05-13 00:41:01",NULL,NULL,False,"gdpr, urgent, sso"
4297,706,NULL,"feature_request","high","in_progress","SSO configuration help needed","2025-09-25 20:32:23","2025-09-25 23:32:23",NULL,NULL,False,"feature, billing, mobile"
4298,593,7627,"feature_request","low","waiting_on_customer","Export failing for large datasets","2025-04-08 13:00:02","2025-04-09 15:00:02",NULL,NULL,False,"migration"
4299,1019,NULL,"integration","low","in_progress","SSO configuration help needed","2025-10-13 14:57:20","2025-10-14 21:57:20",NULL,NULL,False,"security , urgent , integration , billing"
4300,415,5238,"api","low","closed","Webhook delivery failures","2025-10-15 23:05:13","2025-10-18 13:05:13","2025-10-18 14:05:13",3,False,"api"
4301,1107,NULL,"data_export","low","closed","Webhook delivery failures","2025-05-14 04:14:41","2025-05-16 06:14:41","2025-05-17 19:14:41",5,False,"performance"
4302,510,6470,"account","low","open","Slow loading on project boards","2025-09-29 20:35:03",NULL,NULL,NULL,False,"gdpr"
4303,1123,NULL,"api","medium","in_progress","Duplicate notifications being sent","2025-07-27 03:47:13","2025-07-27 15:47:13",NULL,NULL,False,"onboarding"
4304,1178,NULL,"feature_request","critical","in_progress","SSO configuration help needed","2025-09-02 01:56:41","2025-09-02 03:41:41",NULL,NULL,True,"onboarding;sso"
4305,1186,NULL,"billing","critical","waiting_on_customer","Gantt chart not rendering correctly","2024-10-30 00:41:58","2024-10-30 00:57:58",NULL,NULL,False,"security,bug"
4306,332,4242,"technical","low","waiting_on_customer","Duplicate notifications being sent","2025-07-11 19:44:03","2025-07-12 19:44:03",NULL,NULL,False,"documentation"
4307,361,4628,"security","medium","resolved","Custom workflow automation broken","2025-10-22 00:26:30","2025-10-23 09:26:30","2025-10-26 09:26:30",NULL,False,NULL
4308,1146,NULL,"billing","high","waiting_on_customer","Slow loading on project boards","2025-10-08 11:31:20","2025-10-08 21:31:20",NULL,NULL,True,"api, gdpr, performance, onboarding"
4309,188,2701,"data_export","critical","resolved","GDPR data export request","2024-05-30 20:26:40","2024-05-30 21:19:40","2024-06-01 13:19:40",5,False,NULL
4310,866,NULL,"account","low","closed","Duplicate notifications being sent","2025-01-27 14:42:02","2025-01-30 10:42:02","2025-02-02 18:42:02",NULL,False,"urgent,ux,export"
4311,1200,NULL,"integration","medium","closed","SSO configuration help needed","2023-11-04 13:43:34","2023-11-07 12:43:34","2023-11-11 23:43:34",5,False,"integration,technical,integration"
4312,1032,NULL,"billing","low","closed","Gantt chart not rendering correctly","2025-06-10 21:21:34","2025-06-13 12:21:34","2025-06-19 09:21:34",5,False,"urgent, sso, enterprise, technical"
4313,600,7723,"onboarding","low","open","Report generation timeout","2024-07-12 03:45:15",NULL,NULL,NULL,False,"billing,export,api"
4314,799,NULL,"integration","critical","waiting_on_customer","Time tracking sync issues","2025-07-28 08:53:09","2025-07-28 09:59:09",NULL,NULL,False,NULL
4315,784,NULL,"data_export","medium","open","Audit log access denied","2024-06-02 03:43:04",NULL,NULL,NULL,False,"api"
4316,382,4848,"onboarding","medium","open","Data import from CSV failing","2025-04-25 02:34:04",NULL,NULL,NULL,False,"export"
4317,874,NULL,"onboarding","high","open","Data import from CSV failing","2024-12-05 09:41:08",NULL,NULL,NULL,False,"api,onboarding,integration"
4318,879,NULL,"data_export","critical","closed","Feature request: dark mode","2025-08-14 23:01:39","2025-08-14 23:34:39","2025-08-19 05:34:39",NULL,False,"enterprise"
4319,1174,NULL,"technical","high","closed","SSO configuration help needed","2024-01-02 06:34:20","2024-01-02 12:34:20","2024-01-08 06:34:20",NULL,False,"security,performance"
4320,506,6417,"api","medium","open","Audit log access denied","2024-10-29 07:53:35",NULL,NULL,NULL,False,"integration , security , onboarding"
4321,570,7323,"performance","low","waiting_on_customer","White label logo not displaying","2025-08-26 04:43:33","2025-08-26 20:43:33",NULL,NULL,False,"performance,security,integration,onboarding"
4322,535,6800,"billing","medium","waiting_on_customer","Permission settings not saving","2025-07-15 12:59:55","2025-07-16 13:59:55",NULL,NULL,False,"export;training"
4323,681,NULL,"api","low","waiting_on_customer","Need help with API authentication","2025-09-23 04:25:00","2025-09-23 07:25:00",NULL,NULL,False,"sso, integration, billing"
4324,508,6444,"account","high","closed","SSO configuration help needed","2025-10-19 08:06:51","2025-10-19 20:06:51","2025-10-25 11:06:51",4,False,"mobile"
4325,201,2881,"feature_request","low","closed","Webhook delivery failures","2025-08-25 09:02:50","2025-08-26 13:02:50","2025-08-29 17:02:50",4,False,"migration,bug,feature,onboarding"
4326,1011,NULL,"account","low","resolved","Webhook delivery failures","2025-10-26 14:35:03","2025-10-26 23:35:03","2025-10-28 15:35:03",5,False,"gdpr,bug,migration,integration"
4327,757,NULL,"security","low","resolved","Time tracking sync issues","2025-10-13 22:18:32","2025-10-15 06:18:32","2025-10-15 12:18:32",NULL,False,"sso,billing"
4328,637,8187,"performance","low","in_progress","Report generation timeout","2025-04-21 07:33:32","2025-04-21 14:33:32",NULL,NULL,False,"onboarding, security, technical"
4329,538,6843,"technical","critical","in_progress","Duplicate notifications being sent","2024-08-24 13:12:17","2024-08-24 14:56:17",NULL,NULL,False,"ux"
4330,1012,NULL,"feature_request","medium","in_progress","Permission settings not saving","2024-10-15 15:17:51","2024-10-18 10:17:51",NULL,NULL,False,"migration, training"
4331,959,NULL,"security","critical","waiting_on_customer","Need help with API authentication","2025-08-31 03:22:02","2025-08-31 04:02:02",NULL,NULL,False,"mobile, security"
4332,551,7027,"account","medium","closed","Billing discrepancy on latest invoice","2025-09-29 18:27:48","2025-10-01 00:27:48","2025-10-04 20:27:48",NULL,False,"api;ux;migration;integration;api"
4333,687,NULL,"billing","low","open","Export failing for large datasets","2024-06-08 02:59:35",NULL,NULL,NULL,False,"urgent,bug"
4334,263,3685,"onboarding","low","waiting_on_customer","GDPR data export request","2023-07-12 01:42:30","2023-07-14 01:42:30",NULL,NULL,False,NULL
4335,624,7938,"account","high","closed","Slow loading on project boards","2023-04-08 16:36:42","2023-04-08 17:36:42","2023-04-13 09:36:42",NULL,False,"technical"
4336,1016,NULL,"feature_request","low","open","Gantt chart not rendering correctly","2024-10-01 07:56:04",NULL,NULL,NULL,False,"onboarding , documentation , enterprise , technical"
4337,1091,NULL,"performance","low","open","Billing discrepancy on latest invoice","2025-07-22 03:08:54",NULL,NULL,NULL,False,"migration , export , sso"
4338,883,NULL,"data_export","low","in_progress","Mobile app crashes on Android","2025-10-14 13:37:22","2025-10-17 02:37:22",NULL,NULL,False,"feature, gdpr"
4339,844,NULL,"security","medium","closed","Mobile app crashes on Android","2024-07-11 06:14:20","2024-07-13 09:14:20","2024-07-14 19:14:20",3,False,NULL
4340,1092,NULL,"account","high","in_progress","GDPR data export request","2025-09-30 10:07:19","2025-09-30 13:07:19",NULL,NULL,True,"api"
4341,496,6268,"onboarding","high","in_progress","Mobile app crashes on Android","2024-10-03 20:14:04","2024-10-04 03:14:04",NULL,NULL,False,"mobile;mobile"
4342,375,4778,"data_export","low","resolved","Cannot login to dashboard","2025-08-25 17:59:38","2025-08-28 16:59:38","2025-09-01 11:59:38",NULL,False,"urgent , ux"
4343,897,NULL,"data_export","high","open","Need help with API authentication","2025-02-22 11:01:32",NULL,NULL,NULL,False,"integration,migration"
4344,472,6062,"data_export","medium","closed","Cannot downgrade plan","2025-09-22 12:19:37","2025-09-24 19:19:37","2025-09-29 04:19:37",NULL,False,"onboarding"
4345,739,NULL,"onboarding","critical","closed","Time tracking sync issues","2024-07-12 02:50:52","2024-07-12 03:41:52","2024-07-12 07:41:52",NULL,False,"billing;api;export"
4346,996,NULL,"technical","low","open","White label logo not displaying","2025-05-26 18:01:21",NULL,NULL,NULL,False,"feature;export;billing"
4347,262,3674,"onboarding","high","open","Feature request: dark mode","2025-10-10 08:36:11",NULL,NULL,NULL,True,NULL
4348,742,NULL,"data_export","medium","in_progress","Webhook delivery failures","2024-03-19 23:36:01","2024-03-20 21:36:01",NULL,NULL,False,"export;integration;performance;feature"
4349,1176,NULL,"integration","low","resolved","White label logo not displaying","2025-10-23 15:40:31","2025-10-26 10:40:31","2025-10-28 18:40:31",5,False,"export , ux , migration , gdpr"
4350,136,2001,"account","low","resolved","GDPR data export request","2025-02-28 09:35:39","2025-02-28 15:35:39","2025-03-02 02:35:39",3,False,"enterprise;export;documentation"
4351,1177,NULL,"api","medium","waiting_on_customer","Account merge request","2024-07-02 06:04:24","2024-07-04 09:04:24",NULL,NULL,False,"bug;gdpr;integration"
4352,372,4770,"account","medium","open","Duplicate notifications being sent","2024-09-25 12:00:41",NULL,NULL,NULL,False,"ux , integration"
4353,878,NULL,"api","medium","open","Cannot downgrade plan","2025-04-21 13:28:41",NULL,NULL,NULL,False,"urgent"
4354,163,2358,"feature_request","low","closed","Data import from CSV failing","2024-06-05 10:58:10","2024-06-05 13:58:10","2024-06-06 22:58:10",NULL,False,"feature , migration , onboarding , enterprise"
4355,786,NULL,"billing","critical","waiting_on_customer","Account merge request","2025-08-11 18:33:50","2025-08-11 20:14:50",NULL,NULL,False,NULL
4356,124,1804,"security","critical","closed","Duplicate notifications being sent","2025-02-09 15:00:38","2025-02-09 16:40:38","2025-02-13 17:40:38",3,False,NULL
4357,39,687,"security","critical","in_progress","Permission settings not saving","2025-09-09 14:34:53","2025-09-09 15:45:53",NULL,NULL,False,"migration , bug , ux , technical"
4358,101,1483,"performance","medium","resolved","Custom workflow automation broken","2025-02-03 22:19:06","2025-02-05 05:19:06","2025-02-06 03:19:06",NULL,False,"api,security"
4359,1055,NULL,"technical","low","closed","Slow loading on project boards","2024-11-20 13:10:35","2024-11-21 12:10:35","2024-11-22 04:10:35",3,False,NULL
4360,656,8450,"account","critical","closed","Billing discrepancy on latest invoice","2025-10-25 23:26:55","2025-10-26 01:17:55","2025-10-27 09:17:55",2,False,"gdpr, ux, bug, migration"
4361,1166,NULL,"technical","medium","open","Integration with Slack not working","2024-12-27 00:13:35",NULL,NULL,NULL,False,NULL
4362,1046,NULL,"integration","critical","in_progress","API rate limiting issues","2025-07-07 03:32:36","2025-07-07 04:00:36",NULL,NULL,False,"documentation"
4363,138,2039,"performance","critical","waiting_on_customer","Account merge request","2023-05-22 05:16:09","2023-05-22 05:47:09",NULL,NULL,True,NULL
4364,320,4160,"api","high","in_progress","Audit log access denied","2025-09-15 09:21:27","2025-09-15 12:21:27",NULL,NULL,True,"billing,urgent"
4365,480,6115,"data_export","low","open","Audit log access denied","2025-05-23 16:17:25",NULL,NULL,NULL,False,"billing;urgent;bug"
4366,552,7042,"technical","critical","waiting_on_customer","Export failing for large datasets","2024-05-11 05:19:01","2024-05-11 06:49:01",NULL,NULL,False,"feature , api , performance"
4367,914,NULL,"account","medium","open","Integration with Slack not working","2025-08-30 11:24:50",NULL,NULL,NULL,False,"migration"
4368,466,6031,"performance","low","resolved","Permission settings not saving","2025-07-31 00:14:56","2025-08-01 10:14:56","2025-08-03 10:14:56",NULL,False,"sso;documentation"
4369,1091,NULL,"billing","low","open","Permission settings not saving","2025-10-05 11:39:11",NULL,NULL,NULL,False,"performance,gdpr"
4370,1092,NULL,"onboarding","medium","resolved","Feature request: dark mode","2024-05-15 12:32:40","2024-05-16 11:32:40","2024-05-21 07:32:40",NULL,False,"integration, integration"
4371,449,5761,"technical","medium","open","Audit log access denied","2025-06-04 20:03:53",NULL,NULL,NULL,False,"performance;billing;performance"
4372,956,NULL,"onboarding","low","waiting_on_customer","Gantt chart not rendering correctly","2025-01-30 05:26:02","2025-02-01 21:26:02",NULL,NULL,False,"urgent,bug,urgent"
4373,721,NULL,"onboarding","high","closed","SSO configuration help needed","2024-06-17 16:42:15","2024-06-17 23:42:15","2024-06-18 12:42:15",5,False,"urgent"
4374,999,NULL,"feature_request","high","resolved","Data import from CSV failing","2025-09-10 14:18:00","2025-09-10 19:18:00","2025-09-13 03:18:00",5,False,"performance;gdpr"
4375,542,6896,"data_export","high","open","Time tracking sync issues","2025-09-16 19:55:42",NULL,NULL,NULL,False,"mobile"
4376,918,NULL,"feature_request","high","in_progress","SSO configuration help needed","2024-11-08 19:18:48","2024-11-08 20:18:48",NULL,NULL,False,NULL
4377,329,4207,"data_export","medium","resolved","Billing discrepancy on latest invoice","2023-08-23 13:31:12","2023-08-23 20:31:12","2023-08-26 10:31:12",5,False,NULL
4378,348,4482,"data_export","low","in_progress","Time tracking sync issues","2025-08-20 08:52:41","2025-08-20 19:52:41",NULL,NULL,False,"export"
4379,1114,NULL,"api","low","waiting_on_customer","GDPR data export request","2025-01-29 23:16:35","2025-02-01 15:16:35",NULL,NULL,False,"billing"
4380,911,NULL,"account","high","resolved","Billing discrepancy on latest invoice","2025-05-11 09:34:17","2025-05-11 19:34:17","2025-05-18 16:34:17",4,False,NULL
4381,790,NULL,"feature_request","low","resolved","Slow loading on project boards","2025-10-08 21:18:34","2025-10-10 18:18:34","2025-10-12 21:18:34",NULL,False,"api, mobile, documentation"
4382,662,8496,"performance","low","open","Account merge request","2025-02-28 13:10:23",NULL,NULL,NULL,False,"feature , urgent , security"
4383,913,NULL,"performance","low","open","Cannot login to dashboard","2023-09-02 09:51:12",NULL,NULL,NULL,False,"api"
4384,865,NULL,"data_export","high","in_progress","Custom workflow automation broken","2025-08-21 06:59:20","2025-08-21 07:59:20",NULL,NULL,True,"billing,integration"
4385,1147,NULL,"performance","medium","resolved","Need help with API authentication","2025-04-26 03:27:00","2025-04-28 19:27:00","2025-04-29 22:27:00",2,False,"export, security, enterprise"
4386,300,4003,"security","medium","open","SSO configuration help needed","2025-10-10 18:56:06",NULL,NULL,NULL,False,"performance"
4387,735,NULL,"billing","medium","in_progress","Slow loading on project boards","2025-05-16 17:32:04","2025-05-18 22:32:04",NULL,NULL,False,"api,gdpr,integration,feature"
4388,785,NULL,"integration","high","resolved","SSO configuration help needed","2025-05-24 12:41:41","2025-05-24 16:41:41","2025-05-26 21:41:41",4,True,"documentation"
4389,101,1483,"security","high","closed","Report generation timeout","2025-10-18 14:13:45","2025-10-18 18:13:45","2025-10-25 01:13:45",5,False,NULL
4390,555,7103,"api","low","waiting_on_customer","Cannot downgrade plan","2025-06-06 11:51:52","2025-06-06 19:51:52",NULL,NULL,False,"ux"
4391,974,NULL,"api","medium","closed","Audit log access denied","2024-09-02 15:37:29","2024-09-04 17:37:29","2024-09-06 08:37:29",3,False,"training , integration"
4392,490,6233,"billing","low","open","GDPR data export request","2025-08-29 11:14:54",NULL,NULL,NULL,False,"onboarding , migration , technical , onboarding"
4393,611,7812,"performance","medium","open","White label logo not displaying","2025-01-31 13:40:37",NULL,NULL,NULL,False,"technical, api, integration"
4394,266,3704,"onboarding","low","open","Cannot login to dashboard","2024-12-08 08:38:23",NULL,NULL,NULL,False,"enterprise, export, api"
4395,110,1574,"security","low","closed","GDPR data export request","2025-07-30 20:14:08","2025-08-01 19:14:08","2025-08-06 07:14:08",4,False,"api,onboarding,enterprise"
4396,1138,NULL,"performance","critical","closed","Account merge request","2024-01-15 07:22:04","2024-01-15 07:58:04","2024-01-15 11:58:04",3,False,"mobile"
4397,905,NULL,"api","medium","waiting_on_customer","Need to add more team members","2025-07-15 20:42:48","2025-07-16 21:42:48",NULL,NULL,False,"bug,api,export,security"
4398,996,NULL,"account","low","closed","SSO configuration help needed","2024-01-24 23:49:38","2024-01-27 17:49:38","2024-02-02 03:49:38",NULL,False,"documentation"
4399,696,NULL,"security","medium","resolved","Cannot login to dashboard","2023-10-05 19:06:03","2023-10-08 05:06:03","2023-10-12 09:06:03",4,False,"security,enterprise,performance"
4400,241,3415,"performance","high","in_progress","Account merge request","2023-10-27 17:05:42","2023-10-27 19:05:42",NULL,NULL,True,NULL
4401,903,NULL,"performance","medium","in_progress","Cannot login to dashboard","2024-02-12 20:00:12","2024-02-13 08:00:12",NULL,NULL,False,"security,sso,export,api"
4402,193,2739,"technical","critical","resolved","Data import from CSV failing","2025-10-28 23:31:26","2025-10-29 00:14:26","2025-10-29 08:14:26",4,False,"export;integration;api;mobile"
4403,904,NULL,"technical","critical","waiting_on_customer","Feature request: dark mode","2025-06-22 08:09:14","2025-06-22 09:20:14",NULL,NULL,True,"sso;onboarding;urgent;api"
4404,681,NULL,"billing","low","closed","Webhook delivery failures","2025-02-27 09:00:17","2025-02-28 19:00:17","2025-03-03 10:00:17",5,False,"gdpr;performance;migration"
4405,361,4629,"feature_request","critical","in_progress","Custom workflow automation broken","2025-09-08 09:07:51","2025-09-08 09:40:51",NULL,NULL,False,"onboarding , urgent , gdpr , technical"
4406,670,NULL,"security","medium","waiting_on_customer","Duplicate notifications being sent","2024-04-24 03:16:28","2024-04-26 15:16:28",NULL,NULL,False,"integration , documentation , security , training"
4407,391,4919,"billing","low","closed","Need to add more team members","2023-12-26 10:46:07","2023-12-27 21:46:07","2023-12-31 03:46:07",2,False,"integration"
4408,112,1597,"api","high","closed","SSO configuration help needed","2025-09-15 12:33:26","2025-09-15 13:33:26","2025-09-19 14:33:26",4,False,"mobile,ux"
4409,540,6888,"integration","medium","waiting_on_customer","Gantt chart not rendering correctly","2025-10-27 03:56:16","2025-10-27 07:56:16",NULL,NULL,False,"enterprise"
4410,26,529,"account","low","open","Feature request: dark mode","2024-04-11 21:02:36",NULL,NULL,NULL,False,"bug,training,technical,sso"
4411,662,8493,"security","low","closed","Billing discrepancy on latest invoice","2024-11-29 23:36:54","2024-12-01 06:36:54","2024-12-04 03:36:54",2,False,"bug;training;api"
4412,179,2605,"account","low","open","Time tracking sync issues","2025-04-10 15:42:38",NULL,NULL,NULL,False,"integration;technical;bug"
4413,178,2603,"security","medium","resolved","Export failing for large datasets","2024-09-10 04:16:48","2024-09-10 10:16:48","2024-09-12 10:16:48",NULL,False,NULL
4414,831,NULL,"api","low","in_progress","Cannot login to dashboard","2025-04-09 14:52:03","2025-04-11 17:52:03",NULL,NULL,False,"billing, api"
4415,731,NULL,"feature_request","critical","open","Integration with Slack not working","2025-07-06 05:08:08",NULL,NULL,NULL,False,"api;gdpr;billing"
4416,654,8428,"integration","high","open","Permission settings not saving","2025-08-09 18:18:37",NULL,NULL,NULL,True,"bug;sso"
4417,14,219,"integration","critical","resolved","Data import from CSV failing","2024-05-05 03:33:26","2024-05-05 04:43:26","2024-05-06 16:43:26",4,True,"training;performance"
4418,120,1715,"security","medium","waiting_on_customer","Audit log access denied","2025-08-28 16:52:54","2025-08-28 23:52:54",NULL,NULL,False,"gdpr"
4419,59,976,"billing","high","waiting_on_customer","Custom workflow automation broken","2025-08-26 07:35:06","2025-08-26 09:35:06",NULL,NULL,True,"enterprise,ux"
4420,743,NULL,"performance","medium","closed","Need help with API authentication","2025-06-04 23:23:20","2025-06-06 00:23:20","2025-06-08 06:23:20",NULL,False,"billing;gdpr;technical"
4421,622,7921,"billing","medium","closed","Permission settings not saving","2024-03-26 19:53:12","2024-03-29 11:53:12","2024-03-31 15:53:12",NULL,False,"integration, training"
4422,167,2458,"api","high","in_progress","Billing discrepancy on latest invoice","2025-10-07 23:32:46","2025-10-08 06:32:46",NULL,NULL,False,NULL
4423,957,NULL,"technical","high","closed","Account merge request","2025-04-19 03:08:50","2025-04-19 07:08:50","2025-04-22 09:08:50",3,False,"documentation"
4424,342,4341,"account","low","resolved","Gantt chart not rendering correctly","2025-04-21 16:14:43","2025-04-23 17:14:43","2025-04-24 04:14:43",5,False,"bug , integration , mobile , performance"
4425,602,7731,"technical","low","closed","Time tracking sync issues","2025-07-31 11:18:40","2025-08-02 01:18:40","2025-08-06 17:18:40",NULL,False,NULL
4426,340,4333,"account","low","in_progress","Cannot login to dashboard","2025-08-21 21:12:07","2025-08-23 09:12:07",NULL,NULL,False,"sso,bug,technical"
4427,212,3046,"performance","medium","open","Feature request: dark mode","2024-06-30 12:23:35",NULL,NULL,NULL,False,"onboarding, ux, export, mobile"
4428,748,NULL,"feature_request","high","waiting_on_customer","API rate limiting issues","2025-07-25 21:00:53","2025-07-26 02:00:53",NULL,NULL,False,"ux, urgent, technical, security"
4429,1082,NULL,"onboarding","medium","in_progress","Slow loading on project boards","2025-03-31 12:06:51","2025-04-01 18:06:51",NULL,NULL,False,"export , api , integration , performance"
4430,506,6424,"technical","medium","closed","GDPR data export request","2024-07-27 14:40:39","2024-07-29 21:40:39","2024-08-03 00:40:39",4,False,"enterprise"
4431,54,884,"feature_request","medium","in_progress","Feature request: dark mode","2025-04-15 15:48:38","2025-04-16 03:48:38",NULL,NULL,False,"gdpr , documentation"
4432,216,3119,"account","medium","closed","Data import from CSV failing","2025-02-12 11:07:11","2025-02-13 19:07:11","2025-02-15 15:07:11",NULL,False,"documentation"
4433,637,8185,"onboarding","medium","waiting_on_customer","White label logo not displaying","2025-05-27 02:07:49","2025-05-28 19:07:49",NULL,NULL,False,"migration, documentation, performance"
4434,106,1542,"onboarding","high","waiting_on_customer","Webhook delivery failures","2025-10-17 05:03:43","2025-10-17 14:03:43",NULL,NULL,False,NULL
4435,569,7297,"feature_request","low","waiting_on_customer","White label logo not displaying","2025-09-29 16:08:17","2025-09-30 23:08:17",NULL,NULL,False,"export , feature , ux"
4436,900,NULL,"account","high","resolved","Report generation timeout","2024-04-25 17:37:33","2024-04-26 02:37:33","2024-04-27 04:37:33",2,False,"bug, onboarding, bug"
4437,293,3949,"performance","low","waiting_on_customer","Need to add more team members","2025-07-08 03:14:48","2025-07-08 19:14:48",NULL,NULL,False,"migration,bug,ux,migration"
4438,75,1147,"api","medium","closed","Billing discrepancy on latest invoice","2025-01-05 21:50:25","2025-01-08 13:50:25","2025-01-13 15:50:25",NULL,False,"onboarding , enterprise"
4439,380,4833,"feature_request","low","in_progress","Mobile app crashes on Android","2024-01-16 08:42:34","2024-01-17 10:42:34",NULL,NULL,False,"export"
4440,310,4104,"technical","medium","resolved","Duplicate notifications being sent","2025-03-18 04:31:35","2025-03-19 12:31:35","2025-03-20 19:31:35",4,False,"api,feature,mobile,technical"
4441,822,NULL,"technical","critical","in_progress","Custom workflow automation broken","2024-11-05 18:47:46","2024-11-05 19:55:46",NULL,NULL,False,NULL
4442,1000,NULL,"api","low","open","Custom workflow automation broken","2025-09-01 23:25:50",NULL,NULL,NULL,False,"integration, documentation, training, feature"
4443,271,3756,"onboarding","low","waiting_on_customer","Custom workflow automation broken","2025-05-31 02:02:42","2025-05-31 13:02:42",NULL,NULL,False,"onboarding , billing"
4444,88,1332,"feature_request","low","in_progress","Custom workflow automation broken","2025-09-06 18:47:25","2025-09-09 01:47:25",NULL,NULL,False,NULL
4445,306,4072,"api","low","open","Duplicate notifications being sent","2025-07-08 01:33:24",NULL,NULL,NULL,False,"ux , mobile"
4446,565,7218,"data_export","medium","waiting_on_customer","Time tracking sync issues","2024-07-04 00:55:44","2024-07-06 14:55:44",NULL,NULL,False,"feature;ux"
4447,164,2398,"onboarding","medium","resolved","Cannot downgrade plan","2025-09-17 21:03:31","2025-09-18 15:03:31","2025-09-24 09:03:31",NULL,False,"api, export, billing, ux"
4448,329,4206,"technical","low","open","Billing discrepancy on latest invoice","2025-05-12 13:51:38",NULL,NULL,NULL,False,"enterprise,migration"
4449,270,3752,"account","low","in_progress","Export failing for large datasets","2023-05-21 17:32:06","2023-05-22 16:32:06",NULL,NULL,False,"security;integration"
4450,1173,NULL,"account","medium","waiting_on_customer","Export failing for large datasets","2025-10-27 05:23:17","2025-10-29 06:23:17",NULL,NULL,False,"technical, training, integration"
4451,195,2756,"integration","high","closed","Custom workflow automation broken","2025-06-02 18:52:55","2025-06-03 06:52:55","2025-06-06 09:52:55",NULL,False,"sso"
4452,70,1082,"integration","high","resolved","Slow loading on project boards","2024-02-14 07:35:59","2024-02-14 14:35:59","2024-02-17 00:35:59",3,False,NULL
4453,709,NULL,"data_export","low","closed","Audit log access denied","2025-09-15 13:29:10","2025-09-18 13:29:10","2025-09-25 08:29:10",NULL,False,NULL
4454,1153,NULL,"account","critical","waiting_on_customer","Account merge request","2025-10-18 04:00:36","2025-10-18 04:31:36",NULL,NULL,True,NULL
4455,744,NULL,"feature_request","medium","waiting_on_customer","Time tracking sync issues","2024-09-07 18:16:06","2024-09-08 00:16:06",NULL,NULL,False,"sso"
4456,375,4780,"onboarding","high","resolved","Gantt chart not rendering correctly","2024-02-24 12:12:37","2024-02-24 19:12:37","2024-02-29 15:12:37",4,True,"gdpr , feature , bug , export"
4457,775,NULL,"billing","high","open","Data import from CSV failing","2023-10-12 14:46:23",NULL,NULL,NULL,False,"gdpr;onboarding;export"
4458,728,NULL,"billing","medium","open","Mobile app crashes on Android","2025-07-21 05:32:50",NULL,NULL,NULL,False,"onboarding , export , documentation , ux , onboarding"
4459,219,3151,"feature_request","high","resolved","API rate limiting issues","2025-03-30 04:43:50","2025-03-30 07:43:50","2025-03-31 14:43:50",4,False,"ux , billing , mobile , sso"
4460,199,2826,"api","low","open","Webhook delivery failures","2025-09-18 22:34:06",NULL,NULL,NULL,False,"feature, export, training, urgent"
4461,173,2550,"security","low","resolved","Need to add more team members","2025-01-01 17:02:05","2025-01-04 02:02:05","2025-01-08 12:02:05",5,False,NULL
4462,985,NULL,"technical","medium","in_progress","Mobile app crashes on Android","2024-06-18 20:39:47","2024-06-18 23:39:47",NULL,NULL,False,"bug , feature"
4463,347,4478,"integration","low","resolved","API rate limiting issues","2024-03-07 18:40:27","2024-03-10 01:40:27","2024-03-11 15:40:27",4,False,"enterprise"
4464,238,3377,"billing","medium","open","Slow loading on project boards","2024-08-19 15:25:30",NULL,NULL,NULL,False,"urgent,onboarding,documentation,performance"
4465,434,5559,"technical","high","waiting_on_customer","Webhook delivery failures","2025-05-26 22:33:28","2025-05-27 02:33:28",NULL,NULL,False,"billing,mobile,enterprise"
4466,448,5730,"security","low","closed","Mobile app crashes on Android","2025-08-25 08:58:46","2025-08-27 12:58:46","2025-08-31 10:58:46",1,False,"performance,mobile"
4467,199,2818,"performance","medium","open","Time tracking sync issues","2025-10-17 05:57:08",NULL,NULL,NULL,False,NULL
4468,310,4103,"feature_request","high","open","Account merge request","2025-05-17 10:36:54",NULL,NULL,NULL,True,"billing, feature, enterprise, gdpr"
4469,683,NULL,"technical","low","in_progress","Custom workflow automation broken","2025-01-09 17:11:16","2025-01-11 19:11:16",NULL,NULL,False,"billing, billing"
4470,491,6238,"security","medium","closed","Gantt chart not rendering correctly","2025-01-19 04:33:16","2025-01-20 05:33:16","2025-01-25 09:33:16",5,False,"documentation, sso"
4471,86,1308,"performance","high","closed","GDPR data export request","2025-10-24 15:48:44","2025-10-25 00:48:44","2025-10-27 07:48:44",3,False,"api"
4472,251,3526,"billing","medium","closed","Mobile app crashes on Android","2025-03-21 11:20:56","2025-03-23 22:20:56","2025-03-29 16:20:56",5,False,NULL
4473,998,NULL,"feature_request","low","waiting_on_customer","White label logo not displaying","2025-07-11 04:00:04","2025-07-13 21:00:04",NULL,NULL,False,"gdpr , mobile , urgent , export"
4474,77,1181,"api","high","resolved","Report generation timeout","2025-05-25 05:05:28","2025-05-25 17:05:28","2025-05-27 09:05:28",5,False,"export;mobile;api;enterprise"
4475,521,6615,"security","medium","closed","Data import from CSV failing","2025-09-10 07:30:58","2025-09-10 11:30:58","2025-09-12 07:30:58",3,False,NULL
4476,303,4035,"feature_request","low","resolved","Data import from CSV failing","2025-03-02 05:31:17","2025-03-03 01:31:17","2025-03-08 03:31:17",5,False,NULL
4477,600,7724,"integration","critical","resolved","Billing discrepancy on latest invoice","2024-06-27 14:37:14","2024-06-27 16:32:14","2024-07-03 22:32:14",NULL,False,"gdpr, documentation"
4478,1196,NULL,"billing","medium","open","Feature request: dark mode","2024-12-01 15:53:17",NULL,NULL,NULL,False,"api , onboarding , documentation"
4479,275,3799,"security","high","in_progress","Permission settings not saving","2024-10-04 15:19:40","2024-10-05 00:19:40",NULL,NULL,False,NULL
4480,428,5426,"technical","medium","closed","Audit log access denied","2025-09-13 00:56:43","2025-09-13 08:56:43","2025-09-14 17:56:43",NULL,False,"urgent , api , gdpr , onboarding"
4481,1106,NULL,"api","high","open","Integration with Slack not working","2025-06-07 05:01:56",NULL,NULL,NULL,False,"urgent,technical"
4482,31,614,"technical","low","open","Mobile app crashes on Android","2024-02-04 08:45:11",NULL,NULL,NULL,False,"documentation"
4483,392,4958,"api","low","open","SSO configuration help needed","2025-07-19 18:10:48",NULL,NULL,NULL,False,"mobile"
4484,184,2681,"onboarding","low","open","SSO configuration help needed","2025-05-28 20:40:13",NULL,NULL,NULL,False,"integration;sso"
4485,1134,NULL,"billing","medium","resolved","Slow loading on project boards","2024-07-30 03:44:39","2024-07-30 11:44:39","2024-08-05 14:44:39",3,False,"billing;ux;gdpr"
4486,658,8476,"feature_request","medium","open","Integration with Slack not working","2025-02-03 02:47:07",NULL,NULL,NULL,False,"feature;export;mobile"
4487,726,NULL,"api","medium","closed","Cannot downgrade plan","2025-01-01 19:38:44","2025-01-02 14:38:44","2025-01-03 09:38:44",5,False,"training;gdpr"
4488,1192,NULL,"api","low","waiting_on_customer","SSO configuration help needed","2025-01-07 17:27:12","2025-01-09 21:27:12",NULL,NULL,False,"export, training"
4489,1049,NULL,"account","low","closed","Duplicate notifications being sent","2025-09-24 21:33:52","2025-09-25 01:33:52","2025-09-29 21:33:52",3,False,"mobile , ux , bug"
4490,117,1685,"api","high","resolved","Custom workflow automation broken","2025-01-29 19:46:10","2025-01-30 04:46:10","2025-02-05 11:46:10",4,True,"urgent,urgent"
4491,29,573,"feature_request","medium","open","Cannot downgrade plan","2024-11-03 08:19:08",NULL,NULL,NULL,False,"training , feature , urgent , training"
4492,293,3949,"api","medium","waiting_on_customer","Report generation timeout","2023-09-21 02:23:53","2023-09-22 18:23:53",NULL,NULL,False,"onboarding,feature,gdpr,bug"
4493,508,6444,"account","medium","waiting_on_customer","Duplicate notifications being sent","2025-06-27 03:56:48","2025-06-27 09:56:48",NULL,NULL,False,"urgent"
4494,572,7363,"security","medium","resolved","Report generation timeout","2025-05-11 06:50:59","2025-05-12 19:50:59","2025-05-17 15:50:59",5,False,NULL
4495,507,6438,"integration","low","closed","Need help with API authentication","2025-10-05 23:01:10","2025-10-08 06:01:10","2025-10-10 03:01:10",3,False,NULL
4496,633,8126,"security","medium","waiting_on_customer","Cannot login to dashboard","2023-08-26 11:31:59","2023-08-27 02:31:59",NULL,NULL,False,"integration;ux"
4497,745,NULL,"feature_request","low","open","Report generation timeout","2025-08-24 07:23:23",NULL,NULL,NULL,False,"ux"
4498,938,NULL,"performance","medium","resolved","Billing discrepancy on latest invoice","2024-08-02 22:53:27","2024-08-03 14:53:27","2024-08-04 00:53:27",2,False,NULL
4499,560,7168,"feature_request","medium","waiting_on_customer","GDPR data export request","2025-10-11 09:05:21","2025-10-12 03:05:21",NULL,NULL,False,NULL
4500,218,3137,"technical","medium","in_progress","Duplicate notifications being sent","2023-08-21 07:36:46","2023-08-24 06:36:46",NULL,NULL,False,NULL
4501,512,6504,"feature_request","high","open","GDPR data export request","2024-08-10 01:21:35",NULL,NULL,NULL,True,"onboarding,export,gdpr,onboarding"
4502,68,1070,"integration","medium","resolved","Data import from CSV failing","2024-07-26 14:03:57","2024-07-26 16:03:57","2024-08-02 02:03:57",4,False,"documentation,sso"
4503,296,3961,"billing","high","in_progress","Integration with Slack not working","2024-06-11 00:13:09","2024-06-11 02:13:09",NULL,NULL,False,NULL
4504,181,2635,"data_export","medium","resolved","Need help with API authentication","2025-05-17 12:30:07","2025-05-18 08:30:07","2025-05-23 10:30:07",5,False,"feature"
4505,544,6920,"api","low","resolved","Need help with API authentication","2025-09-13 12:08:04","2025-09-15 00:08:04","2025-09-18 12:08:04",NULL,False,"integration;urgent;documentation"
4506,801,NULL,"api","high","waiting_on_customer","Need help with API authentication","2023-11-25 15:58:33","2023-11-26 02:58:33",NULL,NULL,True,"feature,ux"
4507,1179,NULL,"account","low","closed","Export failing for large datasets","2025-10-01 18:12:31","2025-10-02 22:12:31","2025-10-05 20:12:31",5,False,"export, api, sso, export"
4508,318,4149,"data_export","critical","waiting_on_customer","Data import from CSV failing","2024-02-07 23:02:59","2024-02-08 00:36:59",NULL,NULL,False,"export, billing, bug, feature"
4509,948,NULL,"security","medium","in_progress","Gantt chart not rendering correctly","2024-04-16 08:35:14","2024-04-18 02:35:14",NULL,NULL,False,"onboarding"
4510,137,2020,"onboarding","critical","open","Feature request: dark mode","2025-08-31 17:21:17",NULL,NULL,NULL,True,"urgent"
4511,1073,NULL,"onboarding","low","closed","Permission settings not saving","2024-06-19 16:02:23","2024-06-21 18:02:23","2024-06-26 07:02:23",5,False,"performance, gdpr, integration, migration"
4512,306,4067,"feature_request","medium","waiting_on_customer","Slow loading on project boards","2025-09-10 18:01:49","2025-09-11 20:01:49",NULL,NULL,False,"technical , ux"
4513,259,3585,"performance","medium","resolved","Duplicate notifications being sent","2025-06-18 14:59:13","2025-06-19 02:59:13","2025-06-19 12:59:13",5,False,"api,enterprise"
4514,1126,NULL,"technical","medium","closed","Data import from CSV failing","2025-04-10 21:48:34","2025-04-13 16:48:34","2025-04-20 05:48:34",2,False,"mobile , technical , api"
4515,939,NULL,"feature_request","medium","closed","Duplicate notifications being sent","2025-05-28 08:25:32","2025-05-31 08:25:32","2025-06-06 04:25:32",NULL,False,"feature, api"
4516,838,NULL,"technical","critical","in_progress","Cannot login to dashboard","2025-05-14 20:28:40","2025-05-14 21:51:40",NULL,NULL,False,"integration,enterprise,bug,technical"
4517,1013,NULL,"performance","medium","in_progress","Duplicate notifications being sent","2025-03-28 05:52:50","2025-03-28 18:52:50",NULL,NULL,False,"bug , ux"
4518,1136,NULL,"api","high","open","White label logo not displaying","2024-05-10 07:01:41",NULL,NULL,NULL,False,NULL
4519,127,1843,"data_export","low","open","GDPR data export request","2024-07-22 03:35:35",NULL,NULL,NULL,False,"sso;urgent;documentation;training"
4520,130,1962,"performance","high","closed","Data import from CSV failing","2025-04-24 15:26:51","2025-04-24 23:26:51","2025-04-28 10:26:51",4,False,"mobile , billing , integration"
4521,1046,NULL,"onboarding","low","waiting_on_customer","GDPR data export request","2025-05-31 16:21:59","2025-06-03 10:21:59",NULL,NULL,False,"bug,urgent,export"
4522,408,5175,"security","high","resolved","SSO configuration help needed","2025-08-08 11:50:15","2025-08-08 16:50:15","2025-08-11 08:50:15",5,True,"api"
4523,1174,NULL,"api","medium","in_progress","Audit log access denied","2025-03-01 14:48:09","2025-03-03 00:48:09",NULL,NULL,False,"integration"
4524,653,8425,"security","medium","in_progress","API rate limiting issues","2024-04-07 05:22:03","2024-04-09 21:22:03",NULL,NULL,False,"integration , technical , documentation"
4525,468,6039,"api","low","waiting_on_customer","API rate limiting issues","2025-05-25 20:51:52","2025-05-28 18:51:52",NULL,NULL,False,"documentation"
4526,440,5607,"onboarding","medium","closed","SSO configuration help needed","2025-01-16 09:12:31","2025-01-17 18:12:31","2025-01-20 09:12:31",NULL,False,"urgent , performance , feature , security"
4527,1100,NULL,"technical","critical","closed","White label logo not displaying","2025-08-28 11:23:57","2025-08-28 12:40:57","2025-08-29 12:40:57",NULL,False,NULL
4528,1074,NULL,"billing","high","waiting_on_customer","Slow loading on project boards","2023-12-28 13:42:39","2023-12-28 15:42:39",NULL,NULL,False,NULL
4529,796,NULL,"integration","low","in_progress","GDPR data export request","2024-08-22 19:32:05","2024-08-23 17:32:05",NULL,NULL,False,"integration , api"
4530,915,NULL,"feature_request","medium","in_progress","GDPR data export request","2025-08-03 02:37:41","2025-08-04 17:37:41",NULL,NULL,False,"mobile,ux,training,enterprise"
4531,800,NULL,"security","high","closed","Audit log access denied","2025-09-30 22:48:45","2025-10-01 02:48:45","2025-10-02 07:48:45",4,True,"migration,gdpr"
4532,531,6731,"feature_request","high","closed","SSO configuration help needed","2025-07-14 16:14:19","2025-07-14 18:14:19","2025-07-18 12:14:19",3,False,"bug , technical , performance"
4533,85,1304,"billing","medium","in_progress","White label logo not displaying","2025-08-27 09:56:30","2025-08-29 08:56:30",NULL,NULL,False,"mobile;technical"
4534,845,NULL,"onboarding","medium","closed","Export failing for large datasets","2024-09-26 14:49:54","2024-09-27 19:49:54","2024-09-30 12:49:54",NULL,False,"training;export;sso"
4535,131,1968,"technical","medium","resolved","Feature request: dark mode","2025-01-13 11:02:52","2025-01-14 06:02:52","2025-01-18 17:02:52",5,False,NULL
4536,1166,NULL,"data_export","medium","waiting_on_customer","Mobile app crashes on Android","2024-06-23 14:50:38","2024-06-25 21:50:38",NULL,NULL,False,NULL
4537,239,3399,"feature_request","critical","in_progress","Audit log access denied","2025-09-27 15:25:15","2025-09-27 17:10:15",NULL,NULL,True,"enterprise, documentation, ux, bug"
4538,1034,NULL,"billing","high","waiting_on_customer","Cannot downgrade plan","2025-04-04 10:56:46","2025-04-04 19:56:46",NULL,NULL,False,NULL
4539,702,NULL,"onboarding","medium","resolved","Need help with API authentication","2025-06-01 04:30:59","2025-06-03 00:30:59","2025-06-03 02:30:59",5,False,"feature, enterprise"
4540,898,NULL,"integration","low","in_progress","Integration with Slack not working","2023-05-30 10:05:35","2023-05-31 20:05:35",NULL,NULL,False,"api , onboarding , technical , integration"
4541,441,5610,"performance","medium","in_progress","Need help with API authentication","2025-03-23 20:47:17","2025-03-23 22:47:17",NULL,NULL,False,"billing,security,feature,ux"
4542,1068,NULL,"onboarding","medium","open","Integration with Slack not working","2025-03-30 12:46:35",NULL,NULL,NULL,False,NULL
4543,1056,NULL,"onboarding","medium","waiting_on_customer","API rate limiting issues","2023-11-30 16:00:09","2023-12-01 07:00:09",NULL,NULL,False,"onboarding, bug, migration, training"
4544,876,NULL,"api","low","resolved","Integration with Slack not working","2024-10-31 05:24:59","2024-10-31 21:24:59","2024-11-02 09:24:59",5,False,"feature;api;mobile"
4545,1043,NULL,"onboarding","medium","resolved","Cannot downgrade plan","2024-07-26 17:23:04","2024-07-28 09:23:04","2024-08-03 09:23:04",NULL,False,"migration, gdpr"
4546,983,NULL,"feature_request","low","waiting_on_customer","Export failing for large datasets","2025-02-09 01:09:35","2025-02-10 01:09:35",NULL,NULL,False,"integration"
4547,135,1996,"billing","high","resolved","Audit log access denied","2025-01-29 03:30:40","2025-01-29 13:30:40","2025-02-02 22:30:40",NULL,False,"urgent"
4548,796,NULL,"billing","medium","open","Cannot login to dashboard","2024-05-23 00:13:35",NULL,NULL,NULL,False,"technical"
4549,36,662,"security","low","in_progress","Billing discrepancy on latest invoice","2025-09-19 17:55:40","2025-09-22 00:55:40",NULL,NULL,False,"technical, mobile, bug"
4550,939,NULL,"api","medium","closed","Report generation timeout","2025-10-19 07:29:48","2025-10-20 10:29:48","2025-10-23 13:29:48",3,False,"urgent , technical"
4551,1194,NULL,"technical","medium","in_progress","Slow loading on project boards","2025-10-04 08:50:22","2025-10-06 14:50:22",NULL,NULL,False,NULL
4552,450,5808,"integration","high","resolved","White label logo not displaying","2025-02-17 20:28:37","2025-02-18 06:28:37","2025-02-23 21:28:37",5,True,"mobile , urgent , documentation , api"
4553,1033,NULL,"data_export","critical","in_progress","Cannot login to dashboard","2024-01-26 00:20:38","2024-01-26 00:57:38",NULL,NULL,True,"bug;documentation;api;enterprise"
4554,586,7568,"account","low","resolved","White label logo not displaying","2025-05-27 20:36:51","2025-05-29 22:36:51","2025-06-02 04:36:51",4,False,"billing , enterprise , mobile"
4555,602,7733,"performance","low","in_progress","Mobile app crashes on Android","2025-07-28 21:21:44","2025-07-29 02:21:44",NULL,NULL,False,NULL
4556,375,4780,"security","medium","closed","Report generation timeout","2025-01-17 15:35:48","2025-01-20 01:35:48","2025-01-20 21:35:48",NULL,False,"ux;bug;api;export"
4557,470,6051,"billing","medium","resolved","Permission settings not saving","2025-10-09 07:33:29","2025-10-11 10:33:29","2025-10-15 12:33:29",NULL,False,"urgent , ux , technical"
4558,976,NULL,"integration","high","in_progress","API rate limiting issues","2023-12-04 08:06:37","2023-12-04 10:06:37",NULL,NULL,True,"api, onboarding, sso, security"
4559,886,NULL,"feature_request","high","in_progress","White label logo not displaying","2025-10-27 01:19:38","2025-10-27 10:19:38",NULL,NULL,False,"performance"
4560,350,4490,"integration","medium","open","Report generation timeout","2024-11-08 22:03:48",NULL,NULL,NULL,False,"api;export;integration;urgent"
4561,466,6032,"billing","medium","resolved","GDPR data export request","2025-10-15 11:44:25","2025-10-16 19:44:25","2025-10-20 03:44:25",4,False,NULL
4562,738,NULL,"account","medium","resolved","Permission settings not saving","2024-09-07 07:16:17","2024-09-07 09:16:17","2024-09-11 04:16:17",3,False,"enterprise"
4563,441,5612,"performance","high","open","Mobile app crashes on Android","2025-05-05 05:16:28",NULL,NULL,NULL,True,"bug , migration , api , feature"
4564,136,1998,"onboarding","medium","closed","Cannot downgrade plan","2025-02-18 21:07:55","2025-02-21 17:07:55","2025-02-25 11:07:55",5,False,"documentation;integration"
4565,114,1615,"api","high","open","Report generation timeout","2025-08-31 18:42:59",NULL,NULL,NULL,False,"training;security;migration;feature;training"
4566,1159,NULL,"performance","low","in_progress","Time tracking sync issues","2024-10-23 12:39:37","2024-10-23 15:39:37",NULL,NULL,False,"api,integration,performance,feature"
4567,1074,NULL,"performance","medium","waiting_on_customer","Cannot downgrade plan","2023-04-28 15:20:22","2023-04-28 22:20:22",NULL,NULL,False,NULL
4568,887,NULL,"api","medium","closed","Integration with Slack not working","2025-06-24 15:58:22","2025-06-24 22:58:22","2025-06-29 07:58:22",NULL,False,"urgent,enterprise,performance"
4569,599,7722,"technical","medium","in_progress","Duplicate notifications being sent","2025-02-04 18:36:30","2025-02-06 14:36:30",NULL,NULL,False,"feature, bug"
4570,934,NULL,"onboarding","medium","waiting_on_customer","Report generation timeout","2024-09-29 01:31:35","2024-09-30 02:31:35",NULL,NULL,False,"api , documentation , export"
4571,132,1971,"data_export","high","open","GDPR data export request","2025-08-13 19:59:10",NULL,NULL,NULL,False,"enterprise, ux"
4572,117,1688,"performance","medium","resolved","Webhook delivery failures","2024-10-21 00:47:16","2024-10-21 12:47:16","2024-10-22 09:47:16",NULL,False,"billing, training, export, enterprise"
4573,327,4197,"account","medium","in_progress","SSO configuration help needed","2024-11-11 18:34:17","2024-11-11 20:34:17",NULL,NULL,False,"gdpr , training , mobile , migration"
4574,375,4778,"billing","low","closed","Cannot login to dashboard","2024-10-30 17:02:05","2024-11-01 13:02:05","2024-11-08 02:02:05",NULL,False,"training,billing"
4575,986,NULL,"feature_request","medium","resolved","Feature request: dark mode","2024-03-09 00:16:34","2024-03-11 03:16:34","2024-03-15 11:16:34",2,False,NULL
4576,543,6907,"onboarding","medium","open","Gantt chart not rendering correctly","2025-08-22 22:44:11",NULL,NULL,NULL,False,NULL
4577,455,5842,"feature_request","high","in_progress","Permission settings not saving","2023-04-15 00:43:39","2023-04-15 07:43:39",NULL,NULL,False,"mobile, billing"
4578,1044,NULL,"data_export","high","in_progress","API rate limiting issues","2024-02-05 15:57:53","2024-02-06 02:57:53",NULL,NULL,False,"onboarding , performance , urgent , sso"
4579,270,3754,"performance","medium","closed","GDPR data export request","2023-11-09 15:26:16","2023-11-12 06:26:16","2023-11-15 07:26:16",4,False,"feature, ux, migration, gdpr"
4580,1179,NULL,"api","medium","resolved","Need to add more team members","2025-09-22 18:25:20","2025-09-24 09:25:20","2025-09-25 06:25:20",4,False,"migration"
4581,462,6009,"account","medium","waiting_on_customer","Time tracking sync issues","2025-07-10 06:09:19","2025-07-12 18:09:19",NULL,NULL,False,"training , sso"
4582,989,NULL,"account","medium","in_progress","White label logo not displaying","2024-07-04 02:18:31","2024-07-06 12:18:31",NULL,NULL,False,"api;onboarding;gdpr;security"
4583,42,731,"technical","high","resolved","Export failing for large datasets","2025-09-11 03:57:12","2025-09-11 07:57:12","2025-09-17 22:57:12",4,True,"export"
4584,417,5255,"billing","high","waiting_on_customer","Need help with API authentication","2025-10-24 19:37:54","2025-10-25 00:37:54",NULL,NULL,True,NULL
4585,945,NULL,"integration","medium","resolved","White label logo not displaying","2024-10-26 04:40:04","2024-10-26 16:40:04","2024-11-01 11:40:04",3,False,"onboarding;migration;performance;bug"
4586,564,7217,"security","medium","resolved","Time tracking sync issues","2023-11-03 22:10:48","2023-11-04 23:10:48","2023-11-06 03:10:48",NULL,False,"performance"
4587,472,6057,"technical","medium","closed","Gantt chart not rendering correctly","2025-10-08 15:57:38","2025-10-10 18:57:38","2025-10-13 19:57:38",5,False,"security, ux"
4588,292,3947,"api","medium","closed","API rate limiting issues","2025-10-18 12:55:09","2025-10-21 03:55:09","2025-10-24 12:55:09",NULL,False,NULL
4589,833,NULL,"technical","low","open","Feature request: dark mode","2025-08-27 02:18:57",NULL,NULL,NULL,False,"migration;onboarding"
4590,233,3306,"account","critical","open","Webhook delivery failures","2025-07-12 21:10:13",NULL,NULL,NULL,False,"performance"
4591,186,2686,"performance","medium","in_progress","Feature request: dark mode","2024-06-15 15:36:54","2024-06-17 13:36:54",NULL,NULL,False,"api,performance,enterprise,feature"
4592,227,3202,"integration","critical","open","White label logo not displaying","2024-11-28 00:15:55",NULL,NULL,NULL,False,"api"
4593,963,NULL,"billing","medium","in_progress","GDPR data export request","2025-09-04 03:49:23","2025-09-04 07:49:23",NULL,NULL,False,"security;bug;feature;sso"
4594,636,8182,"onboarding","critical","closed","Duplicate notifications being sent","2025-03-18 19:52:52","2025-03-18 21:24:52","2025-03-20 19:24:52",5,False,"ux"
4595,469,6048,"feature_request","medium","resolved","Gantt chart not rendering correctly","2025-01-12 01:55:09","2025-01-13 19:55:09","2025-01-20 17:55:09",2,False,"feature;bug;urgent;migration"
4596,491,6235,"account","critical","open","API rate limiting issues","2025-06-24 02:45:47",NULL,NULL,NULL,False,NULL
4597,954,NULL,"api","high","closed","Webhook delivery failures","2025-10-25 14:36:44","2025-10-25 22:36:44","2025-10-27 14:36:44",NULL,False,"mobile , documentation , ux"
4598,359,4609,"feature_request","medium","waiting_on_customer","Custom workflow automation broken","2024-06-16 07:29:32","2024-06-16 18:29:32",NULL,NULL,False,"api;onboarding"
4599,637,8185,"billing","high","closed","Report generation timeout","2025-07-09 17:59:28","2025-07-10 00:59:28","2025-07-13 20:59:28",NULL,True,NULL
4600,720,NULL,"performance","critical","resolved","Feature request: dark mode","2025-07-21 01:43:12","2025-07-21 01:52:12","2025-07-23 06:52:12",4,False,"api , mobile , ux , billing"
4601,1174,NULL,"security","medium","resolved","SSO configuration help needed","2025-05-17 08:35:01","2025-05-20 02:35:01","2025-05-24 16:35:01",NULL,False,"bug"
4602,486,6171,"integration","medium","open","Custom workflow automation broken","2025-09-09 04:44:43",NULL,NULL,NULL,False,"integration, billing"
4603,514,6561,"integration","low","waiting_on_customer","Webhook delivery failures","2025-09-25 23:08:59","2025-09-28 02:08:59",NULL,NULL,False,"performance,billing,documentation,training"
4604,220,3156,"billing","medium","waiting_on_customer","Permission settings not saving","2024-11-08 10:53:42","2024-11-10 05:53:42",NULL,NULL,False,"ux,technical,api"
4605,611,7813,"feature_request","medium","in_progress","Need help with API authentication","2025-09-02 05:19:31","2025-09-03 20:19:31",NULL,NULL,False,"enterprise, technical"
4606,708,NULL,"api","high","open","API rate limiting issues","2025-09-26 10:01:30",NULL,NULL,NULL,True,"feature , export , feature"
4607,595,7688,"data_export","high","in_progress","Duplicate notifications being sent","2023-05-28 06:01:54","2023-05-28 15:01:54",NULL,NULL,False,"migration, billing, sso"
4608,1168,NULL,"billing","medium","in_progress","SSO configuration help needed","2025-09-07 05:06:13","2025-09-09 13:06:13",NULL,NULL,False,"billing , security"
4609,1086,NULL,"onboarding","low","resolved","SSO configuration help needed","2023-11-16 07:26:35","2023-11-18 04:26:35","2023-11-18 20:26:35",NULL,False,"onboarding;security"
4610,978,NULL,"security","medium","waiting_on_customer","Permission settings not saving","2025-07-18 03:30:02","2025-07-18 18:30:02",NULL,NULL,False,"mobile"
4611,323,4182,"onboarding","low","open","Duplicate notifications being sent","2024-09-13 05:58:17",NULL,NULL,NULL,False,NULL
4612,951,NULL,"technical","medium","open","Feature request: dark mode","2023-11-17 13:20:53",NULL,NULL,NULL,False,"bug, onboarding"
4613,120,1741,"feature_request","medium","closed","API rate limiting issues","2023-10-25 09:05:53","2023-10-27 16:05:53","2023-10-29 21:05:53",NULL,False,"export"
4614,838,NULL,"account","low","closed","Integration with Slack not working","2025-03-03 13:42:24","2025-03-05 06:42:24","2025-03-07 11:42:24",5,False,NULL
4615,530,6723,"account","low","resolved","Cannot login to dashboard","2025-08-09 09:39:14","2025-08-10 15:39:14","2025-08-16 19:39:14",NULL,False,NULL
4616,224,3170,"api","low","in_progress","Need help with API authentication","2025-07-31 12:35:03","2025-08-03 02:35:03",NULL,NULL,False,"migration;ux"
4617,227,3202,"api","medium","closed","Billing discrepancy on latest invoice","2025-02-18 23:10:08","2025-02-21 10:10:08","2025-02-22 07:10:08",4,False,NULL
4618,804,NULL,"technical","medium","closed","Custom workflow automation broken","2024-11-08 09:25:54","2024-11-08 16:25:54","2024-11-13 22:25:54",5,False,"documentation"
4619,495,6263,"data_export","low","resolved","Feature request: dark mode","2025-04-27 12:11:01","2025-04-30 00:11:01","2025-05-04 13:11:01",2,False,NULL
4620,160,2336,"billing","low","closed","Need to add more team members","2023-12-05 13:42:20","2023-12-05 22:42:20","2023-12-09 22:42:20",4,False,"gdpr,technical"
4621,157,2272,"technical","high","open","Data import from CSV failing","2025-08-19 05:23:31",NULL,NULL,NULL,False,"documentation , export , documentation"
4622,261,3637,"performance","medium","closed","API rate limiting issues","2025-10-06 16:24:42","2025-10-09 08:24:42","2025-10-13 02:24:42",5,False,"enterprise"
4623,690,NULL,"onboarding","critical","waiting_on_customer","Cannot downgrade plan","2024-03-04 15:54:58","2024-03-04 15:59:58",NULL,NULL,True,NULL
4624,648,8403,"data_export","high","open","Gantt chart not rendering correctly","2025-06-29 16:47:24",NULL,NULL,NULL,True,"performance;ux"
4625,583,7542,"account","low","resolved","Time tracking sync issues","2025-10-19 08:57:45","2025-10-19 12:57:45","2025-10-26 04:57:45",5,False,"urgent"
4626,1003,NULL,"api","low","closed","Export failing for large datasets","2024-11-06 02:13:03","2024-11-08 15:13:03","2024-11-10 23:13:03",2,False,"security, integration, technical, mobile"
4627,306,4069,"technical","medium","resolved","SSO configuration help needed","2024-05-01 14:17:24","2024-05-04 12:17:24","2024-05-06 14:17:24",4,False,"bug, billing, onboarding, sso"
4628,138,2053,"technical","low","waiting_on_customer","Duplicate notifications being sent","2023-07-09 15:56:25","2023-07-12 01:56:25",NULL,NULL,False,NULL
4629,1056,NULL,"data_export","critical","resolved","Audit log access denied","2024-10-12 13:53:22","2024-10-12 15:20:22","2024-10-14 16:20:22",3,True,"sso,sso"
4630,316,4129,"account","critical","open","Mobile app crashes on Android","2024-11-18 17:49:29",NULL,NULL,NULL,False,"integration;gdpr"
4631,580,7516,"data_export","medium","closed","Webhook delivery failures","2025-02-05 10:08:32","2025-02-06 00:08:32","2025-02-12 02:08:32",NULL,False,NULL
4632,669,NULL,"account","low","closed","GDPR data export request","2024-12-18 04:21:44","2024-12-20 17:21:44","2024-12-21 04:21:44",NULL,False,"migration,documentation,performance,integration"
4633,500,6376,"data_export","high","closed","Gantt chart not rendering correctly","2024-11-13 12:13:59","2024-11-13 21:13:59","2024-11-14 15:13:59",NULL,False,"bug,migration,security"
4634,27,547,"integration","medium","waiting_on_customer","Integration with Slack not working","2025-05-05 03:30:29","2025-05-06 02:30:29",NULL,NULL,False,NULL
4635,176,2565,"api","medium","in_progress","Account merge request","2024-04-25 06:00:11","2024-04-27 13:00:11",NULL,NULL,False,"technical"
4636,1162,NULL,"feature_request","low","waiting_on_customer","Report generation timeout","2025-01-23 20:30:16","2025-01-23 22:30:16",NULL,NULL,False,"mobile , sso , gdpr"
4637,1155,NULL,"onboarding","high","open","Account merge request","2025-10-28 12:43:17",NULL,NULL,NULL,False,"integration;performance"
4638,665,NULL,"data_export","low","closed","Slow loading on project boards","2025-04-07 14:01:27","2025-04-08 21:01:27","2025-04-12 18:01:27",5,False,"enterprise , billing , performance"
4639,1047,NULL,"security","medium","waiting_on_customer","Data import from CSV failing","2023-10-03 14:41:52","2023-10-04 11:41:52",NULL,NULL,False,NULL
4640,121,1748,"technical","high","waiting_on_customer","Custom workflow automation broken","2025-07-22 20:57:23","2025-07-23 08:57:23",NULL,NULL,False,NULL
4641,537,6835,"feature_request","high","resolved","Feature request: dark mode","2025-04-25 19:45:15","2025-04-25 22:45:15","2025-04-27 01:45:15",5,False,"migration;sso"
4642,1082,NULL,"account","medium","open","Export failing for large datasets","2025-03-01 05:19:19",NULL,NULL,NULL,False,"billing;gdpr"
4643,143,2121,"integration","medium","waiting_on_customer","Billing discrepancy on latest invoice","2025-07-11 06:56:39","2025-07-14 04:56:39",NULL,NULL,False,"technical , feature"
4644,506,6417,"onboarding","low","resolved","Gantt chart not rendering correctly","2025-02-04 13:56:12","2025-02-06 23:56:12","2025-02-11 16:56:12",3,False,"api, training, security, billing"
4645,1181,NULL,"account","medium","closed","Export failing for large datasets","2025-09-12 19:17:43","2025-09-13 13:17:43","2025-09-14 13:17:43",4,False,"enterprise;mobile;gdpr;billing"
4646,450,5770,"feature_request","low","waiting_on_customer","Export failing for large datasets","2024-06-03 01:58:31","2024-06-03 05:58:31",NULL,NULL,False,"onboarding , bug"
4647,823,NULL,"security","low","closed","Time tracking sync issues","2025-09-23 20:32:29","2025-09-26 13:32:29","2025-10-01 21:32:29",3,False,"billing , billing"
4648,789,NULL,"feature_request","low","in_progress","Cannot login to dashboard","2025-10-27 20:52:43","2025-10-30 08:52:43",NULL,NULL,False,NULL
4649,698,NULL,"onboarding","medium","open","Need help with API authentication","2024-04-05 19:28:21",NULL,NULL,NULL,False,"training;billing;migration"
4650,731,NULL,"billing","low","closed","Custom workflow automation broken","2025-09-15 16:09:04","2025-09-18 03:09:04","2025-09-21 06:09:04",NULL,False,"documentation, feature, sso, integration"
4651,603,7736,"performance","medium","closed","Feature request: dark mode","2025-10-13 00:46:04","2025-10-13 23:46:04","2025-10-18 05:46:04",5,False,"performance, documentation, api, integration"
4652,572,7359,"technical","medium","resolved","Slow loading on project boards","2025-08-06 17:15:18","2025-08-07 06:15:18","2025-08-07 13:15:18",4,False,NULL
4653,780,NULL,"technical","low","waiting_on_customer","Account merge request","2024-12-29 15:39:34","2024-12-29 23:39:34",NULL,NULL,False,"migration,urgent,bug,documentation"
4654,717,NULL,"data_export","medium","waiting_on_customer","Custom workflow automation broken","2025-01-13 14:10:35","2025-01-14 11:10:35",NULL,NULL,False,"documentation;sso;bug"
4655,862,NULL,"onboarding","critical","closed","Webhook delivery failures","2025-10-03 23:49:39","2025-10-04 00:55:39","2025-10-07 08:55:39",3,False,"performance, training, gdpr"
4656,730,NULL,"integration","critical","in_progress","Slow loading on project boards","2025-09-21 19:15:54","2025-09-21 20:53:54",NULL,NULL,True,"api;documentation;training;gdpr"
4657,402,5115,"technical","critical","waiting_on_customer","Need to add more team members","2025-08-26 11:08:17","2025-08-26 12:56:17",NULL,NULL,True,"enterprise;urgent;enterprise"
4658,309,4102,"security","medium","in_progress","Feature request: dark mode","2025-05-20 22:28:43","2025-05-22 20:28:43",NULL,NULL,False,"api, ux, security, billing"
4659,1095,NULL,"onboarding","medium","waiting_on_customer","Duplicate notifications being sent","2024-08-25 02:25:05","2024-08-25 23:25:05",NULL,NULL,False,NULL
4660,392,4942,"account","low","resolved","Gantt chart not rendering correctly","2025-05-02 22:14:55","2025-05-05 07:14:55","2025-05-06 09:14:55",NULL,False,"export,api,feature"
4661,368,4708,"security","low","waiting_on_customer","Mobile app crashes on Android","2024-11-07 20:10:53","2024-11-08 22:10:53",NULL,NULL,False,"ux"
4662,652,8423,"integration","low","in_progress","Time tracking sync issues","2025-09-04 17:14:54","2025-09-06 09:14:54",NULL,NULL,False,"training,technical,security"
4663,1118,NULL,"account","high","resolved","Slow loading on project boards","2025-08-29 20:27:23","2025-08-30 08:27:23","2025-09-05 10:27:23",NULL,False,"bug,enterprise"
4664,1058,NULL,"technical","high","waiting_on_customer","Webhook delivery failures","2025-05-31 17:52:15","2025-05-31 18:52:15",NULL,NULL,False,NULL
4665,1003,NULL,"technical","medium","open","Time tracking sync issues","2024-10-27 12:47:37",NULL,NULL,NULL,False,"enterprise"
4666,484,6154,"data_export","critical","open","Cannot login to dashboard","2025-04-06 02:26:07",NULL,NULL,NULL,False,"ux;training"
4667,1184,NULL,"account","low","resolved","API rate limiting issues","2025-08-02 07:14:30","2025-08-03 07:14:30","2025-08-08 23:14:30",2,False,"gdpr, mobile, onboarding"
4668,691,NULL,"integration","medium","closed","Permission settings not saving","2025-09-19 15:56:00","2025-09-21 18:56:00","2025-09-27 15:56:00",5,False,"feature,integration,training,feature"
4669,1033,NULL,"technical","medium","in_progress","Audit log access denied","2023-10-03 01:31:25","2023-10-05 17:31:25",NULL,NULL,False,NULL
4670,155,2256,"onboarding","medium","in_progress","White label logo not displaying","2025-09-21 00:13:19","2025-09-22 23:13:19",NULL,NULL,False,"urgent;feature"
4671,559,7166,"billing","high","open","Gantt chart not rendering correctly","2025-10-18 02:42:39",NULL,NULL,NULL,False,"onboarding,sso,gdpr,enterprise"
4672,1158,NULL,"account","low","in_progress","Cannot login to dashboard","2025-03-18 10:21:02","2025-03-19 00:21:02",NULL,NULL,False,"bug,sso,bug"
4673,941,NULL,"api","low","open","Gantt chart not rendering correctly","2023-08-08 11:44:47",NULL,NULL,NULL,False,"feature"
4674,414,5215,"account","low","in_progress","Integration with Slack not working","2025-08-10 19:29:29","2025-08-12 19:29:29",NULL,NULL,False,"urgent"
4675,12,209,"integration","critical","in_progress","Need help with API authentication","2025-07-16 09:39:39","2025-07-16 09:52:39",NULL,NULL,False,"feature , enterprise"
4676,1005,NULL,"api","critical","resolved","Data import from CSV failing","2025-01-22 12:05:15","2025-01-22 14:01:15","2025-01-28 06:01:15",4,False,"feature;bug;technical;export"
4677,1150,NULL,"onboarding","medium","closed","White label logo not displaying","2025-06-02 07:47:28","2025-06-02 12:47:28","2025-06-06 07:47:28",1,False,"technical , mobile , bug , security"
4678,238,3366,"onboarding","low","resolved","API rate limiting issues","2023-08-07 17:37:01","2023-08-10 11:37:01","2023-08-13 16:37:01",NULL,False,"sso;documentation"
4679,570,7321,"api","medium","resolved","White label logo not displaying","2025-10-16 07:34:07","2025-10-16 19:34:07","2025-10-18 23:34:07",2,False,NULL
4680,1121,NULL,"feature_request","high","closed","Integration with Slack not working","2024-07-02 15:39:38","2024-07-03 01:39:38","2024-07-09 18:39:38",4,False,"export , security , integration"
4681,880,NULL,"onboarding","high","in_progress","Gantt chart not rendering correctly","2023-12-27 09:31:44","2023-12-27 12:31:44",NULL,NULL,True,"enterprise, gdpr, billing"
4682,236,3319,"feature_request","medium","waiting_on_customer","Need help with API authentication","2025-05-27 07:14:25","2025-05-27 12:14:25",NULL,NULL,False,"billing, feature, training"
4683,747,NULL,"technical","medium","in_progress","Feature request: dark mode","2024-11-23 17:53:14","2024-11-24 06:53:14",NULL,NULL,False,NULL
4684,224,3169,"technical","critical","open","GDPR data export request","2023-12-25 16:10:42",NULL,NULL,NULL,False,NULL
4685,620,7878,"data_export","medium","closed","API rate limiting issues","2024-10-18 14:28:20","2024-10-19 20:28:20","2024-10-23 18:28:20",NULL,False,"gdpr;sso;enterprise"
4686,904,NULL,"billing","high","in_progress","Integration with Slack not working","2025-08-19 18:03:15","2025-08-20 01:03:15",NULL,NULL,True,"technical,bug,gdpr,migration"
4687,808,NULL,"performance","medium","resolved","Report generation timeout","2025-10-22 12:15:28","2025-10-22 21:15:28","2025-10-28 01:15:28",3,False,"technical,ux"
4688,138,2068,"onboarding","low","waiting_on_customer","Billing discrepancy on latest invoice","2023-11-11 01:52:06","2023-11-13 18:52:06",NULL,NULL,False,"sso , ux"
4689,1109,NULL,"account","high","closed","Export failing for large datasets","2025-10-03 02:36:20","2025-10-03 14:36:20","2025-10-09 17:36:20",4,True,"security, feature, onboarding"
4690,11,207,"account","low","resolved","Cannot login to dashboard","2024-10-19 17:29:03","2024-10-22 03:29:03","2024-10-23 06:29:03",1,False,"onboarding"
4691,1060,NULL,"onboarding","low","open","GDPR data export request","2025-06-26 05:59:17",NULL,NULL,NULL,False,"technical, documentation, feature, enterprise"
4692,869,NULL,"billing","low","open","Time tracking sync issues","2023-12-30 03:59:05",NULL,NULL,NULL,False,"migration"
4693,807,NULL,"technical","medium","resolved","Billing discrepancy on latest invoice","2024-11-18 05:18:26","2024-11-19 04:18:26","2024-11-21 22:18:26",5,False,"training , integration , onboarding , urgent"
4694,726,NULL,"api","medium","resolved","Cannot login to dashboard","2025-05-06 18:40:31","2025-05-08 03:40:31","2025-05-13 20:40:31",NULL,False,"technical , training , ux"
4695,640,8283,"onboarding","medium","in_progress","Webhook delivery failures","2025-09-18 23:48:46","2025-09-19 03:48:46",NULL,NULL,False,"ux, feature, export, urgent"
4696,17,380,"data_export","high","resolved","Cannot login to dashboard","2025-03-03 06:46:45","2025-03-03 13:46:45","2025-03-05 01:46:45",5,False,"sso, training, export, onboarding"
4697,654,8432,"feature_request","medium","resolved","Mobile app crashes on Android","2025-07-24 16:24:35","2025-07-27 00:24:35","2025-07-28 11:24:35",3,False,"bug,export"
4698,1143,NULL,"integration","critical","in_progress","Mobile app crashes on Android","2025-09-03 11:20:50","2025-09-03 13:11:50",NULL,NULL,False,"ux , migration"
4699,899,NULL,"account","low","closed","Time tracking sync issues","2025-03-03 15:51:18","2025-03-06 07:51:18","2025-03-08 11:51:18",4,False,NULL
4700,39,686,"security","low","resolved","GDPR data export request","2025-10-01 06:22:50","2025-10-03 14:22:50","2025-10-04 15:22:50",4,False,"gdpr , api"
4701,213,3072,"data_export","medium","waiting_on_customer","Integration with Slack not working","2025-06-13 22:42:16","2025-06-14 23:42:16",NULL,NULL,False,NULL
4702,343,4359,"performance","critical","resolved","Feature request: dark mode","2024-04-17 12:25:31","2024-04-17 13:50:31","2024-04-23 13:50:31",3,False,"integration , export , bug , urgent"
4703,960,NULL,"technical","low","closed","API rate limiting issues","2025-07-05 16:01:24","2025-07-07 14:01:24","2025-07-12 14:01:24",2,False,NULL
4704,182,2643,"api","low","waiting_on_customer","Slow loading on project boards","2025-01-18 05:27:40","2025-01-19 08:27:40",NULL,NULL,False,"performance,documentation"
4705,297,3967,"onboarding","medium","waiting_on_customer","Permission settings not saving","2025-07-13 11:55:35","2025-07-16 11:55:35",NULL,NULL,False,NULL
4706,493,6241,"data_export","high","waiting_on_customer","Export failing for large datasets","2025-07-25 23:24:11","2025-07-26 02:24:11",NULL,NULL,True,"onboarding"
4707,775,NULL,"billing","medium","resolved","White label logo not displaying","2025-02-12 19:00:36","2025-02-15 19:00:36","2025-02-18 23:00:36",NULL,False,"migration , urgent"
4708,342,4343,"billing","high","in_progress","Export failing for large datasets","2024-10-12 04:59:30","2024-10-12 15:59:30",NULL,NULL,False,"technical , technical"
4709,630,8116,"api","critical","in_progress","White label logo not displaying","2025-09-27 21:57:24","2025-09-27 23:31:24",NULL,NULL,False,"api,documentation"
4710,1163,NULL,"api","high","resolved","Webhook delivery failures","2025-08-19 07:07:47","2025-08-19 13:07:47","2025-08-25 02:07:47",2,True,"technical"
4711,838,NULL,"api","critical","in_progress","Need to add more team members","2025-07-09 13:29:56","2025-07-09 15:15:56",NULL,NULL,False,"urgent,billing,integration,urgent"
4712,1102,NULL,"onboarding","medium","waiting_on_customer","GDPR data export request","2025-07-12 18:05:52","2025-07-14 15:05:52",NULL,NULL,False,NULL
4713,1130,NULL,"security","low","in_progress","White label logo not displaying","2025-03-28 13:40:01","2025-03-29 23:40:01",NULL,NULL,False,"documentation;mobile"
4714,84,1292,"technical","critical","waiting_on_customer","Cannot login to dashboard","2024-06-09 07:31:31","2024-06-09 08:05:31",NULL,NULL,False,"urgent , migration , ux , bug"
4715,199,2866,"technical","medium","resolved","Mobile app crashes on Android","2025-09-12 16:26:16","2025-09-15 13:26:16","2025-09-16 08:26:16",4,False,NULL
4716,900,NULL,"onboarding","high","open","GDPR data export request","2025-05-22 15:04:58",NULL,NULL,NULL,False,"technical, sso, bug"
4717,46,774,"api","medium","in_progress","Export failing for large datasets","2025-01-26 10:14:00","2025-01-28 06:14:00",NULL,NULL,False,"training;gdpr;integration"
4718,161,2341,"onboarding","medium","waiting_on_customer","Need help with API authentication","2024-10-19 15:25:17","2024-10-22 07:25:17",NULL,NULL,False,"ux , billing , urgent"
4719,1034,NULL,"security","medium","waiting_on_customer","Billing discrepancy on latest invoice","2025-02-17 20:31:55","2025-02-19 08:31:55",NULL,NULL,False,"migration , technical"
4720,548,6972,"billing","critical","closed","Duplicate notifications being sent","2025-09-19 07:17:36","2025-09-19 07:30:36","2025-09-22 22:30:36",NULL,False,NULL
4721,1001,NULL,"data_export","medium","closed","Need help with API authentication","2025-09-08 15:44:14","2025-09-08 21:44:14","2025-09-12 10:44:14",NULL,False,NULL
4722,953,NULL,"security","low","waiting_on_customer","Cannot login to dashboard","2024-08-08 00:00:06","2024-08-10 22:00:06",NULL,NULL,False,"sso, training, onboarding, mobile"
4723,165,2413,"technical","medium","open","API rate limiting issues","2025-06-06 14:29:38",NULL,NULL,NULL,False,"onboarding , bug"
4724,876,NULL,"onboarding","high","in_progress","Account merge request","2025-07-23 18:46:22","2025-07-24 01:46:22",NULL,NULL,False,NULL
4725,86,1308,"onboarding","medium","closed","Webhook delivery failures","2025-06-19 09:26:12","2025-06-21 19:26:12","2025-06-23 01:26:12",2,False,"export , integration"
4726,562,7174,"performance","medium","open","Gantt chart not rendering correctly","2025-10-21 21:27:47",NULL,NULL,NULL,False,"ux, urgent"
4727,531,6740,"onboarding","medium","resolved","Cannot login to dashboard","2025-08-11 00:36:30","2025-08-12 08:36:30","2025-08-18 19:36:30",4,False,"technical,export,ux"
4728,688,NULL,"data_export","low","in_progress","Custom workflow automation broken","2023-06-26 06:32:02","2023-06-29 05:32:02",NULL,NULL,False,"security;integration;urgent;api"
4729,352,4496,"integration","low","open","API rate limiting issues","2025-06-13 10:12:21",NULL,NULL,NULL,False,"documentation, ux, migration, mobile"
4730,399,5095,"integration","low","in_progress","Export failing for large datasets","2025-09-21 06:41:57","2025-09-22 17:41:57",NULL,NULL,False,"training , enterprise"
4731,263,3684,"technical","low","resolved","Report generation timeout","2023-08-04 07:59:14","2023-08-04 12:59:14","2023-08-05 01:59:14",5,False,"integration,urgent,api,onboarding,integration"
4732,1184,NULL,"performance","medium","in_progress","Need help with API authentication","2025-08-04 11:10:38","2025-08-06 14:10:38",NULL,NULL,False,"bug"
4733,1176,NULL,"data_export","low","open","Time tracking sync issues","2025-09-13 05:14:45",NULL,NULL,NULL,False,NULL
4734,505,6402,"integration","medium","closed","Cannot downgrade plan","2024-08-07 02:35:14","2024-08-08 07:35:14","2024-08-09 06:35:14",5,False,"bug"
4735,1141,NULL,"billing","medium","in_progress","Duplicate notifications being sent","2025-07-23 13:47:56","2025-07-24 22:47:56",NULL,NULL,False,"urgent,urgent"
4736,350,4489,"onboarding","low","resolved","Need to add more team members","2023-08-21 06:35:34","2023-08-23 14:35:34","2023-08-28 01:35:34",3,False,"onboarding;ux;onboarding"
4737,1179,NULL,"performance","low","closed","Report generation timeout","2025-09-20 09:01:50","2025-09-20 23:01:50","2025-09-21 17:01:50",NULL,False,"gdpr,urgent,feature,training"
4738,1052,NULL,"integration","low","open","Webhook delivery failures","2025-09-13 20:51:51",NULL,NULL,NULL,False,NULL
4739,925,NULL,"onboarding","medium","open","Account merge request","2025-03-06 00:35:32",NULL,NULL,NULL,False,"api"
4740,655,8436,"onboarding","low","resolved","Slow loading on project boards","2025-10-07 08:23:45","2025-10-08 10:23:45","2025-10-14 08:23:45",NULL,False,"gdpr;onboarding;urgent;export"
4741,12,210,"onboarding","critical","open","Account merge request","2025-04-04 11:27:12",NULL,NULL,NULL,True,"ux;integration;technical"
4742,952,NULL,"feature_request","low","in_progress","Cannot downgrade plan","2025-04-29 05:50:11","2025-05-01 18:50:11",NULL,NULL,False,"gdpr,documentation"
4743,779,NULL,"data_export","medium","waiting_on_customer","Integration with Slack not working","2024-09-15 06:36:35","2024-09-17 10:36:35",NULL,NULL,False,"technical, security, billing, technical"
4744,1095,NULL,"technical","medium","resolved","Account merge request","2025-10-27 16:15:42","2025-10-28 02:15:42","2025-11-01 16:15:42",4,False,"migration,api,export,migration"
4745,484,6154,"integration","low","open","GDPR data export request","2025-06-21 09:54:03",NULL,NULL,NULL,False,"mobile,feature,performance"
4746,802,NULL,"feature_request","low","in_progress","Gantt chart not rendering correctly","2024-10-27 23:30:00","2024-10-28 23:30:00",NULL,NULL,False,"bug;ux;enterprise;feature"
4747,654,8432,"security","medium","closed","Account merge request","2024-10-04 01:58:39","2024-10-06 15:58:39","2024-10-10 07:58:39",4,False,"gdpr, migration, sso"
4748,755,NULL,"account","critical","closed","White label logo not displaying","2025-10-07 08:58:55","2025-10-07 10:40:55","2025-10-11 13:40:55",NULL,False,"api"
4749,9,154,"onboarding","high","closed","Permission settings not saving","2025-06-20 15:44:30","2025-06-21 01:44:30","2025-06-24 22:44:30",4,False,"security , sso , urgent"
4750,932,NULL,"onboarding","high","in_progress","API rate limiting issues","2024-09-09 01:13:05","2024-09-09 13:13:05",NULL,NULL,False,"enterprise , migration , urgent"
4751,541,6893,"integration","low","in_progress","Cannot login to dashboard","2025-03-23 21:08:37","2025-03-25 22:08:37",NULL,NULL,False,"export,enterprise,export"
4752,392,4960,"feature_request","medium","resolved","Report generation timeout","2023-10-01 23:17:38","2023-10-02 12:17:38","2023-10-06 22:17:38",3,False,"migration, onboarding, training, security"
4753,1173,NULL,"data_export","low","waiting_on_customer","Duplicate notifications being sent","2025-09-30 19:01:12","2025-10-01 21:01:12",NULL,NULL,False,"enterprise;training;export"
4754,1111,NULL,"onboarding","critical","open","White label logo not displaying","2025-03-23 16:41:39",NULL,NULL,NULL,False,"export,technical,gdpr"
4755,1160,NULL,"onboarding","low","open","Feature request: dark mode","2025-04-12 01:22:40",NULL,NULL,NULL,False,"api;training"
4756,628,8078,"account","high","waiting_on_customer","Duplicate notifications being sent","2025-04-04 00:25:02","2025-04-04 10:25:02",NULL,NULL,True,NULL
4757,238,3385,"api","critical","closed","Webhook delivery failures","2023-09-04 18:18:32","2023-09-04 19:22:32","2023-09-10 06:22:32",NULL,True,"integration, sso, security, technical"
4758,98,1454,"account","medium","open","Export failing for large datasets","2025-09-29 11:32:45",NULL,NULL,NULL,False,"billing;bug;sso"
4759,612,7815,"api","low","resolved","Export failing for large datasets","2024-08-29 19:39:33","2024-09-01 15:39:33","2024-09-03 11:39:33",5,False,NULL
4760,832,NULL,"technical","medium","resolved","Integration with Slack not working","2025-02-11 00:35:31","2025-02-13 13:35:31","2025-02-18 01:35:31",5,False,"enterprise , billing"
4761,139,2082,"api","medium","in_progress","Billing discrepancy on latest invoice","2025-07-19 09:28:18","2025-07-20 14:28:18",NULL,NULL,False,"technical, onboarding, bug"
4762,72,1108,"technical","critical","resolved","Mobile app crashes on Android","2025-10-02 16:32:03","2025-10-02 17:46:03","2025-10-03 16:46:03",NULL,False,"bug"
4763,925,NULL,"security","medium","closed","Webhook delivery failures","2024-11-05 11:51:20","2024-11-08 03:51:20","2024-11-12 15:51:20",4,False,"gdpr;enterprise;feature;export;gdpr"
4764,1043,NULL,"technical","medium","open","Custom workflow automation broken","2024-10-31 13:55:37",NULL,NULL,NULL,False,"enterprise,security,bug"
4765,220,3154,"feature_request","low","closed","Custom workflow automation broken","2025-08-08 23:43:16","2025-08-10 16:43:16","2025-08-16 21:43:16",3,False,"billing"
4766,851,NULL,"api","high","closed","SSO configuration help needed","2025-09-11 19:14:10","2025-09-12 03:14:10","2025-09-18 06:14:10",5,False,"migration,performance"
4767,774,NULL,"performance","low","waiting_on_customer","Cannot login to dashboard","2025-10-17 17:13:51","2025-10-18 15:13:51",NULL,NULL,False,"integration,security,migration,export"
4768,96,1441,"account","low","waiting_on_customer","Billing discrepancy on latest invoice","2023-12-29 02:33:49","2023-12-29 12:33:49",NULL,NULL,False,"training;feature"
4769,95,1432,"integration","medium","waiting_on_customer","Report generation timeout","2025-02-15 23:15:15","2025-02-16 19:15:15",NULL,NULL,False,NULL
4770,519,6605,"account","medium","waiting_on_customer","Billing discrepancy on latest invoice","2025-09-05 13:10:39","2025-09-07 16:10:39",NULL,NULL,False,"security"
4771,269,3731,"api","medium","open","Slow loading on project boards","2025-09-20 02:50:10",NULL,NULL,NULL,False,NULL
4772,452,5818,"data_export","low","closed","Custom workflow automation broken","2023-06-07 11:05:04","2023-06-08 18:05:04","2023-06-10 15:05:04",4,False,NULL
4773,280,3822,"integration","low","resolved","Time tracking sync issues","2024-06-01 03:32:16","2024-06-03 18:32:16","2024-06-08 13:32:16",2,False,"api , billing"
4774,804,NULL,"account","high","closed","Account merge request","2024-01-25 23:56:34","2024-01-26 08:56:34","2024-01-30 05:56:34",4,False,"api , documentation"
4775,1142,NULL,"performance","high","open","Report generation timeout","2024-12-28 14:26:29",NULL,NULL,NULL,False,"feature"
4776,599,7722,"onboarding","low","waiting_on_customer","Export failing for large datasets","2025-03-05 15:56:47","2025-03-07 22:56:47",NULL,NULL,False,"security,gdpr"
4777,278,3815,"technical","high","open","White label logo not displaying","2025-05-15 00:56:08",NULL,NULL,NULL,False,NULL
4778,451,5816,"technical","high","closed","White label logo not displaying","2025-08-23 08:43:08","2025-08-23 14:43:08","2025-08-26 17:43:08",3,False,"integration, bug, billing, feature, integration"
4779,520,6611,"onboarding","medium","in_progress","Billing discrepancy on latest invoice","2025-08-23 06:12:55","2025-08-25 05:12:55",NULL,NULL,False,"api"
4780,1117,NULL,"integration","low","resolved","Mobile app crashes on Android","2025-02-08 07:14:48","2025-02-10 12:14:48","2025-02-17 10:14:48",NULL,False,"api,technical,performance"
4781,552,7046,"security","critical","open","Time tracking sync issues","2023-06-03 16:54:02",NULL,NULL,NULL,False,"feature"
4782,295,3960,"api","high","in_progress","White label logo not displaying","2025-09-28 12:01:46","2025-09-28 19:01:46",NULL,NULL,False,"documentation,integration,onboarding,performance"
4783,39,682,"security","high","closed","Report generation timeout","2025-09-22 02:41:12","2025-09-22 13:41:12","2025-09-23 07:41:12",5,False,NULL
4784,990,NULL,"api","medium","closed","Account merge request","2025-04-23 11:56:53","2025-04-24 23:56:53","2025-05-01 19:56:53",1,False,"billing,gdpr,technical,migration"
4785,516,6581,"technical","medium","in_progress","Audit log access denied","2025-08-08 09:32:25","2025-08-10 17:32:25",NULL,NULL,False,"documentation,urgent"
4786,130,1966,"onboarding","critical","waiting_on_customer","Slow loading on project boards","2025-07-13 22:02:32","2025-07-13 23:31:32",NULL,NULL,False,"billing,feature,ux,technical"
4787,986,NULL,"onboarding","high","in_progress","Account merge request","2025-04-09 19:00:52","2025-04-09 22:00:52",NULL,NULL,True,"sso , export"
4788,367,4700,"technical","medium","open","Integration with Slack not working","2025-02-25 18:42:55",NULL,NULL,NULL,False,"gdpr, export, technical"
4789,324,4183,"api","high","waiting_on_customer","Gantt chart not rendering correctly","2025-05-27 06:18:43","2025-05-27 13:18:43",NULL,NULL,False,"urgent;export"
4790,81,1259,"api","medium","waiting_on_customer","Integration with Slack not working","2024-04-20 06:21:46","2024-04-22 04:21:46",NULL,NULL,False,NULL
4791,718,NULL,"feature_request","critical","open","Permission settings not saving","2025-09-29 14:11:38",NULL,NULL,NULL,False,NULL
4792,691,NULL,"security","high","waiting_on_customer","Export failing for large datasets","2024-12-26 00:43:43","2024-12-26 11:43:43",NULL,NULL,False,"mobile , enterprise , urgent , feature"
4793,1196,NULL,"security","low","in_progress","Cannot downgrade plan","2024-04-16 02:57:07","2024-04-16 07:57:07",NULL,NULL,False,"security , security"
4794,280,3822,"security","medium","closed","Duplicate notifications being sent","2023-08-21 23:37:09","2023-08-23 11:37:09","2023-08-26 05:37:09",4,False,"training , technical , training"
4795,1081,NULL,"feature_request","high","open","White label logo not displaying","2023-05-18 13:22:42",NULL,NULL,NULL,True,NULL
4796,905,NULL,"onboarding","medium","resolved","Mobile app crashes on Android","2025-10-17 07:32:11","2025-10-18 16:32:11","2025-10-22 15:32:11",NULL,False,"training,billing,migration,enterprise"
4797,951,NULL,"api","low","resolved","Export failing for large datasets","2024-07-10 21:30:35","2024-07-11 10:30:35","2024-07-16 18:30:35",NULL,False,"sso , mobile , onboarding , urgent"
4798,1088,NULL,"api","high","in_progress","Custom workflow automation broken","2025-01-02 18:36:25","2025-01-02 21:36:25",NULL,NULL,False,NULL
4799,946,NULL,"account","low","closed","Cannot downgrade plan","2024-12-27 15:50:18","2024-12-30 13:50:18","2025-01-01 04:50:18",3,False,"documentation, security, bug"
4800,179,2605,"data_export","high","closed","Need help with API authentication","2025-07-11 17:46:59","2025-07-11 23:46:59","2025-07-15 15:46:59",5,False,NULL
4801,782,NULL,"data_export","low","waiting_on_customer","White label logo not displaying","2025-07-09 20:21:42","2025-07-11 00:21:42",NULL,NULL,False,"feature , billing , onboarding"
4802,677,NULL,"security","high","in_progress","White label logo not displaying","2025-04-19 16:23:00","2025-04-19 19:23:00",NULL,NULL,False,"migration,onboarding"
4803,1065,NULL,"feature_request","medium","resolved","SSO configuration help needed","2025-09-02 19:15:36","2025-09-03 16:15:36","2025-09-06 21:15:36",NULL,False,"urgent"
4804,322,4180,"billing","medium","resolved","Webhook delivery failures","2023-05-03 22:08:50","2023-05-06 03:08:50","2023-05-08 20:08:50",4,False,"training"
4805,1066,NULL,"api","medium","resolved","Need help with API authentication","2024-05-30 09:22:46","2024-06-01 17:22:46","2024-06-03 13:22:46",3,False,"migration , enterprise , billing , onboarding"
4806,689,NULL,"security","low","in_progress","Gantt chart not rendering correctly","2025-09-14 02:12:39","2025-09-15 07:12:39",NULL,NULL,False,"training,migration,technical"
4807,1022,NULL,"data_export","low","in_progress","Duplicate notifications being sent","2024-07-30 11:56:36","2024-07-31 20:56:36",NULL,NULL,False,"enterprise , security , api"
4808,401,5105,"account","medium","waiting_on_customer","Custom workflow automation broken","2025-03-19 03:46:12","2025-03-19 19:46:12",NULL,NULL,False,"mobile,urgent,mobile"
4809,980,NULL,"onboarding","medium","in_progress","GDPR data export request","2025-04-08 15:28:27","2025-04-09 03:28:27",NULL,NULL,False,"sso"
4810,695,NULL,"technical","critical","closed","Audit log access denied","2024-04-14 20:50:44","2024-04-14 22:05:44","2024-04-16 08:05:44",NULL,False,"onboarding;mobile;sso;security"
4811,781,NULL,"feature_request","high","waiting_on_customer","Data import from CSV failing","2024-09-11 20:34:49","2024-09-12 00:34:49",NULL,NULL,False,"urgent"
4812,765,NULL,"account","low","open","Billing discrepancy on latest invoice","2024-02-03 23:51:25",NULL,NULL,NULL,False,"migration, security, api"
4813,586,7566,"data_export","high","closed","Custom workflow automation broken","2025-06-11 14:46:43","2025-06-11 21:46:43","2025-06-17 18:46:43",4,False,"billing,export"
4814,1124,NULL,"technical","low","open","Report generation timeout","2025-02-06 12:56:04",NULL,NULL,NULL,False,NULL
4815,974,NULL,"account","medium","waiting_on_customer","Cannot login to dashboard","2024-10-13 12:40:37","2024-10-15 06:40:37",NULL,NULL,False,"documentation,export,performance"
4816,511,6497,"onboarding","medium","waiting_on_customer","GDPR data export request","2025-09-30 20:38:57","2025-10-02 02:38:57",NULL,NULL,False,NULL
4817,1154,NULL,"feature_request","high","in_progress","Slow loading on project boards","2024-07-14 19:34:19","2024-07-15 03:34:19",NULL,NULL,True,"performance , documentation"
4818,1167,NULL,"integration","medium","waiting_on_customer","Duplicate notifications being sent","2025-09-10 03:20:32","2025-09-12 02:20:32",NULL,NULL,False,"performance,sso,billing"
4819,612,7815,"feature_request","high","open","Gantt chart not rendering correctly","2024-06-06 17:12:18",NULL,NULL,NULL,False,"sso , migration , performance , security"
4820,617,7848,"technical","low","resolved","Slow loading on project boards","2025-09-24 19:30:45","2025-09-25 03:30:45","2025-09-30 00:30:45",5,False,"sso"
4821,72,1108,"security","low","waiting_on_customer","Integration with Slack not working","2025-10-06 07:53:27","2025-10-08 20:53:27",NULL,NULL,False,"urgent,urgent"
4822,392,4948,"security","low","closed","Gantt chart not rendering correctly","2023-11-29 20:27:18","2023-11-30 13:27:18","2023-12-01 07:27:18",NULL,False,"security"
4823,703,NULL,"api","medium","closed","Integration with Slack not working","2025-04-24 03:53:11","2025-04-26 23:53:11","2025-04-30 20:53:11",NULL,False,"urgent , migration , documentation , gdpr , urgent"
4824,233,3306,"performance","critical","resolved","GDPR data export request","2024-09-01 14:39:48","2024-09-01 15:00:48","2024-09-08 02:00:48",2,False,"performance , billing"
4825,830,NULL,"api","low","open","GDPR data export request","2024-03-17 21:28:23",NULL,NULL,NULL,False,"migration;integration;urgent;migration"
4826,388,4910,"performance","low","waiting_on_customer","Integration with Slack not working","2024-10-05 18:16:56","2024-10-06 22:16:56",NULL,NULL,False,"api, api"
4827,463,6011,"billing","medium","resolved","Slow loading on project boards","2025-10-26 18:18:39","2025-10-29 13:18:39","2025-11-04 21:18:39",NULL,False,"onboarding;mobile"
4828,1192,NULL,"security","medium","resolved","Data import from CSV failing","2024-11-02 01:41:35","2024-11-02 08:41:35","2024-11-09 01:41:35",4,False,"enterprise;bug;enterprise"
4829,759,NULL,"security","medium","resolved","Data import from CSV failing","2024-07-31 14:46:26","2024-08-03 13:46:26","2024-08-03 22:46:26",4,False,"integration"
4830,885,NULL,"api","medium","open","Need to add more team members","2025-03-26 09:28:24",NULL,NULL,NULL,False,NULL
4831,836,NULL,"billing","critical","closed","Report generation timeout","2025-10-25 06:14:54","2025-10-25 07:27:54","2025-10-26 08:27:54",NULL,False,"security,documentation,performance,urgent"
4832,1004,NULL,"performance","medium","in_progress","Gantt chart not rendering correctly","2024-03-05 23:58:45","2024-03-08 18:58:45",NULL,NULL,False,"sso , integration"
4833,591,7614,"account","high","in_progress","White label logo not displaying","2025-07-09 07:44:56","2025-07-09 09:44:56",NULL,NULL,True,"gdpr,feature"
4834,724,NULL,"account","medium","waiting_on_customer","Cannot downgrade plan","2025-03-02 04:09:38","2025-03-04 16:09:38",NULL,NULL,False,"gdpr"
4835,547,6966,"api","low","closed","Mobile app crashes on Android","2025-03-19 22:35:06","2025-03-21 09:35:06","2025-03-26 00:35:06",NULL,False,"gdpr, api, documentation"
4836,786,NULL,"feature_request","medium","resolved","Permission settings not saving","2025-07-11 04:59:08","2025-07-11 09:59:08","2025-07-11 16:59:08",5,False,NULL
4837,389,4916,"onboarding","medium","resolved","Cannot login to dashboard","2025-05-22 02:51:21","2025-05-23 13:51:21","2025-05-26 03:51:21",4,False,NULL
4838,651,8421,"technical","low","closed","Gantt chart not rendering correctly","2025-03-08 15:49:31","2025-03-11 06:49:31","2025-03-16 06:49:31",2,False,"documentation , ux"
4839,1,3,"technical","critical","resolved","Need to add more team members","2025-09-11 03:48:40","2025-09-11 04:54:40","2025-09-13 23:54:40",4,False,"mobile, integration, performance, migration"
4840,872,NULL,"technical","high","in_progress","Feature request: dark mode","2025-08-09 21:21:02","2025-08-09 22:21:02",NULL,NULL,True,"documentation"
4841,865,NULL,"integration","medium","open","GDPR data export request","2025-07-18 10:11:33",NULL,NULL,NULL,False,"billing, enterprise"
4842,331,4234,"technical","high","resolved","SSO configuration help needed","2025-08-21 12:05:33","2025-08-21 19:05:33","2025-08-25 19:05:33",3,False,"migration, urgent"
4843,846,NULL,"security","low","open","Gantt chart not rendering correctly","2024-08-12 04:09:50",NULL,NULL,NULL,False,"training , api , migration , gdpr"
4844,927,NULL,"performance","medium","resolved","Cannot downgrade plan","2025-07-16 05:30:23","2025-07-16 18:30:23","2025-07-21 06:30:23",1,False,"sso,export"
4845,511,6498,"integration","critical","open","Duplicate notifications being sent","2025-08-17 12:07:24",NULL,NULL,NULL,False,"ux,mobile,bug"
4846,711,NULL,"performance","medium","closed","Audit log access denied","2025-07-27 12:29:29","2025-07-29 10:29:29","2025-07-30 16:29:29",4,False,"documentation, integration, urgent, migration"
4847,970,NULL,"performance","high","waiting_on_customer","Cannot login to dashboard","2024-10-24 11:33:56","2024-10-24 18:33:56",NULL,NULL,True,"sso;mobile;bug"
4848,736,NULL,"api","low","resolved","Data import from CSV failing","2024-10-08 05:01:34","2024-10-08 21:01:34","2024-10-15 01:01:34",5,False,"enterprise,integration,export,ux"
4849,49,803,"technical","low","resolved","Feature request: dark mode","2025-09-02 21:43:06","2025-09-05 17:43:06","2025-09-06 03:43:06",NULL,False,"mobile , training , technical , performance , mobile"
4850,83,1291,"integration","low","closed","Gantt chart not rendering correctly","2024-11-04 12:03:11","2024-11-05 19:03:11","2024-11-11 05:03:11",NULL,False,NULL
4851,975,NULL,"integration","low","waiting_on_customer","Duplicate notifications being sent","2025-05-01 14:50:43","2025-05-02 22:50:43",NULL,NULL,False,"billing , security , migration"
4852,114,1625,"account","medium","closed","Time tracking sync issues","2025-09-19 15:39:10","2025-09-20 04:39:10","2025-09-23 17:39:10",4,False,"integration,export,training,enterprise"
4853,595,7695,"technical","low","resolved","Permission settings not saving","2024-10-28 04:30:44","2024-10-28 09:30:44","2024-10-28 17:30:44",4,False,"gdpr"
4854,661,8487,"feature_request","low","closed","Integration with Slack not working","2025-03-09 07:09:18","2025-03-10 04:09:18","2025-03-15 11:09:18",NULL,False,"documentation,api,training,mobile"
4855,57,926,"technical","low","open","Data import from CSV failing","2025-01-17 02:36:25",NULL,NULL,NULL,False,"enterprise;urgent"
4856,509,6458,"account","medium","resolved","Export failing for large datasets","2025-05-13 08:48:15","2025-05-15 16:48:15","2025-05-22 09:48:15",3,False,NULL
4857,115,1629,"feature_request","high","waiting_on_customer","Need help with API authentication","2025-07-30 07:16:02","2025-07-30 19:16:02",NULL,NULL,True,"enterprise,mobile,performance,migration"
4858,288,3929,"performance","low","open","Export failing for large datasets","2024-02-08 03:42:17",NULL,NULL,NULL,False,NULL
4859,999,NULL,"account","high","waiting_on_customer","Need to add more team members","2025-10-05 19:24:01","2025-10-05 22:24:01",NULL,NULL,True,"security;api;bug;sso"
4860,669,NULL,"api","low","resolved","Data import from CSV failing","2025-05-30 09:05:58","2025-05-30 21:05:58","2025-06-01 00:05:58",NULL,False,"migration , feature , technical"
4861,1012,NULL,"account","high","closed","Gantt chart not rendering correctly","2025-05-01 12:47:08","2025-05-01 22:47:08","2025-05-04 05:47:08",5,False,"integration , billing , mobile , api"
4862,207,2940,"api","low","closed","Cannot login to dashboard","2025-01-12 18:34:52","2025-01-13 20:34:52","2025-01-20 06:34:52",NULL,False,"api"
4863,834,NULL,"billing","low","open","Cannot login to dashboard","2025-08-20 13:41:46",NULL,NULL,NULL,False,"integration"
4864,252,3538,"feature_request","medium","waiting_on_customer","Webhook delivery failures","2025-01-31 13:10:06","2025-02-03 08:10:06",NULL,NULL,False,NULL
4865,71,1097,"data_export","high","waiting_on_customer","Cannot login to dashboard","2025-01-25 07:13:03","2025-01-25 12:13:03",NULL,NULL,True,NULL
4866,402,5111,"feature_request","low","in_progress","Cannot downgrade plan","2025-06-07 00:04:19","2025-06-08 06:04:19",NULL,NULL,False,"ux"
4867,830,NULL,"account","medium","open","Webhook delivery failures","2025-04-18 16:13:16",NULL,NULL,NULL,False,"mobile, documentation, ux, billing"
4868,1195,NULL,"integration","critical","resolved","Data import from CSV failing","2025-01-17 15:52:41","2025-01-17 16:13:41","2025-01-20 04:13:41",3,False,"documentation;urgent;onboarding"
4869,273,3797,"security","high","closed","GDPR data export request","2025-04-20 04:18:29","2025-04-20 14:18:29","2025-04-26 08:18:29",4,False,"bug;integration"
4870,869,NULL,"billing","critical","waiting_on_customer","Need help with API authentication","2023-06-18 14:40:36","2023-06-18 15:21:36",NULL,NULL,False,"enterprise , training"
4871,1017,NULL,"feature_request","medium","waiting_on_customer","Duplicate notifications being sent","2025-04-05 17:32:52","2025-04-06 08:32:52",NULL,NULL,False,"sso"
4872,778,NULL,"account","high","resolved","Mobile app crashes on Android","2023-08-08 04:00:41","2023-08-08 14:00:41","2023-08-14 09:00:41",3,False,"enterprise,bug,sso,technical,enterprise"
4873,135,1995,"integration","low","closed","GDPR data export request","2025-06-10 10:48:10","2025-06-11 14:48:10","2025-06-18 07:48:10",NULL,False,"security"
4874,608,7793,"technical","critical","waiting_on_customer","GDPR data export request","2024-04-30 02:34:57","2024-04-30 03:01:57",NULL,NULL,False,"integration,bug,sso,training"
4875,708,NULL,"integration","critical","waiting_on_customer","Export failing for large datasets","2025-08-27 17:06:27","2025-08-27 18:43:27",NULL,NULL,True,"sso,performance"
4876,552,7038,"account","critical","in_progress","Mobile app crashes on Android","2023-07-31 15:11:57","2023-07-31 16:37:57",NULL,NULL,False,NULL
4877,155,2253,"integration","low","open","Cannot downgrade plan","2025-10-17 21:05:23",NULL,NULL,NULL,False,NULL
4878,486,6176,"account","medium","resolved","Duplicate notifications being sent","2025-06-30 14:29:35","2025-07-03 05:29:35","2025-07-08 11:29:35",4,False,NULL
4879,471,6055,"performance","medium","in_progress","Mobile app crashes on Android","2024-02-22 02:11:12","2024-02-22 15:11:12",NULL,NULL,False,"security"
4880,731,NULL,"account","medium","in_progress","Billing discrepancy on latest invoice","2025-10-03 20:45:06","2025-10-05 08:45:06",NULL,NULL,False,"documentation, security"
4881,1017,NULL,"billing","medium","resolved","Need help with API authentication","2025-06-01 09:43:44","2025-06-03 18:43:44","2025-06-07 16:43:44",4,False,"feature, integration"
4882,1069,NULL,"billing","low","waiting_on_customer","Need help with API authentication","2024-11-09 10:37:45","2024-11-10 21:37:45",NULL,NULL,False,NULL
4883,134,1993,"security","high","closed","Data import from CSV failing","2025-09-24 23:04:05","2025-09-25 08:04:05","2025-10-02 00:04:05",4,False,"onboarding, export"
4884,71,1097,"feature_request","high","resolved","Feature request: dark mode","2024-11-18 05:35:05","2024-11-18 13:35:05","2024-11-21 06:35:05",4,True,"bug"
4885,916,NULL,"account","medium","closed","SSO configuration help needed","2023-12-30 06:44:40","2023-12-31 00:44:40","2023-12-31 13:44:40",1,False,"bug, billing, enterprise"
4886,1041,NULL,"performance","low","open","Data import from CSV failing","2023-08-06 06:55:33",NULL,NULL,NULL,False,"onboarding;migration;performance;ux"
4887,777,NULL,"onboarding","high","closed","Audit log access denied","2025-01-02 09:52:59","2025-01-02 18:52:59","2025-01-09 00:52:59",NULL,True,"enterprise;ux;bug;feature"
4888,956,NULL,"security","critical","in_progress","Cannot downgrade plan","2025-04-19 09:28:45","2025-04-19 10:49:45",NULL,NULL,True,"enterprise"
4889,134,1993,"performance","low","in_progress","Custom workflow automation broken","2024-11-13 00:24:51","2024-11-13 05:24:51",NULL,NULL,False,"integration"
4890,675,NULL,"feature_request","medium","waiting_on_customer","Feature request: dark mode","2025-09-22 21:37:23","2025-09-24 09:37:23",NULL,NULL,False,"training, gdpr, migration, api"
4891,287,3909,"integration","low","in_progress","Mobile app crashes on Android","2024-12-08 03:34:59","2024-12-08 09:34:59",NULL,NULL,False,"feature"
4892,154,2252,"data_export","critical","resolved","Cannot login to dashboard","2025-06-02 20:04:46","2025-06-02 21:45:46","2025-06-06 04:45:46",4,False,NULL
4893,466,6032,"billing","low","waiting_on_customer","Need help with API authentication","2025-05-18 11:49:15","2025-05-19 22:49:15",NULL,NULL,False,NULL
4894,300,4001,"security","medium","open","Permission settings not saving","2025-04-01 10:55:39",NULL,NULL,NULL,False,"integration,billing,mobile"
4895,881,NULL,"performance","high","open","Slow loading on project boards","2023-12-14 04:54:11",NULL,NULL,NULL,False,"onboarding , feature , performance , onboarding"
4896,890,NULL,"api","high","resolved","GDPR data export request","2025-10-11 11:25:42","2025-10-11 16:25:42","2025-10-17 21:25:42",NULL,True,"training,security,ux"
4897,425,5401,"feature_request","medium","waiting_on_customer","Account merge request","2025-09-01 16:06:10","2025-09-03 09:06:10",NULL,NULL,False,NULL
4898,582,7532,"integration","medium","in_progress","Need to add more team members","2025-08-09 17:17:44","2025-08-09 19:17:44",NULL,NULL,False,"enterprise, feature"
4899,1134,NULL,"feature_request","low","waiting_on_customer","Slow loading on project boards","2025-10-28 01:46:00","2025-10-30 02:46:00",NULL,NULL,False,"billing,performance,urgent"
4900,752,NULL,"data_export","medium","open","Report generation timeout","2024-04-14 03:33:48",NULL,NULL,NULL,False,"ux, technical, urgent, export, ux"
4901,1137,NULL,"feature_request","critical","closed","Slow loading on project boards","2025-01-13 17:49:49","2025-01-13 19:05:49","2025-01-19 03:05:49",4,True,"urgent, performance"
4902,852,NULL,"performance","medium","resolved","Gantt chart not rendering correctly","2025-07-23 04:54:46","2025-07-24 15:54:46","2025-07-27 16:54:46",3,False,"urgent;sso;enterprise"
4903,312,4115,"api","high","resolved","Integration with Slack not working","2024-01-17 21:36:13","2024-01-17 23:36:13","2024-01-22 22:36:13",3,False,"api, documentation, bug, api"
4904,241,3414,"security","high","closed","API rate limiting issues","2025-02-09 23:39:47","2025-02-10 05:39:47","2025-02-16 10:39:47",4,True,NULL
4905,50,809,"onboarding","medium","in_progress","Gantt chart not rendering correctly","2025-01-20 11:34:11","2025-01-22 00:34:11",NULL,NULL,False,NULL
4906,238,3389,"integration","medium","in_progress","Need help with API authentication","2024-10-14 10:50:25","2024-10-15 19:50:25",NULL,NULL,False,"bug,documentation,migration,onboarding"
4907,128,1930,"security","high","open","GDPR data export request","2024-12-24 08:39:33",NULL,NULL,NULL,False,"enterprise;gdpr"
4908,1005,NULL,"feature_request","high","resolved","Custom workflow automation broken","2025-10-27 15:46:26","2025-10-27 18:46:26","2025-10-28 20:46:26",2,False,NULL
4909,90,1395,"onboarding","low","open","Integration with Slack not working","2025-08-13 04:40:30",NULL,NULL,NULL,False,"sso , enterprise"
4910,969,NULL,"security","high","closed","Gantt chart not rendering correctly","2025-05-21 04:01:41","2025-05-21 15:01:41","2025-05-23 04:01:41",4,False,"billing"
4911,549,6980,"data_export","medium","in_progress","API rate limiting issues","2025-10-09 07:34:42","2025-10-10 17:34:42",NULL,NULL,False,NULL
4912,908,NULL,"technical","low","open","Custom workflow automation broken","2025-01-01 09:13:43",NULL,NULL,NULL,False,"training;migration"
4913,1019,NULL,"onboarding","low","in_progress","Duplicate notifications being sent","2025-09-03 19:58:13","2025-09-03 23:58:13",NULL,NULL,False,"training, mobile"
4914,514,6555,"security","medium","waiting_on_customer","API rate limiting issues","2025-01-23 01:40:07","2025-01-23 07:40:07",NULL,NULL,False,"enterprise, export"
4915,152,2187,"performance","medium","resolved","GDPR data export request","2025-04-23 02:16:44","2025-04-25 17:16:44","2025-05-01 01:16:44",1,False,"technical, urgent, training, onboarding"
4916,529,6710,"security","medium","waiting_on_customer","Webhook delivery failures","2024-11-01 21:28:54","2024-11-03 11:28:54",NULL,NULL,False,"bug, technical, urgent"
4917,589,7597,"technical","low","waiting_on_customer","Cannot login to dashboard","2025-07-07 16:47:21","2025-07-10 03:47:21",NULL,NULL,False,"feature,onboarding"
4918,475,6075,"integration","low","in_progress","Cannot downgrade plan","2024-12-24 01:17:56","2024-12-27 00:17:56",NULL,NULL,False,"security, bug"
4919,926,NULL,"data_export","low","resolved","SSO configuration help needed","2025-06-29 21:04:14","2025-06-30 14:04:14","2025-07-01 03:04:14",5,False,"mobile,bug,feature"
4920,1139,NULL,"feature_request","high","open","Time tracking sync issues","2024-10-29 20:36:56",NULL,NULL,NULL,False,"api, bug"
4921,303,4028,"technical","medium","resolved","Mobile app crashes on Android","2024-08-23 08:59:27","2024-08-25 10:59:27","2024-08-29 16:59:27",NULL,False,NULL
4922,341,4334,"technical","medium","closed","Custom workflow automation broken","2024-02-12 16:48:48","2024-02-13 02:48:48","2024-02-18 00:48:48",NULL,False,"mobile , billing , onboarding , api"
4923,953,NULL,"api","medium","closed","Gantt chart not rendering correctly","2024-07-02 14:42:52","2024-07-05 08:42:52","2024-07-10 07:42:52",4,False,"api"
4924,1124,NULL,"account","critical","closed","Webhook delivery failures","2025-07-26 06:59:38","2025-07-26 07:47:38","2025-07-30 09:47:38",3,False,"urgent"
4925,954,NULL,"billing","medium","closed","Cannot login to dashboard","2025-07-12 19:01:44","2025-07-13 02:01:44","2025-07-14 17:01:44",NULL,False,"documentation , technical"
4926,396,5040,"integration","low","resolved","Report generation timeout","2025-04-03 06:34:00","2025-04-04 20:34:00","2025-04-06 18:34:00",3,False,"sso"
4927,340,4333,"account","medium","resolved","API rate limiting issues","2025-03-11 08:24:34","2025-03-13 02:24:34","2025-03-16 13:24:34",NULL,False,"api, security"
4928,1177,NULL,"data_export","medium","open","Audit log access denied","2025-01-23 00:39:10",NULL,NULL,NULL,False,"documentation,bug,urgent,ux"
4929,101,1483,"feature_request","medium","open","White label logo not displaying","2024-06-12 19:47:18",NULL,NULL,NULL,False,"enterprise;security;enterprise"
4930,893,NULL,"billing","low","in_progress","Export failing for large datasets","2025-05-18 03:23:54","2025-05-20 03:23:54",NULL,NULL,False,NULL
4931,1077,NULL,"onboarding","medium","closed","GDPR data export request","2025-10-18 15:35:00","2025-10-21 06:35:00","2025-10-24 07:35:00",4,False,"training , technical , documentation , api"
4932,115,1628,"integration","medium","in_progress","Report generation timeout","2025-10-07 14:09:51","2025-10-07 23:09:51",NULL,NULL,False,"feature"
4933,397,5062,"api","low","open","Slow loading on project boards","2024-11-29 14:33:17",NULL,NULL,NULL,False,"security;export;feature"
4934,236,3315,"technical","medium","waiting_on_customer","Time tracking sync issues","2025-09-22 21:19:11","2025-09-24 14:19:11",NULL,NULL,False,"billing,urgent,integration,mobile,billing"
4935,163,2357,"feature_request","high","waiting_on_customer","GDPR data export request","2025-10-11 21:17:34","2025-10-12 02:17:34",NULL,NULL,False,"mobile, enterprise, technical"
4936,1110,NULL,"account","critical","closed","Cannot downgrade plan","2025-07-16 03:03:11","2025-07-16 03:25:11","2025-07-22 18:25:11",5,False,"sso , bug , documentation"
4937,640,8277,"security","medium","in_progress","Duplicate notifications being sent","2025-10-24 08:05:21","2025-10-24 18:05:21",NULL,NULL,False,"feature;enterprise"
4938,1101,NULL,"api","low","waiting_on_customer","Feature request: dark mode","2024-10-23 07:47:14","2024-10-26 07:47:14",NULL,NULL,False,"ux , export , ux"
4939,398,5080,"integration","high","in_progress","Audit log access denied","2023-11-26 09:31:57","2023-11-26 11:31:57",NULL,NULL,False,"urgent;gdpr"
4940,1057,NULL,"integration","low","waiting_on_customer","Custom workflow automation broken","2025-06-09 18:13:40","2025-06-12 07:13:40",NULL,NULL,False,"technical;urgent;ux"
4941,436,5580,"api","medium","resolved","Cannot downgrade plan","2025-04-02 06:48:54","2025-04-04 06:48:54","2025-04-06 23:48:54",4,False,"ux,training,sso"
4942,1068,NULL,"technical","high","closed","Webhook delivery failures","2024-08-01 22:52:51","2024-08-02 07:52:51","2024-08-07 02:52:51",NULL,False,"onboarding;integration;training"
4943,548,6976,"api","low","closed","Duplicate notifications being sent","2024-09-23 15:57:53","2024-09-25 17:57:53","2024-09-29 13:57:53",NULL,False,"enterprise"
4944,535,6801,"account","medium","waiting_on_customer","Feature request: dark mode","2025-05-23 23:42:21","2025-05-26 10:42:21",NULL,NULL,False,"integration;export;billing"
4945,634,8131,"billing","low","closed","Billing discrepancy on latest invoice","2025-06-28 16:07:28","2025-06-29 16:07:28","2025-06-30 14:07:28",3,False,NULL
4946,766,NULL,"performance","critical","open","API rate limiting issues","2025-08-15 05:49:49",NULL,NULL,NULL,False,"integration, feature"
4947,701,NULL,"account","medium","waiting_on_customer","Export failing for large datasets","2025-09-07 07:05:57","2025-09-09 08:05:57",NULL,NULL,False,"gdpr;migration;ux;security"
4948,536,6803,"account","medium","waiting_on_customer","Integration with Slack not working","2025-04-15 21:39:35","2025-04-17 20:39:35",NULL,NULL,False,"feature"
4949,25,525,"billing","low","closed","GDPR data export request","2025-09-26 07:56:37","2025-09-29 04:56:37","2025-10-04 09:56:37",4,False,"onboarding,mobile"
4950,859,NULL,"performance","medium","open","Audit log access denied","2025-01-24 18:51:04",NULL,NULL,NULL,False,"training, billing"
4951,428,5427,"account","low","closed","Duplicate notifications being sent","2024-10-06 20:33:56","2024-10-07 07:33:56","2024-10-11 21:33:56",NULL,False,"feature;security"
4952,1172,NULL,"onboarding","medium","closed","Feature request: dark mode","2024-11-04 20:42:57","2024-11-05 01:42:57","2024-11-05 10:42:57",3,False,"billing;gdpr;urgent;technical"
4953,711,NULL,"onboarding","low","in_progress","Need to add more team members","2025-06-13 11:14:15","2025-06-16 05:14:15",NULL,NULL,False,"migration"
4954,753,NULL,"security","critical","closed","Feature request: dark mode","2023-04-06 22:01:17","2023-04-06 23:34:17","2023-04-08 03:34:17",NULL,False,"api, technical, documentation"
4955,838,NULL,"onboarding","low","open","GDPR data export request","2024-02-14 08:05:18",NULL,NULL,NULL,False,NULL
4956,687,NULL,"security","high","open","Custom workflow automation broken","2025-09-14 04:49:18",NULL,NULL,NULL,True,"bug"
4957,819,NULL,"performance","critical","closed","SSO configuration help needed","2024-08-31 07:01:47","2024-08-31 08:01:47","2024-09-06 21:01:47",2,False,"ux,billing,export,integration"
4958,691,NULL,"onboarding","medium","open","White label logo not displaying","2025-09-04 23:52:12",NULL,NULL,NULL,False,"technical, migration, training, feature, technical"
4959,70,1088,"security","medium","resolved","Webhook delivery failures","2024-06-04 10:09:40","2024-06-05 14:09:40","2024-06-07 00:09:40",5,False,"onboarding;performance"
4960,899,NULL,"onboarding","low","open","Data import from CSV failing","2024-06-19 21:53:43",NULL,NULL,NULL,False,"mobile , training , export"
4961,1162,NULL,"performance","low","open","GDPR data export request","2024-10-25 00:28:42",NULL,NULL,NULL,False,NULL
4962,1148,NULL,"security","medium","waiting_on_customer","Webhook delivery failures","2025-10-05 05:47:36","2025-10-06 12:47:36",NULL,NULL,False,"api , urgent , training"
4963,278,3819,"data_export","medium","resolved","GDPR data export request","2025-10-05 06:28:24","2025-10-06 08:28:24","2025-10-10 05:28:24",5,False,"export, urgent, export"
4964,80,1230,"api","critical","resolved","Need help with API authentication","2025-06-23 02:51:18","2025-06-23 03:21:18","2025-06-27 22:21:18",3,False,NULL
4965,894,NULL,"technical","high","waiting_on_customer","Audit log access denied","2025-06-19 17:33:21","2025-06-19 23:33:21",NULL,NULL,False,"migration, feature, gdpr, migration"
4966,261,3637,"billing","high","open","Integration with Slack not working","2025-01-30 01:19:47",NULL,NULL,NULL,False,"ux"
4967,306,4065,"integration","medium","in_progress","Feature request: dark mode","2024-08-07 19:35:39","2024-08-10 02:35:39",NULL,NULL,False,"onboarding;security;billing"
4968,482,6146,"security","low","closed","Slow loading on project boards","2025-05-17 00:35:17","2025-05-18 20:35:17","2025-05-20 18:35:17",5,False,"export;enterprise"
4969,961,NULL,"security","high","resolved","Slow loading on project boards","2025-03-19 22:00:16","2025-03-20 08:00:16","2025-03-20 16:00:16",NULL,False,"bug;mobile;gdpr;technical"
4970,965,NULL,"security","low","closed","Webhook delivery failures","2025-09-11 12:40:32","2025-09-13 10:40:32","2025-09-14 19:40:32",4,False,"performance, bug, gdpr"
4971,913,NULL,"technical","low","resolved","Webhook delivery failures","2023-12-02 11:54:46","2023-12-03 10:54:46","2023-12-04 14:54:46",4,False,NULL
4972,24,494,"onboarding","low","resolved","API rate limiting issues","2025-10-30 05:34:17","2025-11-01 18:34:17","2025-11-03 13:34:17",5,False,"ux;performance;technical;feature"
4973,222,3166,"security","medium","waiting_on_customer","Cannot login to dashboard","2025-07-29 20:51:17","2025-07-30 09:51:17",NULL,NULL,False,"performance, migration, bug"
4974,1100,NULL,"integration","critical","closed","Gantt chart not rendering correctly","2025-06-05 14:12:03","2025-06-05 16:04:03","2025-06-08 04:04:03",1,False,NULL
4975,466,6030,"billing","low","waiting_on_customer","Need to add more team members","2025-09-02 01:32:58","2025-09-04 14:32:58",NULL,NULL,False,NULL
4976,239,3397,"data_export","critical","closed","Account merge request","2025-09-14 18:01:43","2025-09-14 19:01:43","2025-09-19 02:01:43",1,False,"security"
4977,608,7798,"billing","medium","open","Billing discrepancy on latest invoice","2025-02-18 20:23:31",NULL,NULL,NULL,False,"migration;security"
4978,42,732,"performance","low","open","Webhook delivery failures","2025-10-16 00:03:29",NULL,NULL,NULL,False,"integration"
4979,127,1873,"billing","low","open","Billing discrepancy on latest invoice","2024-08-30 20:24:04",NULL,NULL,NULL,False,"technical;migration"
4980,1074,NULL,"api","critical","in_progress","Time tracking sync issues","2025-09-28 19:33:42","2025-09-28 20:27:42",NULL,NULL,False,"billing, performance"
4981,1084,NULL,"billing","high","in_progress","Need to add more team members","2024-11-09 04:20:11","2024-11-09 08:20:11",NULL,NULL,True,"bug;api"
4982,822,NULL,"technical","medium","in_progress","Need help with API authentication","2024-11-11 17:27:38","2024-11-13 10:27:38",NULL,NULL,False,"migration"
4983,48,800,"security","high","open","Need to add more team members","2025-09-13 12:51:05",NULL,NULL,NULL,True,"performance,export,integration"
4984,922,NULL,"performance","low","waiting_on_customer","Audit log access denied","2024-12-22 15:14:04","2024-12-23 22:14:04",NULL,NULL,False,"enterprise"
4985,683,NULL,"security","critical","resolved","Data import from CSV failing","2024-08-28 01:28:17","2024-08-28 02:11:17","2024-08-31 14:11:17",2,False,"performance , ux , integration , mobile"
4986,1063,NULL,"security","medium","resolved","Duplicate notifications being sent","2024-06-01 21:05:14","2024-06-02 10:05:14","2024-06-09 00:05:14",4,False,"training,mobile,enterprise"
4987,1042,NULL,"account","high","open","Custom workflow automation broken","2023-10-21 06:24:04",NULL,NULL,NULL,False,NULL
4988,809,NULL,"billing","medium","waiting_on_customer","Cannot login to dashboard","2025-08-08 05:50:24","2025-08-11 01:50:24",NULL,NULL,False,"integration"
4989,1115,NULL,"api","low","in_progress","Cannot downgrade plan","2024-12-12 14:22:03","2024-12-13 06:22:03",NULL,NULL,False,"onboarding, bug"
4990,705,NULL,"billing","medium","open","Feature request: dark mode","2023-11-28 00:05:27",NULL,NULL,NULL,False,NULL
4991,630,8117,"billing","critical","closed","White label logo not displaying","2025-04-01 19:23:45","2025-04-01 21:16:45","2025-04-05 14:16:45",4,False,NULL
4992,695,NULL,"data_export","high","open","Cannot login to dashboard","2025-05-11 11:58:36",NULL,NULL,NULL,True,NULL
4993,965,NULL,"api","medium","in_progress","Mobile app crashes on Android","2025-10-01 02:16:30","2025-10-02 22:16:30",NULL,NULL,False,"integration;urgent;onboarding"
4994,496,6271,"technical","medium","resolved","Cannot login to dashboard","2024-09-06 11:19:07","2024-09-06 20:19:07","2024-09-13 12:19:07",NULL,False,"technical, export"
4995,171,2508,"performance","medium","in_progress","Slow loading on project boards","2025-05-07 00:30:07","2025-05-08 17:30:07",NULL,NULL,False,"onboarding,integration"
4996,791,NULL,"technical","medium","resolved","Permission settings not saving","2025-04-05 17:16:55","2025-04-07 16:16:55","2025-04-13 02:16:55",2,False,NULL
4997,398,5086,"account","low","waiting_on_customer","Audit log access denied","2024-08-21 03:53:59","2024-08-22 04:53:59",NULL,NULL,False,"ux"
4998,859,NULL,"onboarding","high","in_progress","Billing discrepancy on latest invoice","2025-05-13 18:14:29","2025-05-14 05:14:29",NULL,NULL,False,"onboarding;performance;training"
4999,482,6143,"api","medium","closed","Slow loading on project boards","2025-04-04 23:01:32","2025-04-05 07:01:32","2025-04-10 10:01:32",3,False,"onboarding, security, training"
5000,204,2888,"data_export","medium","in_progress","Webhook delivery failures","2023-09-09 12:05:11","2023-09-09 16:05:11",NULL,NULL,False,"gdpr, enterprise, api, export"
5001,931,NULL,"onboarding","low","closed","Permission settings not saving","2025-06-27 12:52:34","2025-06-28 03:52:34","2025-06-29 17:52:34",4,False,NULL
5002,346,4382,"feature_request","medium","in_progress","Export failing for large datasets","2023-12-24 10:54:02","2023-12-25 19:54:02",NULL,NULL,False,"documentation,documentation"
5003,1077,NULL,"account","medium","resolved","Custom workflow automation broken","2025-08-10 03:35:31","2025-08-12 19:35:31","2025-08-19 08:35:31",2,False,"migration;ux;training"
5004,698,NULL,"api","critical","closed","API rate limiting issues","2023-09-02 18:22:13","2023-09-02 19:57:13","2023-09-08 10:57:13",3,False,NULL
5005,576,7455,"data_export","high","resolved","Need to add more team members","2025-09-26 13:48:09","2025-09-26 14:48:09","2025-09-30 01:48:09",NULL,False,"feature"
5006,987,NULL,"api","low","open","Need to add more team members","2025-08-26 01:10:30",NULL,NULL,NULL,False,"performance, export, urgent, documentation"
5007,521,6617,"technical","low","in_progress","Time tracking sync issues","2025-06-22 00:37:21","2025-06-23 04:37:21",NULL,NULL,False,"integration;bug;performance"
5008,663,8500,"api","high","resolved","Audit log access denied","2024-05-14 02:42:46","2024-05-14 08:42:46","2024-05-16 07:42:46",4,True,"ux , ux"
5009,397,5065,"data_export","medium","in_progress","Custom workflow automation broken","2025-09-05 13:36:15","2025-09-08 03:36:15",NULL,NULL,False,NULL
5010,633,8127,"account","high","resolved","Cannot downgrade plan","2024-10-18 07:26:08","2024-10-18 12:26:08","2024-10-25 12:26:08",NULL,False,"integration,performance,migration,feature"
5011,1042,NULL,"security","medium","open","Need to add more team members","2024-01-24 02:08:09",NULL,NULL,NULL,False,"technical, integration, gdpr"
5012,676,NULL,"security","low","resolved","API rate limiting issues","2025-08-26 04:38:13","2025-08-27 23:38:13","2025-08-31 06:38:13",4,False,NULL
5013,455,5829,"onboarding","high","resolved","Time tracking sync issues","2024-02-20 04:07:49","2024-02-20 05:07:49","2024-02-23 17:07:49",2,False,"technical , documentation"
5014,242,3417,"technical","high","waiting_on_customer","SSO configuration help needed","2025-09-18 05:17:52","2025-09-18 14:17:52",NULL,NULL,True,"export, sso, documentation, technical"
5015,1122,NULL,"api","low","resolved","GDPR data export request","2024-07-28 18:44:52","2024-07-30 17:44:52","2024-08-04 09:44:52",NULL,False,NULL
5016,409,5178,"data_export","high","open","Need to add more team members","2023-12-31 23:32:40",NULL,NULL,NULL,False,"gdpr,mobile"
5017,740,NULL,"technical","medium","resolved","Export failing for large datasets","2025-05-14 08:28:06","2025-05-17 07:28:06","2025-05-23 13:28:06",2,False,"feature"
5018,162,2346,"technical","critical","resolved","Duplicate notifications being sent","2024-09-06 12:42:54","2024-09-06 12:54:54","2024-09-07 16:54:54",1,False,"billing , urgent , feature"
5019,824,NULL,"account","critical","closed","Mobile app crashes on Android","2025-01-17 10:12:19","2025-01-17 12:12:19","2025-01-18 00:12:19",5,False,"ux , export , ux"
5020,558,7158,"onboarding","medium","open","Export failing for large datasets","2024-08-03 19:50:09",NULL,NULL,NULL,False,"documentation"
5021,530,6713,"account","low","closed","Feature request: dark mode","2025-06-21 07:41:19","2025-06-22 00:41:19","2025-06-27 06:41:19",NULL,False,"urgent"
5022,166,2448,"billing","low","open","Cannot login to dashboard","2025-06-03 15:13:48",NULL,NULL,NULL,False,"api"
5023,495,6262,"feature_request","medium","waiting_on_customer","Need help with API authentication","2025-06-26 07:03:53","2025-06-26 19:03:53",NULL,NULL,False,"enterprise;technical;performance"
5024,858,NULL,"security","low","waiting_on_customer","GDPR data export request","2024-02-08 17:26:40","2024-02-10 04:26:40",NULL,NULL,False,"documentation,onboarding,enterprise,integration"
5025,437,5587,"api","medium","waiting_on_customer","Cannot login to dashboard","2024-07-17 08:09:13","2024-07-18 20:09:13",NULL,NULL,False,NULL
5026,1070,NULL,"onboarding","high","in_progress","Export failing for large datasets","2025-04-15 19:54:54","2025-04-16 02:54:54",NULL,NULL,True,"security"
5027,979,NULL,"api","low","open","Account merge request","2025-09-25 04:56:12",NULL,NULL,NULL,False,"performance , migration"
5028,457,5873,"security","high","in_progress","Feature request: dark mode","2025-08-24 06:17:06","2025-08-24 15:17:06",NULL,NULL,False,"onboarding;gdpr;bug;training"
5029,514,6566,"feature_request","low","open","Permission settings not saving","2025-01-20 18:30:12",NULL,NULL,NULL,False,"api;bug"
5030,900,NULL,"billing","low","open","White label logo not displaying","2024-07-07 06:19:47",NULL,NULL,NULL,False,"feature"
5031,302,4018,"data_export","medium","open","Integration with Slack not working","2025-02-12 05:33:04",NULL,NULL,NULL,False,NULL
5032,162,2347,"technical","high","closed","Cannot downgrade plan","2025-10-19 15:29:52","2025-10-19 22:29:52","2025-10-20 03:29:52",3,False,"training"
5033,42,722,"technical","low","open","Cannot downgrade plan","2025-09-14 18:48:31",NULL,NULL,NULL,False,NULL
5034,883,NULL,"data_export","high","resolved","Slow loading on project boards","2025-09-20 22:33:00","2025-09-20 23:33:00","2025-09-22 07:33:00",NULL,False,"api;billing;performance;urgent"
5035,1118,NULL,"onboarding","medium","resolved","Need to add more team members","2025-09-25 01:15:29","2025-09-25 19:15:29","2025-09-27 15:15:29",NULL,False,"technical , documentation , api"
5036,508,6444,"technical","low","closed","Cannot login to dashboard","2025-07-07 18:07:02","2025-07-10 03:07:02","2025-07-15 09:07:02",NULL,False,"urgent , bug , integration , feature"
5037,127,1878,"security","high","open","Export failing for large datasets","2024-11-04 10:38:17",NULL,NULL,NULL,False,"training , gdpr , training"
5038,815,NULL,"integration","high","in_progress","Cannot login to dashboard","2023-08-13 09:06:27","2023-08-13 19:06:27",NULL,NULL,False,NULL
5039,735,NULL,"data_export","medium","open","SSO configuration help needed","2025-06-23 12:18:58",NULL,NULL,NULL,False,"feature, ux"
5040,271,3755,"api","critical","in_progress","White label logo not displaying","2025-09-29 05:36:29","2025-09-29 07:19:29",NULL,NULL,False,"feature"
5041,742,NULL,"api","medium","open","Feature request: dark mode","2025-07-06 03:29:53",NULL,NULL,NULL,False,"export;integration;billing"
5042,70,1090,"performance","medium","resolved","Feature request: dark mode","2024-03-27 12:14:25","2024-03-29 10:14:25","2024-03-30 12:14:25",4,False,"urgent , ux"
5043,35,658,"api","high","waiting_on_customer","Audit log access denied","2024-07-09 03:08:41","2024-07-09 15:08:41",NULL,NULL,False,"mobile,sso,onboarding,billing"
5044,1010,NULL,"security","low","in_progress","SSO configuration help needed","2025-03-01 09:14:19","2025-03-02 11:14:19",NULL,NULL,False,NULL
5045,476,6083,"performance","medium","in_progress","Feature request: dark mode","2024-09-19 21:35:31","2024-09-21 20:35:31",NULL,NULL,False,NULL
5046,640,8267,"integration","low","closed","Mobile app crashes on Android","2025-10-30 12:35:11","2025-10-31 23:35:11","2025-11-03 10:35:11",NULL,False,NULL
5047,1033,NULL,"integration","medium","closed","Duplicate notifications being sent","2024-08-25 19:45:03","2024-08-27 11:45:03","2024-09-01 17:45:03",NULL,False,"feature"
5048,384,4869,"integration","low","open","Slow loading on project boards","2024-11-09 15:17:17",NULL,NULL,NULL,False,NULL
5049,916,NULL,"data_export","critical","waiting_on_customer","Feature request: dark mode","2023-11-29 18:41:00","2023-11-29 20:27:00",NULL,NULL,False,"training,gdpr"
5050,603,7738,"feature_request","high","resolved","Export failing for large datasets","2025-10-11 17:43:10","2025-10-12 00:43:10","2025-10-15 01:43:10",1,True,"onboarding , ux , integration"
5051,114,1622,"api","high","in_progress","Cannot downgrade plan","2025-09-19 22:17:54","2025-09-20 03:17:54",NULL,NULL,False,NULL
5052,152,2188,"performance","low","open","Account merge request","2025-06-15 12:32:36",NULL,NULL,NULL,False,"mobile"
5053,846,NULL,"billing","high","resolved","Feature request: dark mode","2025-06-16 00:14:23","2025-06-16 10:14:23","2025-06-20 21:14:23",NULL,True,"billing,gdpr,bug"
5054,222,3166,"technical","medium","waiting_on_customer","Export failing for large datasets","2025-07-30 10:18:07","2025-07-30 13:18:07",NULL,NULL,False,NULL
5055,558,7155,"performance","high","in_progress","Cannot login to dashboard","2025-08-31 14:58:40","2025-08-31 23:58:40",NULL,NULL,True,NULL
5056,378,4812,"data_export","medium","closed","Webhook delivery failures","2025-08-01 22:18:05","2025-08-03 20:18:05","2025-08-08 02:18:05",NULL,False,"integration, technical"
5057,384,4873,"data_export","high","resolved","Export failing for large datasets","2024-08-04 04:39:09","2024-08-04 14:39:09","2024-08-07 18:39:09",3,False,"urgent, sso, bug"
5058,970,NULL,"data_export","high","resolved","Report generation timeout","2024-05-05 10:48:14","2024-05-05 18:48:14","2024-05-12 11:48:14",5,False,NULL
5059,933,NULL,"performance","medium","resolved","SSO configuration help needed","2025-06-09 08:11:54","2025-06-11 01:11:54","2025-06-15 21:11:54",NULL,False,"export;billing;migration;export"
5060,531,6741,"integration","medium","open","Webhook delivery failures","2025-08-06 21:54:26",NULL,NULL,NULL,False,"mobile"
5061,70,1081,"account","low","closed","Permission settings not saving","2024-12-13 08:20:43","2024-12-15 23:20:43","2024-12-18 16:20:43",5,False,"ux, billing, migration, gdpr"
5062,471,6055,"account","low","in_progress","Audit log access denied","2025-07-25 23:43:11","2025-07-26 17:43:11",NULL,NULL,False,"training,onboarding"
5063,90,1392,"billing","critical","resolved","SSO configuration help needed","2025-06-14 22:20:18","2025-06-14 23:08:18","2025-06-17 13:08:18",NULL,True,"sso"
5064,919,NULL,"onboarding","high","waiting_on_customer","Feature request: dark mode","2024-07-01 02:49:48","2024-07-01 14:49:48",NULL,NULL,False,"urgent , onboarding , feature , security"
5065,596,7708,"technical","low","resolved","Need to add more team members","2025-03-19 02:45:48","2025-03-20 16:45:48","2025-03-23 07:45:48",4,False,"sso,billing"
5066,20,400,"performance","high","in_progress","SSO configuration help needed","2025-08-11 17:43:47","2025-08-12 02:43:47",NULL,NULL,True,"mobile , bug , api"
5067,279,3820,"integration","low","waiting_on_customer","Webhook delivery failures","2025-08-31 04:30:04","2025-09-03 01:30:04",NULL,NULL,False,"security;integration"
5068,750,NULL,"onboarding","medium","in_progress","White label logo not displaying","2025-04-06 18:52:32","2025-04-08 09:52:32",NULL,NULL,False,"bug;export"
5069,152,2202,"security","medium","closed","Time tracking sync issues","2025-05-20 23:41:00","2025-05-23 21:41:00","2025-05-30 12:41:00",NULL,False,"api,technical"
5070,925,NULL,"billing","medium","closed","Cannot downgrade plan","2025-02-06 17:46:32","2025-02-08 09:46:32","2025-02-11 05:46:32",NULL,False,"performance;security;bug"
5071,526,6697,"performance","low","in_progress","White label logo not displaying","2024-04-13 13:25:59","2024-04-14 01:25:59",NULL,NULL,False,"urgent"
5072,544,6914,"integration","low","waiting_on_customer","Slow loading on project boards","2025-06-02 13:05:58","2025-06-04 08:05:58",NULL,NULL,False,"training,urgent,enterprise"
5073,938,NULL,"security","high","closed","White label logo not displaying","2024-06-23 07:51:20","2024-06-23 08:51:20","2024-06-27 23:51:20",5,False,"enterprise,performance,export"
5074,394,5018,"integration","low","open","Time tracking sync issues","2023-12-02 09:10:50",NULL,NULL,NULL,False,"api, sso, gdpr"
5075,314,4124,"security","medium","waiting_on_customer","Custom workflow automation broken","2025-05-26 07:13:47","2025-05-27 03:13:47",NULL,NULL,False,"bug;export;onboarding"
5076,988,NULL,"performance","high","open","API rate limiting issues","2024-09-24 21:36:43",NULL,NULL,NULL,True,"urgent;training"
5077,741,NULL,"feature_request","medium","in_progress","Gantt chart not rendering correctly","2024-01-19 21:23:18","2024-01-21 22:23:18",NULL,NULL,False,NULL
5078,237,3359,"technical","medium","in_progress","Audit log access denied","2025-10-17 00:37:52","2025-10-19 11:37:52",NULL,NULL,False,"migration"
5079,947,NULL,"account","medium","resolved","Data import from CSV failing","2025-10-19 12:31:43","2025-10-19 16:31:43","2025-10-24 02:31:43",4,False,NULL
5080,218,3138,"data_export","high","in_progress","SSO configuration help needed","2024-01-15 12:32:38","2024-01-15 18:32:38",NULL,NULL,False,"billing , feature , api"
5081,343,4348,"security","critical","resolved","Cannot downgrade plan","2024-11-12 14:40:16","2024-11-12 16:29:16","2024-11-17 15:29:16",1,True,"migration;integration;technical;onboarding"
5082,976,NULL,"integration","low","in_progress","Billing discrepancy on latest invoice","2023-07-18 13:40:29","2023-07-19 17:40:29",NULL,NULL,False,"training;performance;security;enterprise"
5083,488,6228,"onboarding","low","resolved","Integration with Slack not working","2024-11-12 02:59:40","2024-11-13 07:59:40","2024-11-18 02:59:40",NULL,False,"bug,ux,migration,bug"
5084,286,3866,"integration","low","waiting_on_customer","Export failing for large datasets","2025-03-30 17:23:15","2025-03-31 06:23:15",NULL,NULL,False,"ux;documentation;training;bug"
5085,41,712,"performance","low","resolved","Custom workflow automation broken","2025-07-22 01:31:40","2025-07-22 06:31:40","2025-07-27 03:31:40",3,False,NULL
5086,643,8325,"integration","medium","resolved","Mobile app crashes on Android","2025-09-02 14:45:06","2025-09-05 01:45:06","2025-09-10 18:45:06",5,False,"bug;mobile;onboarding"
5087,126,1842,"api","high","in_progress","Integration with Slack not working","2025-05-10 09:25:14","2025-05-10 17:25:14",NULL,NULL,True,NULL
5088,563,7216,"api","medium","in_progress","Cannot downgrade plan","2025-06-20 16:55:00","2025-06-22 01:55:00",NULL,NULL,False,"training,sso"
5089,396,5056,"security","medium","closed","Slow loading on project boards","2025-08-29 13:47:10","2025-08-30 01:47:10","2025-09-04 15:47:10",4,False,"sso;performance;ux"
5090,161,2341,"integration","medium","waiting_on_customer","Mobile app crashes on Android","2024-04-12 18:59:30","2024-04-14 13:59:30",NULL,NULL,False,"billing;integration;sso"
5091,1075,NULL,"api","low","open","SSO configuration help needed","2025-06-10 04:23:56",NULL,NULL,NULL,False,NULL
5092,401,5106,"technical","high","closed","Need to add more team members","2025-01-06 20:36:59","2025-01-07 02:36:59","2025-01-10 23:36:59",4,False,NULL
5093,963,NULL,"performance","high","open","Need help with API authentication","2025-06-11 11:39:00",NULL,NULL,NULL,False,"onboarding;feature;mobile;migration"
5094,517,6584,"feature_request","low","open","Slow loading on project boards","2025-08-21 23:33:52",NULL,NULL,NULL,False,"integration"
5095,344,4377,"performance","medium","resolved","Account merge request","2025-10-20 13:25:12","2025-10-21 11:25:12","2025-10-23 22:25:12",2,False,"integration , ux , training"
5097,1147,NULL,"feature_request","high","waiting_on_customer","GDPR data export request","2025-01-21 22:10:19","2025-01-22 07:10:19",NULL,NULL,True,"sso , enterprise , training , technical"
5098,1133,NULL,"data_export","medium","waiting_on_customer","Account merge request","2025-03-17 19:16:46","2025-03-18 01:16:46",NULL,NULL,False,"sso, gdpr, enterprise"
5099,606,7784,"billing","medium","open","Need help with API authentication","2025-07-15 21:04:35",NULL,NULL,NULL,False,NULL
5100,558,7159,"technical","low","open","Need help with API authentication","2024-08-31 10:55:18",NULL,NULL,NULL,False,"performance,ux,mobile,bug"
5101,887,NULL,"technical","high","closed","Duplicate notifications being sent","2025-06-10 02:19:42","2025-06-10 13:19:42","2025-06-12 03:19:42",NULL,False,"gdpr;sso;integration"
5102,63,1046,"technical","medium","open","Report generation timeout","2025-08-17 11:59:15",NULL,NULL,NULL,False,NULL
5103,435,5561,"security","medium","waiting_on_customer","Integration with Slack not working","2025-10-23 03:21:52","2025-10-23 10:21:52",NULL,NULL,False,"technical"
5104,649,8412,"account","low","resolved","Report generation timeout","2024-08-06 00:37:44","2024-08-06 11:37:44","2024-08-11 10:37:44",2,False,NULL
5105,863,NULL,"onboarding","low","open","Report generation timeout","2025-07-04 15:56:02",NULL,NULL,NULL,False,"documentation,onboarding,ux"
5106,57,930,"feature_request","high","closed","Custom workflow automation broken","2025-05-22 20:32:51","2025-05-23 06:32:51","2025-05-27 09:32:51",NULL,True,NULL
5107,875,NULL,"api","low","resolved","Account merge request","2024-10-22 05:36:49","2024-10-22 07:36:49","2024-10-23 16:36:49",NULL,False,NULL
5108,807,NULL,"billing","low","resolved","Cannot login to dashboard","2025-07-13 23:24:32","2025-07-16 10:24:32","2025-07-19 02:24:32",4,False,"gdpr , training"
5109,146,2144,"technical","medium","open","Webhook delivery failures","2024-07-29 01:32:22",NULL,NULL,NULL,False,"enterprise;ux;urgent"
5110,332,4243,"technical","medium","closed","Gantt chart not rendering correctly","2024-12-15 16:56:14","2024-12-17 12:56:14","2024-12-24 12:56:14",4,False,NULL
5111,971,NULL,"technical","low","closed","Audit log access denied","2025-08-26 03:50:11","2025-08-26 10:50:11","2025-08-26 20:50:11",NULL,False,NULL
5112,762,NULL,"performance","low","resolved","Gantt chart not rendering correctly","2025-04-05 08:12:52","2025-04-06 05:12:52","2025-04-06 17:12:52",1,False,"integration, onboarding, feature"
5113,783,NULL,"security","low","open","Custom workflow automation broken","2025-05-19 07:21:10",NULL,NULL,NULL,False,"sso;enterprise"
5114,75,1149,"integration","medium","closed","Mobile app crashes on Android","2024-12-20 03:19:25","2024-12-23 00:19:25","2024-12-24 14:19:25",NULL,False,NULL
5115,57,931,"billing","low","resolved","White label logo not displaying","2024-12-13 12:08:23","2024-12-14 01:08:23","2024-12-17 20:08:23",NULL,False,"ux , mobile , training"
5116,924,NULL,"onboarding","medium","open","Export failing for large datasets","2023-10-25 20:00:35",NULL,NULL,NULL,False,"onboarding , bug , performance"
5117,16,307,"feature_request","high","waiting_on_customer","Report generation timeout","2024-07-10 11:07:08","2024-07-10 21:07:08",NULL,NULL,False,"migration;export;ux;migration"
5118,953,NULL,"security","medium","in_progress","White label logo not displaying","2025-03-18 07:36:54","2025-03-20 02:36:54",NULL,NULL,False,NULL
5119,1080,NULL,"api","critical","resolved","GDPR data export request","2025-08-30 14:36:48","2025-08-30 14:48:48","2025-09-01 20:48:48",3,False,"export , security"
5120,400,5097,"feature_request","critical","closed","Webhook delivery failures","2025-07-22 04:16:13","2025-07-22 05:02:13","2025-07-24 15:02:13",4,False,"feature , security"
5121,748,NULL,"onboarding","medium","resolved","Permission settings not saving","2025-07-30 18:11:03","2025-07-30 23:11:03","2025-08-02 01:11:03",4,False,"technical"
5122,961,NULL,"performance","medium","closed","Report generation timeout","2025-07-14 11:50:36","2025-07-15 18:50:36","2025-07-19 23:50:36",NULL,False,"mobile , export , bug , onboarding"
5123,144,2136,"performance","low","resolved","GDPR data export request","2025-01-21 15:53:01","2025-01-24 02:53:01","2025-01-26 12:53:01",4,False,"training"
5124,564,7217,"feature_request","low","in_progress","Need to add more team members","2025-04-22 11:35:57","2025-04-24 11:35:57",NULL,NULL,False,"bug,feature"
5125,143,2120,"data_export","medium","in_progress","Export failing for large datasets","2025-08-04 12:18:14","2025-08-07 07:18:14",NULL,NULL,False,"bug;enterprise"
5126,190,2720,"onboarding","medium","waiting_on_customer","Data import from CSV failing","2025-09-25 11:52:41","2025-09-27 13:52:41",NULL,NULL,False,"security , mobile , bug , security"
5127,156,2263,"integration","medium","resolved","Cannot login to dashboard","2025-08-28 11:27:55","2025-08-29 02:27:55","2025-09-01 23:27:55",4,False,"gdpr , sso , api"
5128,1155,NULL,"billing","low","waiting_on_customer","Need help with API authentication","2024-12-29 03:11:29","2024-12-29 07:11:29",NULL,NULL,False,"bug"
5129,239,3393,"api","high","resolved","Export failing for large datasets","2025-07-11 12:41:51","2025-07-11 21:41:51","2025-07-18 19:41:51",4,False,NULL
5130,390,4918,"api","medium","waiting_on_customer","Custom workflow automation broken","2025-08-15 09:10:41","2025-08-17 23:10:41",NULL,NULL,False,"feature"
5131,1141,NULL,"billing","critical","closed","GDPR data export request","2024-11-07 03:31:24","2024-11-07 05:14:24","2024-11-13 18:14:24",2,True,"migration;api;sso;enterprise"
5132,393,4974,"security","high","closed","Time tracking sync issues","2025-04-09 02:14:44","2025-04-09 03:14:44","2025-04-11 18:14:44",4,True,NULL
5133,446,5685,"feature_request","high","closed","Export failing for large datasets","2025-01-06 05:07:34","2025-01-06 11:07:34","2025-01-06 17:07:34",3,True,"migration, api, documentation"
5134,325,4189,"api","low","waiting_on_customer","Need to add more team members","2025-02-01 12:37:50","2025-02-02 08:37:50",NULL,NULL,False,NULL
5135,1117,NULL,"security","low","resolved","Permission settings not saving","2025-02-10 12:52:11","2025-02-11 02:52:11","2025-02-16 05:52:11",NULL,False,"training, feature, onboarding"
5136,833,NULL,"account","medium","in_progress","Export failing for large datasets","2025-03-27 04:14:47","2025-03-28 22:14:47",NULL,NULL,False,"billing , api"
5137,781,NULL,"performance","high","waiting_on_customer","Feature request: dark mode","2024-08-14 10:38:30","2024-08-14 12:38:30",NULL,NULL,False,"ux, onboarding, security"
5138,66,1059,"api","medium","in_progress","Feature request: dark mode","2025-08-08 13:37:51","2025-08-09 03:37:51",NULL,NULL,False,"technical, training"
5139,396,5055,"security","high","open","Audit log access denied","2025-02-28 03:10:12",NULL,NULL,NULL,False,NULL
5140,1046,NULL,"account","high","closed","Slow loading on project boards","2025-07-19 18:34:55","2025-07-19 21:34:55","2025-07-26 15:34:55",3,False,"migration;onboarding"
5141,872,NULL,"billing","high","waiting_on_customer","Time tracking sync issues","2025-10-09 08:46:05","2025-10-09 15:46:05",NULL,NULL,True,"bug,feature,training,migration"
5142,1129,NULL,"technical","medium","waiting_on_customer","Report generation timeout","2025-10-07 18:24:31","2025-10-10 13:24:31",NULL,NULL,False,"mobile, urgent, gdpr"
5143,526,6702,"data_export","low","waiting_on_customer","Cannot login to dashboard","2025-08-04 09:39:53","2025-08-05 19:39:53",NULL,NULL,False,NULL
5144,600,7723,"billing","high","closed","Audit log access denied","2023-11-13 05:33:20","2023-11-13 17:33:20","2023-11-15 08:33:20",NULL,False,"billing"
5145,623,7935,"billing","medium","in_progress","Duplicate notifications being sent","2024-10-27 01:10:01","2024-10-27 14:10:01",NULL,NULL,False,"api,mobile,urgent,feature,api"
5146,1121,NULL,"account","medium","open","Cannot downgrade plan","2024-05-10 20:14:27",NULL,NULL,NULL,False,"api"
5147,457,5875,"api","medium","waiting_on_customer","Cannot login to dashboard","2025-06-09 07:45:41","2025-06-11 06:45:41",NULL,NULL,False,NULL
5148,155,2258,"api","critical","open","Data import from CSV failing","2025-10-28 14:52:23",NULL,NULL,NULL,True,"bug,urgent,training,integration"
5149,574,7413,"performance","medium","resolved","Need help with API authentication","2024-02-09 07:01:59","2024-02-12 03:01:59","2024-02-18 20:01:59",NULL,False,NULL
5150,163,2354,"security","medium","closed","Need to add more team members","2025-06-15 22:32:52","2025-06-17 07:32:52","2025-06-18 12:32:52",NULL,False,"performance"
5151,753,NULL,"performance","critical","waiting_on_customer","Audit log access denied","2024-10-07 03:44:16","2024-10-07 05:25:16",NULL,NULL,False,NULL
5152,448,5730,"api","medium","waiting_on_customer","Audit log access denied","2024-08-26 00:27:19","2024-08-28 17:27:19",NULL,NULL,False,NULL
5153,62,1029,"integration","critical","waiting_on_customer","Integration with Slack not working","2025-01-09 18:04:11","2025-01-09 19:14:11",NULL,NULL,False,NULL
5154,356,4566,"security","critical","open","Integration with Slack not working","2025-09-23 15:24:45",NULL,NULL,NULL,False,"migration , sso"
5155,1119,NULL,"billing","low","open","Billing discrepancy on latest invoice","2025-09-29 23:16:07",NULL,NULL,NULL,False,NULL
5156,156,2261,"feature_request","medium","resolved","Billing discrepancy on latest invoice","2025-07-22 07:40:19","2025-07-22 22:40:19","2025-07-28 06:40:19",3,False,NULL
5157,33,619,"performance","low","in_progress","Feature request: dark mode","2025-09-07 08:18:40","2025-09-07 23:18:40",NULL,NULL,False,"mobile , onboarding , urgent"
5158,655,8439,"technical","low","open","Need help with API authentication","2024-07-10 05:08:25",NULL,NULL,NULL,False,"export, billing, api"
5159,431,5533,"data_export","medium","resolved","Data import from CSV failing","2025-09-29 21:37:35","2025-10-01 09:37:35","2025-10-04 19:37:35",3,False,"export;integration;security;gdpr"
5160,585,7557,"performance","medium","waiting_on_customer","Data import from CSV failing","2025-10-06 06:54:29","2025-10-07 13:54:29",NULL,NULL,False,"training"
5161,1158,NULL,"performance","low","closed","Mobile app crashes on Android","2025-05-11 02:17:37","2025-05-13 00:17:37","2025-05-14 18:17:37",NULL,False,NULL
5162,32,617,"account","low","closed","Cannot login to dashboard","2025-06-05 05:26:49","2025-06-06 14:26:49","2025-06-10 20:26:49",5,False,"migration, api"
5163,722,NULL,"onboarding","medium","resolved","Cannot login to dashboard","2024-03-06 14:46:33","2024-03-08 06:46:33","2024-03-14 16:46:33",4,False,"mobile , security"
5164,97,1448,"security","medium","in_progress","Feature request: dark mode","2024-04-17 02:38:02","2024-04-18 12:38:02",NULL,NULL,False,"sso"
5165,910,NULL,"account","low","resolved","Gantt chart not rendering correctly","2025-06-11 06:31:20","2025-06-12 02:31:20","2025-06-18 01:31:20",NULL,False,"integration"
5166,325,4190,"performance","medium","resolved","White label logo not displaying","2025-02-14 00:02:57","2025-02-14 16:02:57","2025-02-21 15:02:57",3,False,NULL
5167,986,NULL,"performance","low","waiting_on_customer","API rate limiting issues","2024-07-02 17:16:16","2024-07-03 11:16:16",NULL,NULL,False,"feature , integration"
5168,288,3929,"onboarding","low","open","Account merge request","2025-08-22 08:18:56",NULL,NULL,NULL,False,"enterprise, api, onboarding, technical"
5169,532,6771,"data_export","medium","in_progress","White label logo not displaying","2025-02-07 14:11:05","2025-02-10 14:11:05",NULL,NULL,False,"technical , integration"
5170,690,NULL,"feature_request","medium","waiting_on_customer","SSO configuration help needed","2025-10-07 13:24:52","2025-10-07 16:24:52",NULL,NULL,False,NULL
5171,623,7925,"performance","low","in_progress","Mobile app crashes on Android","2025-02-18 00:17:15","2025-02-20 13:17:15",NULL,NULL,False,"security,ux,urgent"
5172,458,5897,"performance","medium","closed","Account merge request","2025-06-12 15:37:50","2025-06-12 20:37:50","2025-06-19 14:37:50",NULL,False,"export, bug, training"
5173,10,182,"feature_request","medium","resolved","Duplicate notifications being sent","2025-10-16 11:26:26","2025-10-18 22:26:26","2025-10-22 07:26:26",NULL,False,"security , documentation , export , technical"
5174,1125,NULL,"feature_request","high","open","Data import from CSV failing","2025-02-02 12:17:29",NULL,NULL,NULL,False,"billing,gdpr,enterprise"
5175,578,7492,"api","high","waiting_on_customer","Feature request: dark mode","2025-09-02 09:29:19","2025-09-02 12:29:19",NULL,NULL,True,"billing, gdpr, export"
5176,777,NULL,"technical","high","closed","White label logo not displaying","2024-12-11 21:04:12","2024-12-12 02:04:12","2024-12-13 19:04:12",5,False,"ux , mobile , training"
5177,554,7067,"feature_request","medium","closed","GDPR data export request","2025-08-14 17:05:06","2025-08-17 02:05:06","2025-08-20 21:05:06",5,False,"performance"
5178,809,NULL,"onboarding","low","waiting_on_customer","Gantt chart not rendering correctly","2025-08-20 11:17:43","2025-08-21 23:17:43",NULL,NULL,False,"technical;security;migration;gdpr;technical"
5179,698,NULL,"performance","medium","resolved","Custom workflow automation broken","2024-05-14 14:46:48","2024-05-15 11:46:48","2024-05-16 09:46:48",NULL,False,NULL
5180,667,NULL,"performance","low","resolved","Integration with Slack not working","2025-01-08 01:11:30","2025-01-10 11:11:30","2025-01-11 22:11:30",NULL,False,"technical;training"
5181,529,6711,"integration","low","waiting_on_customer","Integration with Slack not working","2025-10-03 00:40:13","2025-10-03 06:40:13",NULL,NULL,False,"enterprise,bug"
5182,447,5695,"account","critical","closed","Audit log access denied","2025-02-01 16:32:10","2025-02-01 17:40:10","2025-02-08 07:40:10",4,False,"billing,security,bug,documentation"
5183,605,7756,"account","medium","open","Slow loading on project boards","2024-06-10 23:32:24",NULL,NULL,NULL,False,"api"
5184,908,NULL,"technical","medium","resolved","Cannot downgrade plan","2025-06-26 16:42:29","2025-06-27 16:42:29","2025-07-03 03:42:29",NULL,False,"training;onboarding;enterprise"
5185,529,6706,"onboarding","medium","closed","GDPR data export request","2025-08-22 10:56:56","2025-08-22 15:56:56","2025-08-24 11:56:56",4,False,"documentation;feature;sso;onboarding"
5186,1091,NULL,"integration","medium","waiting_on_customer","Integration with Slack not working","2024-03-24 05:02:02","2024-03-25 08:02:02",NULL,NULL,False,"billing,documentation,enterprise"
5187,132,1970,"integration","high","waiting_on_customer","API rate limiting issues","2025-03-28 08:54:51","2025-03-28 16:54:51",NULL,NULL,True,"sso , api"
5188,543,6908,"onboarding","high","waiting_on_customer","Account merge request","2025-09-22 16:04:50","2025-09-22 20:04:50",NULL,NULL,False,NULL
5189,824,NULL,"billing","high","waiting_on_customer","Feature request: dark mode","2024-09-06 17:56:23","2024-09-07 05:56:23",NULL,NULL,True,"api,technical,security,mobile,api"
5190,307,4082,"billing","critical","waiting_on_customer","White label logo not displaying","2024-02-03 10:59:13","2024-02-03 11:16:13",NULL,NULL,True,"onboarding,integration,onboarding"
5191,452,5818,"integration","high","resolved","Feature request: dark mode","2024-12-23 11:39:02","2024-12-23 21:39:02","2024-12-28 16:39:02",5,False,"export;integration"
5192,184,2683,"billing","low","in_progress","Slow loading on project boards","2024-10-01 10:49:15","2024-10-02 10:49:15",NULL,NULL,False,"ux,bug,billing"
5193,637,8186,"security","high","in_progress","Account merge request","2025-08-20 17:25:32","2025-08-21 00:25:32",NULL,NULL,False,"urgent, mobile, enterprise, bug"
5194,638,8210,"security","medium","closed","Audit log access denied","2025-10-09 20:06:42","2025-10-10 07:06:42","2025-10-13 01:06:42",NULL,False,"technical,enterprise"
5195,863,NULL,"api","high","in_progress","Report generation timeout","2024-10-21 06:33:07","2024-10-21 15:33:07",NULL,NULL,False,"performance"
5196,265,3699,"account","critical","in_progress","Duplicate notifications being sent","2024-04-30 01:29:23","2024-04-30 02:47:23",NULL,NULL,False,"integration, ux"
5197,119,1700,"feature_request","high","resolved","Cannot login to dashboard","2025-03-27 09:16:43","2025-03-27 15:16:43","2025-03-27 23:16:43",5,False,NULL
5198,1155,NULL,"onboarding","medium","open","Mobile app crashes on Android","2025-07-11 18:09:53",NULL,NULL,NULL,False,"api"
5199,1007,NULL,"data_export","high","waiting_on_customer","Cannot downgrade plan","2024-02-28 16:32:00","2024-02-29 03:32:00",NULL,NULL,True,"integration , integration"
5200,1118,NULL,"onboarding","medium","open","Custom workflow automation broken","2025-08-03 09:29:13",NULL,NULL,NULL,False,"bug, onboarding, export, documentation"
5201,653,8424,"feature_request","low","in_progress","Need help with API authentication","2024-11-12 04:42:49","2024-11-15 04:42:49",NULL,NULL,False,"documentation , api , ux"
5202,1134,NULL,"billing","medium","waiting_on_customer","Time tracking sync issues","2023-12-03 06:55:27","2023-12-03 19:55:27",NULL,NULL,False,"feature,training"
5203,223,3167,"performance","high","in_progress","Billing discrepancy on latest invoice","2024-10-08 13:15:18","2024-10-08 19:15:18",NULL,NULL,False,"urgent"
5204,476,6082,"api","high","in_progress","Billing discrepancy on latest invoice","2023-06-27 16:03:59","2023-06-28 04:03:59",NULL,NULL,False,"ux"
5205,541,6893,"feature_request","low","in_progress","Cannot downgrade plan","2025-07-28 08:03:02","2025-07-29 08:03:02",NULL,NULL,False,"security, documentation"
5206,4,38,"billing","critical","open","Custom workflow automation broken","2024-08-07 15:24:48",NULL,NULL,NULL,False,"performance;export;onboarding"
5207,726,NULL,"billing","medium","resolved","Need to add more team members","2025-02-05 10:05:52","2025-02-06 04:05:52","2025-02-13 04:05:52",NULL,False,"security,api,documentation,bug"
5208,1178,NULL,"performance","high","open","Account merge request","2025-07-06 12:03:08",NULL,NULL,NULL,False,NULL
5209,136,2001,"onboarding","medium","closed","Audit log access denied","2025-07-06 21:08:46","2025-07-07 14:08:46","2025-07-12 12:08:46",5,False,"bug,migration"
5210,344,4377,"account","low","in_progress","Gantt chart not rendering correctly","2025-08-20 12:04:26","2025-08-22 02:04:26",NULL,NULL,False,"ux , migration , performance , enterprise"
5211,878,NULL,"billing","medium","in_progress","Permission settings not saving","2025-09-16 10:40:41","2025-09-18 06:40:41",NULL,NULL,False,NULL
5212,447,5702,"onboarding","high","resolved","Export failing for large datasets","2024-10-25 02:17:43","2024-10-25 11:17:43","2024-10-29 15:17:43",NULL,False,NULL
5213,848,NULL,"billing","medium","in_progress","Data import from CSV failing","2025-09-28 04:12:03","2025-09-29 23:12:03",NULL,NULL,False,"technical, integration, urgent"
5214,952,NULL,"technical","low","in_progress","White label logo not displaying","2024-02-03 11:36:51","2024-02-05 03:36:51",NULL,NULL,False,NULL
5215,884,NULL,"billing","high","resolved","Permission settings not saving","2025-04-14 16:36:14","2025-04-14 21:36:14","2025-04-16 19:36:14",2,False,"technical,training,sso"
5216,704,NULL,"billing","low","in_progress","Billing discrepancy on latest invoice","2025-05-09 19:55:38","2025-05-09 21:55:38",NULL,NULL,False,NULL
5217,951,NULL,"api","medium","waiting_on_customer","Time tracking sync issues","2023-11-02 02:15:39","2023-11-02 19:15:39",NULL,NULL,False,"export;sso"
5218,506,6427,"data_export","medium","waiting_on_customer","Account merge request","2024-11-12 22:29:52","2024-11-14 19:29:52",NULL,NULL,False,"enterprise,technical,enterprise"
5219,749,NULL,"security","medium","open","Integration with Slack not working","2025-10-10 08:19:37",NULL,NULL,NULL,False,"gdpr"
5220,1011,NULL,"billing","high","waiting_on_customer","Slow loading on project boards","2025-08-07 19:03:02","2025-08-08 04:03:02",NULL,NULL,True,"api,export"
5221,304,4048,"technical","medium","open","Data import from CSV failing","2024-02-23 05:39:50",NULL,NULL,NULL,False,"billing, integration"
5222,178,2600,"billing","medium","closed","Duplicate notifications being sent","2025-03-18 07:45:08","2025-03-21 00:45:08","2025-03-24 06:45:08",4,False,"api, feature, migration"
5223,407,5169,"integration","medium","closed","Need to add more team members","2024-08-08 16:57:07","2024-08-10 06:57:07","2024-08-14 22:57:07",1,False,"integration"
5224,188,2699,"performance","medium","waiting_on_customer","GDPR data export request","2025-06-15 11:07:08","2025-06-16 20:07:08",NULL,NULL,False,"feature,export,documentation"
5225,918,NULL,"security","low","closed","Slow loading on project boards","2025-03-06 14:51:54","2025-03-08 14:51:54","2025-03-14 12:51:54",5,False,"migration,feature,documentation,urgent"
5226,625,8033,"integration","medium","resolved","Export failing for large datasets","2025-10-03 19:49:43","2025-10-06 09:49:43","2025-10-07 16:49:43",NULL,False,"documentation, technical, security, ux, documentation"
5227,423,5363,"technical","high","open","Integration with Slack not working","2025-08-07 02:47:10",NULL,NULL,NULL,False,NULL
5228,256,3551,"integration","high","resolved","GDPR data export request","2025-05-26 02:52:26","2025-05-26 07:52:26","2025-05-26 20:52:26",NULL,False,"security"
5229,669,NULL,"performance","medium","in_progress","Need help with API authentication","2024-06-08 13:54:33","2024-06-11 09:54:33",NULL,NULL,False,"onboarding, ux, integration, enterprise"
5230,719,NULL,"technical","high","waiting_on_customer","Need help with API authentication","2025-07-12 05:37:42","2025-07-12 17:37:42",NULL,NULL,False,NULL
5231,1039,NULL,"performance","medium","waiting_on_customer","Permission settings not saving","2025-02-20 11:53:10","2025-02-20 22:53:10",NULL,NULL,False,"performance;billing;training;enterprise"
5232,641,8316,"integration","medium","waiting_on_customer","Need help with API authentication","2025-06-06 07:07:40","2025-06-08 19:07:40",NULL,NULL,False,"onboarding,sso"
5233,3,18,"account","low","closed","API rate limiting issues","2024-08-27 05:00:16","2024-08-28 03:00:16","2024-08-28 14:00:16",NULL,False,"export"
5234,1008,NULL,"feature_request","low","in_progress","Mobile app crashes on Android","2024-08-18 06:06:42","2024-08-20 05:06:42",NULL,NULL,False,"billing,api,feature"
5235,253,3540,"account","medium","waiting_on_customer","Custom workflow automation broken","2025-08-19 00:21:57","2025-08-19 03:21:57",NULL,NULL,False,"performance"
5236,22,455,"data_export","medium","closed","Report generation timeout","2025-01-27 02:15:46","2025-01-28 10:15:46","2025-01-29 23:15:46",NULL,False,"urgent , performance , security , urgent"
5237,630,8114,"account","medium","in_progress","Duplicate notifications being sent","2024-07-31 07:29:57","2024-08-01 04:29:57",NULL,NULL,False,"billing , training , ux"
5238,575,7426,"data_export","medium","open","Export failing for large datasets","2024-01-27 02:20:17",NULL,NULL,NULL,False,"export , training , feature , api , export"
5239,707,NULL,"api","low","open","Need to add more team members","2025-03-16 18:09:46",NULL,NULL,NULL,False,NULL
5240,72,1105,"security","high","open","Cannot downgrade plan","2025-10-23 18:28:07",NULL,NULL,NULL,False,NULL
5241,448,5720,"feature_request","medium","open","Need to add more team members","2025-01-01 02:14:02",NULL,NULL,NULL,False,"performance"
5242,777,NULL,"feature_request","high","resolved","Billing discrepancy on latest invoice","2023-08-23 13:16:30","2023-08-23 18:16:30","2023-08-27 01:16:30",4,False,NULL
5243,1109,NULL,"performance","high","in_progress","Custom workflow automation broken","2025-10-05 09:44:34","2025-10-05 17:44:34",NULL,NULL,False,"billing,security,migration,gdpr"
5244,379,4818,"data_export","high","waiting_on_customer","Time tracking sync issues","2024-08-02 05:07:14","2024-08-02 17:07:14",NULL,NULL,False,"export , training , ux , export"
5245,395,5037,"feature_request","medium","closed","Need help with API authentication","2024-10-06 18:04:18","2024-10-09 00:04:18","2024-10-15 06:04:18",NULL,False,"bug , export , migration , documentation , bug"
5246,771,NULL,"account","high","closed","Cannot downgrade plan","2025-02-25 20:38:56","2025-02-26 02:38:56","2025-03-01 11:38:56",4,False,NULL
5247,78,1204,"integration","low","waiting_on_customer","Data import from CSV failing","2025-08-15 20:38:20","2025-08-16 17:38:20",NULL,NULL,False,"ux,migration,api,bug"
5248,526,6697,"feature_request","medium","resolved","Billing discrepancy on latest invoice","2025-06-15 16:32:18","2025-06-15 20:32:18","2025-06-16 06:32:18",3,False,"security, migration, feature"
5249,224,3170,"api","medium","open","Report generation timeout","2023-06-11 17:08:43",NULL,NULL,NULL,False,"security"
5250,141,2088,"account","medium","in_progress","SSO configuration help needed","2025-07-21 11:10:15","2025-07-23 04:10:15",NULL,NULL,False,"integration"
5251,988,NULL,"data_export","low","open","Permission settings not saving","2023-12-11 06:10:26",NULL,NULL,NULL,False,NULL
5252,622,7912,"billing","low","in_progress","Export failing for large datasets","2024-11-06 10:53:15","2024-11-06 19:53:15",NULL,NULL,False,"security , gdpr"
5253,1081,NULL,"api","medium","waiting_on_customer","Cannot downgrade plan","2025-10-03 06:17:38","2025-10-05 21:17:38",NULL,NULL,False,"performance , api"
5254,2,8,"onboarding","low","open","Integration with Slack not working","2023-11-20 15:13:01",NULL,NULL,NULL,False,"ux , sso"
5255,1069,NULL,"feature_request","medium","open","Time tracking sync issues","2025-08-15 16:51:05",NULL,NULL,NULL,False,"enterprise , migration , billing"
5256,472,6062,"integration","medium","resolved","Billing discrepancy on latest invoice","2025-09-22 15:18:38","2025-09-22 18:18:38","2025-09-26 00:18:38",NULL,False,"enterprise, performance, technical"
5257,1097,NULL,"performance","medium","in_progress","Time tracking sync issues","2025-08-18 23:34:24","2025-08-19 23:34:24",NULL,NULL,False,"api"
5258,293,3948,"account","medium","closed","Custom workflow automation broken","2024-04-20 01:55:29","2024-04-21 12:55:29","2024-04-25 03:55:29",NULL,False,NULL
5259,201,2880,"technical","low","waiting_on_customer","Need to add more team members","2025-09-20 10:40:24","2025-09-20 18:40:24",NULL,NULL,False,"training,integration,onboarding,billing"
5260,407,5172,"integration","low","resolved","Export failing for large datasets","2024-04-02 11:30:39","2024-04-04 18:30:39","2024-04-08 16:30:39",3,False,"ux;enterprise"
5261,49,803,"api","low","closed","Audit log access denied","2025-09-30 23:14:03","2025-10-03 10:14:03","2025-10-07 00:14:03",NULL,False,"migration,urgent"
5262,310,4103,"performance","medium","closed","Time tracking sync issues","2025-02-08 07:25:05","2025-02-08 16:25:05","2025-02-10 13:25:05",4,False,"onboarding;feature;api;performance"
5263,445,5679,"data_export","critical","open","SSO configuration help needed","2023-07-01 01:18:23",NULL,NULL,NULL,True,"billing, api, export"
5264,36,663,"security","low","open","Slow loading on project boards","2025-10-11 07:06:41",NULL,NULL,NULL,False,"training, performance, ux"
5265,1132,NULL,"api","critical","open","Billing discrepancy on latest invoice","2025-02-28 15:09:17",NULL,NULL,NULL,False,NULL
5266,1120,NULL,"account","medium","waiting_on_customer","Need to add more team members","2024-01-18 23:45:41","2024-01-21 14:45:41",NULL,NULL,False,NULL
5267,593,7625,"feature_request","low","resolved","Mobile app crashes on Android","2025-07-21 12:36:55","2025-07-23 05:36:55","2025-07-27 12:36:55",2,False,"integration;performance"
5268,596,7712,"billing","critical","in_progress","Slow loading on project boards","2025-05-04 12:29:12","2025-05-04 13:22:12",NULL,NULL,False,NULL
5269,268,3723,"integration","medium","resolved","Slow loading on project boards","2025-10-05 11:33:08","2025-10-06 10:33:08","2025-10-06 16:33:08",NULL,False,NULL
5270,79,1213,"technical","high","in_progress","Slow loading on project boards","2025-03-25 17:20:43","2025-03-26 02:20:43",NULL,NULL,False,"gdpr, enterprise, security, gdpr"
5271,796,NULL,"data_export","medium","waiting_on_customer","Need to add more team members","2024-09-21 18:50:08","2024-09-24 01:50:08",NULL,NULL,False,"integration;mobile;documentation;ux"
5272,124,1820,"integration","high","waiting_on_customer","Export failing for large datasets","2025-05-18 13:03:30","2025-05-18 23:03:30",NULL,NULL,False,"sso , technical , onboarding"
5273,822,NULL,"onboarding","high","open","Mobile app crashes on Android","2024-06-03 02:04:33",NULL,NULL,NULL,True,"gdpr, api, export, migration, gdpr"
5274,756,NULL,"data_export","low","in_progress","Duplicate notifications being sent","2025-08-12 01:44:20","2025-08-12 07:44:20",NULL,NULL,False,NULL
5275,444,5670,"feature_request","medium","resolved","Need help with API authentication","2024-12-06 13:19:12","2024-12-06 22:19:12","2024-12-08 16:19:12",NULL,False,NULL
5276,911,NULL,"billing","high","open","Feature request: dark mode","2024-02-25 01:53:59",NULL,NULL,NULL,False,"feature,export,urgent"
5277,958,NULL,"api","medium","waiting_on_customer","Billing discrepancy on latest invoice","2025-06-05 02:42:40","2025-06-06 03:42:40",NULL,NULL,False,NULL
5278,1115,NULL,"account","medium","closed","Time tracking sync issues","2025-08-07 16:57:16","2025-08-08 21:57:16","2025-08-13 18:57:16",2,False,"training,integration"
5279,564,7217,"feature_request","medium","open","Permission settings not saving","2024-11-28 03:45:55",NULL,NULL,NULL,False,"sso;bug;documentation"
5280,275,3799,"performance","low","resolved","Billing discrepancy on latest invoice","2025-08-10 15:10:27","2025-08-11 11:10:27","2025-08-16 09:10:27",NULL,False,"billing, bug, documentation"
5281,1012,NULL,"technical","high","closed","Webhook delivery failures","2024-04-14 19:08:36","2024-04-15 00:08:36","2024-04-21 12:08:36",NULL,False,NULL
5282,594,7652,"onboarding","medium","waiting_on_customer","Need help with API authentication","2025-04-25 03:11:22","2025-04-25 11:11:22",NULL,NULL,False,"technical, feature, bug, ux, technical"
5283,37,665,"account","high","closed","Cannot login to dashboard","2025-10-28 01:49:18","2025-10-28 02:49:18","2025-10-29 14:49:18",4,False,"export,api,migration"
5284,750,NULL,"onboarding","high","resolved","Export failing for large datasets","2024-03-06 18:37:19","2024-03-06 20:37:19","2024-03-07 19:37:19",NULL,False,"gdpr,ux,urgent,billing"
5285,918,NULL,"api","medium","open","Account merge request","2024-05-07 09:36:44",NULL,NULL,NULL,False,"technical"
5286,67,1063,"onboarding","medium","open","Feature request: dark mode","2025-07-08 16:04:07",NULL,NULL,NULL,False,"security,migration"
5287,367,4699,"technical","medium","open","Webhook delivery failures","2025-10-06 01:41:42",NULL,NULL,NULL,False,"training, mobile, gdpr"
5288,1148,NULL,"account","medium","resolved","Slow loading on project boards","2025-08-09 13:24:31","2025-08-12 06:24:31","2025-08-18 02:24:31",NULL,False,NULL
5289,880,NULL,"performance","medium","resolved","White label logo not displaying","2024-06-26 03:19:49","2024-06-26 20:19:49","2024-06-27 17:19:49",NULL,False,NULL
5290,971,NULL,"performance","low","closed","Integration with Slack not working","2025-09-23 04:28:39","2025-09-25 11:28:39","2025-10-02 03:28:39",5,False,"feature, export, urgent, ux"
5291,145,2137,"billing","low","in_progress","White label logo not displaying","2025-04-15 02:09:39","2025-04-16 16:09:39",NULL,NULL,False,"sso , ux , urgent , technical"
5292,439,5601,"integration","high","closed","Integration with Slack not working","2025-06-30 16:02:39","2025-06-30 19:02:39","2025-07-01 08:02:39",3,False,NULL
5293,1038,NULL,"account","critical","waiting_on_customer","Duplicate notifications being sent","2023-08-23 04:39:26","2023-08-23 05:57:26",NULL,NULL,False,"documentation, sso"
5294,1081,NULL,"data_export","critical","in_progress","Custom workflow automation broken","2024-08-25 11:33:21","2024-08-25 12:00:21",NULL,NULL,False,"technical,security"
5295,73,1115,"feature_request","low","waiting_on_customer","Slow loading on project boards","2024-10-15 18:20:00","2024-10-16 19:20:00",NULL,NULL,False,"ux;bug"
5296,1019,NULL,"data_export","low","waiting_on_customer","Slow loading on project boards","2025-03-22 04:59:52","2025-03-23 14:59:52",NULL,NULL,False,"mobile;enterprise;technical"
5297,56,923,"onboarding","low","resolved","Feature request: dark mode","2025-10-25 02:02:56","2025-10-25 11:02:56","2025-10-27 23:02:56",4,False,"performance, mobile"
5298,817,NULL,"feature_request","high","open","Duplicate notifications being sent","2023-12-17 22:41:03",NULL,NULL,NULL,False,"export"
5299,709,NULL,"technical","low","resolved","Cannot downgrade plan","2025-10-10 13:36:27","2025-10-12 14:36:27","2025-10-16 13:36:27",NULL,False,"performance, mobile"
5300,919,NULL,"feature_request","low","open","Duplicate notifications being sent","2023-12-23 08:13:28",NULL,NULL,NULL,False,"feature , technical , gdpr , export"
5301,1080,NULL,"feature_request","high","in_progress","Integration with Slack not working","2025-04-11 05:57:11","2025-04-11 12:57:11",NULL,NULL,False,"enterprise , api , technical"
5302,1114,NULL,"api","low","closed","Webhook delivery failures","2024-09-25 03:00:27","2024-09-26 03:00:27","2024-10-02 16:00:27",4,False,"sso,gdpr,export"
5303,1182,NULL,"feature_request","low","open","Slow loading on project boards","2025-01-06 07:49:32",NULL,NULL,NULL,False,"export,api"
5304,995,NULL,"billing","low","waiting_on_customer","Time tracking sync issues","2024-10-19 17:54:59","2024-10-22 01:54:59",NULL,NULL,False,NULL
5305,74,1128,"integration","medium","open","GDPR data export request","2024-03-12 20:06:40",NULL,NULL,NULL,False,NULL
5306,386,4896,"account","high","in_progress","Webhook delivery failures","2025-04-07 08:19:06","2025-04-07 12:19:06",NULL,NULL,False,"api"
5307,385,4893,"performance","critical","in_progress","Webhook delivery failures","2024-08-03 18:46:33","2024-08-03 18:58:33",NULL,NULL,True,"integration;documentation"
5308,766,NULL,"onboarding","medium","resolved","Duplicate notifications being sent","2025-08-08 05:59:49","2025-08-11 05:59:49","2025-08-18 02:59:49",4,False,NULL
5309,306,4065,"feature_request","medium","waiting_on_customer","Billing discrepancy on latest invoice","2024-12-20 22:19:15","2024-12-22 16:19:15",NULL,NULL,False,"gdpr, performance, onboarding, enterprise, gdpr"
5310,1075,NULL,"billing","medium","open","Slow loading on project boards","2025-08-30 19:44:08",NULL,NULL,NULL,False,"urgent"
5311,373,4773,"security","low","resolved","Report generation timeout","2025-10-02 09:56:50","2025-10-02 12:56:50","2025-10-08 07:56:50",5,False,"integration;gdpr;mobile;api"
5312,387,4899,"account","medium","in_progress","Gantt chart not rendering correctly","2025-03-05 20:00:25","2025-03-05 23:00:25",NULL,NULL,False,NULL
5313,905,NULL,"account","critical","open","SSO configuration help needed","2025-08-09 18:25:31",NULL,NULL,NULL,False,NULL
5314,732,NULL,"onboarding","medium","resolved","White label logo not displaying","2024-02-23 16:34:01","2024-02-25 21:34:01","2024-03-03 04:34:01",4,False,"migration"
5315,116,1677,"feature_request","low","resolved","Permission settings not saving","2025-09-01 06:23:38","2025-09-02 13:23:38","2025-09-06 03:23:38",NULL,False,NULL
5316,37,664,"integration","low","resolved","Export failing for large datasets","2025-10-12 06:44:29","2025-10-13 11:44:29","2025-10-14 17:44:29",2,False,"onboarding;ux;urgent"
5317,619,7874,"api","medium","in_progress","Feature request: dark mode","2025-03-07 17:23:59","2025-03-09 01:23:59",NULL,NULL,False,"feature, security, sso, feature"
5318,802,NULL,"feature_request","low","waiting_on_customer","Custom workflow automation broken","2024-11-26 02:46:12","2024-11-26 10:46:12",NULL,NULL,False,"security, mobile, technical, gdpr"
5319,945,NULL,"billing","low","resolved","Export failing for large datasets","2024-12-25 06:01:49","2024-12-28 03:01:49","2024-12-29 23:01:49",5,False,"billing , integration , security"
5320,1009,NULL,"account","high","open","API rate limiting issues","2025-01-19 20:23:58",NULL,NULL,NULL,False,NULL
5321,914,NULL,"account","low","resolved","Time tracking sync issues","2025-10-21 20:18:58","2025-10-22 19:18:58","2025-10-28 04:18:58",5,False,"gdpr,technical,urgent"
5322,226,3193,"performance","low","open","Mobile app crashes on Android","2025-09-22 14:04:13",NULL,NULL,NULL,False,"feature,training"
5323,699,NULL,"data_export","low","open","White label logo not displaying","2025-04-23 20:26:38",NULL,NULL,NULL,False,"gdpr , feature , integration , migration"
5324,1,3,"onboarding","high","in_progress","White label logo not displaying","2025-06-18 21:29:31","2025-06-19 00:29:31",NULL,NULL,False,"documentation"
5325,863,NULL,"api","low","resolved","Need help with API authentication","2025-01-29 13:08:00","2025-01-30 01:08:00","2025-02-04 02:08:00",4,False,"documentation, urgent, performance"
5326,200,2872,"integration","high","resolved","White label logo not displaying","2024-06-25 23:50:41","2024-06-26 02:50:41","2024-06-26 21:50:41",4,False,"urgent , integration , mobile"
5327,960,NULL,"billing","high","closed","Time tracking sync issues","2025-05-02 06:08:27","2025-05-02 09:08:27","2025-05-03 20:08:27",4,False,"enterprise , api , export , billing , enterprise"
5328,976,NULL,"technical","low","resolved","Cannot login to dashboard","2023-07-02 16:54:27","2023-07-05 13:54:27","2023-07-11 00:54:27",NULL,False,"onboarding, integration, feature, migration"
5329,341,4338,"data_export","low","resolved","Gantt chart not rendering correctly","2023-05-24 17:43:19","2023-05-26 10:43:19","2023-06-02 04:43:19",4,False,"bug, urgent"
5330,478,6109,"technical","medium","open","Time tracking sync issues","2025-03-29 03:05:27",NULL,NULL,NULL,False,"integration, export"
5331,1175,NULL,"technical","medium","resolved","Gantt chart not rendering correctly","2025-06-20 12:34:17","2025-06-23 07:34:17","2025-06-26 16:34:17",NULL,False,"performance;performance"
5332,11,207,"billing","low","resolved","Time tracking sync issues","2024-10-01 11:56:38","2024-10-03 02:56:38","2024-10-05 07:56:38",4,False,NULL
5333,489,6230,"data_export","high","resolved","Webhook delivery failures","2024-10-21 05:00:47","2024-10-21 06:00:47","2024-10-26 05:00:47",4,True,"feature, migration"
5334,934,NULL,"feature_request","high","resolved","Audit log access denied","2024-08-31 13:03:15","2024-08-31 21:03:15","2024-09-01 11:03:15",3,True,"ux"
5335,826,NULL,"onboarding","low","in_progress","Cannot downgrade plan","2024-12-06 23:02:12","2024-12-09 21:02:12",NULL,NULL,False,"urgent , gdpr , feature"
5336,380,4834,"api","medium","resolved","Data import from CSV failing","2024-09-16 16:44:01","2024-09-17 10:44:01","2024-09-22 12:44:01",NULL,False,"export;documentation;api"
5337,621,7879,"account","low","in_progress","Account merge request","2025-09-30 09:20:50","2025-10-01 04:20:50",NULL,NULL,False,"gdpr, mobile"
5338,1055,NULL,"technical","medium","closed","Need to add more team members","2025-09-05 18:56:11","2025-09-06 22:56:11","2025-09-13 07:56:11",4,False,"integration , gdpr , sso"
5339,1186,NULL,"feature_request","critical","waiting_on_customer","Account merge request","2025-03-29 03:20:33","2025-03-29 04:39:33",NULL,NULL,False,NULL
5340,1000,NULL,"api","medium","resolved","Audit log access denied","2025-08-26 05:13:26","2025-08-27 01:13:26","2025-08-31 15:13:26",NULL,False,"mobile;feature;integration;documentation"
5341,492,6240,"account","high","waiting_on_customer","API rate limiting issues","2024-02-16 22:12:08","2024-02-17 04:12:08",NULL,NULL,False,"migration,security,documentation,ux"
5342,751,NULL,"performance","low","in_progress","Webhook delivery failures","2023-10-07 15:21:59","2023-10-08 05:21:59",NULL,NULL,False,"mobile"
5343,887,NULL,"onboarding","high","closed","API rate limiting issues","2024-12-31 10:14:23","2024-12-31 22:14:23","2025-01-02 01:14:23",NULL,False,"integration;sso;api"
5344,3,12,"feature_request","high","open","Mobile app crashes on Android","2024-07-25 15:33:00",NULL,NULL,NULL,False,"enterprise, api"
5345,1097,NULL,"account","low","open","Integration with Slack not working","2025-05-07 12:07:04",NULL,NULL,NULL,False,"technical;sso;onboarding;urgent;technical"
5346,230,3264,"api","medium","open","Cannot login to dashboard","2024-03-30 16:38:21",NULL,NULL,NULL,False,NULL
5347,476,6078,"feature_request","low","waiting_on_customer","Audit log access denied","2024-01-18 23:57:45","2024-01-21 17:57:45",NULL,NULL,False,"ux,sso,training,migration,ux"
5348,207,2921,"integration","medium","resolved","Report generation timeout","2025-05-24 11:48:35","2025-05-26 08:48:35","2025-05-30 02:48:35",2,False,"documentation , export , training , gdpr"
5349,1165,NULL,"security","low","resolved","Mobile app crashes on Android","2025-05-23 15:40:05","2025-05-25 13:40:05","2025-05-31 18:40:05",NULL,False,"integration, export"
5350,771,NULL,"integration","low","resolved","Need help with API authentication","2024-01-24 00:58:44","2024-01-25 06:58:44","2024-01-29 06:58:44",4,False,NULL
5351,499,6311,"data_export","low","waiting_on_customer","Audit log access denied","2024-10-04 20:01:14","2024-10-05 03:01:14",NULL,NULL,False,"migration , migration"
5352,732,NULL,"data_export","medium","closed","Webhook delivery failures","2024-09-30 12:10:32","2024-10-01 19:10:32","2024-10-02 08:10:32",NULL,False,"onboarding, urgent, integration, performance"
5353,216,3121,"technical","high","closed","API rate limiting issues","2025-08-10 07:29:52","2025-08-10 10:29:52","2025-08-13 19:29:52",5,False,"mobile , gdpr , security"
5354,32,617,"technical","low","resolved","Custom workflow automation broken","2025-10-08 10:38:48","2025-10-09 13:38:48","2025-10-14 19:38:48",1,False,NULL
5355,122,1764,"data_export","critical","waiting_on_customer","Account merge request","2025-09-28 17:05:31","2025-09-28 17:36:31",NULL,NULL,True,NULL
5356,385,4887,"account","medium","waiting_on_customer","Need help with API authentication","2024-10-22 17:26:54","2024-10-25 07:26:54",NULL,NULL,False,NULL
5357,16,328,"billing","low","open","SSO configuration help needed","2023-08-27 16:08:21",NULL,NULL,NULL,False,"migration,feature,onboarding,billing,migration"
5358,620,7878,"data_export","medium","resolved","Audit log access denied","2025-05-11 16:32:17","2025-05-12 14:32:17","2025-05-18 15:32:17",4,False,"training;ux;api;integration"
5359,351,4493,"security","low","open","Gantt chart not rendering correctly","2025-08-26 13:24:07",NULL,NULL,NULL,False,"migration, integration"
5360,664,NULL,"account","high","waiting_on_customer","Custom workflow automation broken","2024-10-02 05:40:13","2024-10-02 15:40:13",NULL,NULL,False,"migration"
5361,991,NULL,"data_export","high","resolved","Need help with API authentication","2025-07-09 17:24:16","2025-07-10 00:24:16","2025-07-10 20:24:16",NULL,False,"technical,gdpr,billing,training,technical"
5362,631,8124,"technical","low","in_progress","SSO configuration help needed","2024-11-12 20:46:01","2024-11-15 09:46:01",NULL,NULL,False,"performance"
5363,1181,NULL,"api","low","in_progress","Gantt chart not rendering correctly","2025-04-05 13:25:08","2025-04-07 10:25:08",NULL,NULL,False,NULL
5364,1191,NULL,"billing","high","open","GDPR data export request","2025-10-13 16:12:24",NULL,NULL,NULL,False,"onboarding"
5365,432,5551,"billing","medium","open","White label logo not displaying","2024-05-20 20:34:05",NULL,NULL,NULL,False,"technical , sso , urgent , technical"
5366,842,NULL,"data_export","low","closed","Account merge request","2025-09-20 18:46:14","2025-09-20 23:46:14","2025-09-23 21:46:14",NULL,False,"migration , bug , performance , urgent"
5367,717,NULL,"onboarding","high","in_progress","API rate limiting issues","2025-06-09 14:00:38","2025-06-09 21:00:38",NULL,NULL,False,"urgent, feature, api, documentation"
5368,26,529,"billing","medium","waiting_on_customer","Mobile app crashes on Android","2023-08-24 01:55:12","2023-08-25 11:55:12",NULL,NULL,False,"onboarding , ux , onboarding"
5369,978,NULL,"feature_request","critical","closed","Slow loading on project boards","2024-02-25 19:41:15","2024-02-25 21:33:15","2024-03-02 05:33:15",1,False,"performance , feature , mobile"
5370,458,5896,"data_export","high","closed","GDPR data export request","2025-05-28 06:33:47","2025-05-28 17:33:47","2025-06-03 23:33:47",4,False,"feature;enterprise;training;documentation"
5371,1118,NULL,"security","low","in_progress","Report generation timeout","2025-07-16 07:54:17","2025-07-16 23:54:17",NULL,NULL,False,"security, api, documentation, sso"
5372,301,4013,"integration","low","in_progress","Slow loading on project boards","2025-06-22 18:55:53","2025-06-24 13:55:53",NULL,NULL,False,"bug, sso, api, training"
5373,1083,NULL,"account","high","open","Cannot downgrade plan","2023-08-05 02:31:12",NULL,NULL,NULL,False,"security;api;ux;sso;security"
5374,1023,NULL,"technical","medium","in_progress","Integration with Slack not working","2025-10-16 18:07:40","2025-10-19 12:07:40",NULL,NULL,False,"api , feature , ux"
5375,727,NULL,"data_export","medium","open","Data import from CSV failing","2025-10-21 19:33:32",NULL,NULL,NULL,False,"technical"
5376,1186,NULL,"api","critical","open","Cannot login to dashboard","2024-08-30 22:36:08",NULL,NULL,NULL,False,"feature;ux;gdpr;migration"
5377,936,NULL,"billing","critical","waiting_on_customer","Mobile app crashes on Android","2025-03-17 04:31:20","2025-03-17 05:13:20",NULL,NULL,True,"sso"
5378,69,1079,"feature_request","medium","in_progress","Cannot login to dashboard","2024-04-08 00:57:22","2024-04-10 08:57:22",NULL,NULL,False,"feature , mobile , migration"
5379,1010,NULL,"feature_request","low","resolved","Account merge request","2025-05-17 12:53:12","2025-05-19 12:53:12","2025-05-20 01:53:12",5,False,"gdpr,enterprise,bug"
5380,939,NULL,"technical","medium","in_progress","Data import from CSV failing","2025-10-17 05:35:51","2025-10-20 00:35:51",NULL,NULL,False,NULL
5381,452,5819,"performance","high","in_progress","Audit log access denied","2024-08-18 16:24:08","2024-08-19 04:24:08",NULL,NULL,True,"security,onboarding,ux"
5382,621,7879,"integration","high","resolved","Webhook delivery failures","2025-10-30 14:21:34","2025-10-31 02:21:34","2025-11-01 07:21:34",1,False,"enterprise , sso , integration"
5383,512,6539,"billing","critical","resolved","Need help with API authentication","2025-09-29 16:09:03","2025-09-29 16:59:03","2025-10-05 05:59:03",4,True,"export , security , export"
5384,292,3946,"integration","medium","waiting_on_customer","Account merge request","2025-06-24 12:07:28","2025-06-25 16:07:28",NULL,NULL,False,"gdpr;bug;onboarding"
5385,282,3839,"feature_request","critical","resolved","Webhook delivery failures","2025-09-02 17:55:30","2025-09-02 18:08:30","2025-09-07 11:08:30",4,False,"documentation;enterprise"
5386,257,3562,"billing","medium","open","Need to add more team members","2025-09-15 20:13:08",NULL,NULL,NULL,False,"gdpr"
5387,595,7696,"performance","low","waiting_on_customer","Need help with API authentication","2023-10-28 12:04:13","2023-10-31 08:04:13",NULL,NULL,False,"mobile, ux, sso, feature"
5388,449,5734,"billing","low","in_progress","Slow loading on project boards","2025-02-02 11:13:00","2025-02-05 11:13:00",NULL,NULL,False,NULL
5389,1130,NULL,"technical","high","resolved","Custom workflow automation broken","2025-09-28 05:46:34","2025-09-28 10:46:34","2025-10-04 22:46:34",NULL,True,"onboarding"
5390,1,3,"integration","medium","in_progress","Need help with API authentication","2024-07-23 18:49:28","2024-07-25 19:49:28",NULL,NULL,False,"integration , onboarding , migration"
5391,181,2639,"performance","low","open","Account merge request","2025-07-23 07:32:25",NULL,NULL,NULL,False,"ux"
5392,14,218,"technical","low","resolved","Permission settings not saving","2024-09-10 22:33:01","2024-09-11 03:33:01","2024-09-11 18:33:01",NULL,False,NULL
5393,543,6910,"integration","medium","open","Mobile app crashes on Android","2025-10-03 06:45:52",NULL,NULL,NULL,False,"urgent , onboarding , api"
5394,842,NULL,"feature_request","critical","resolved","White label logo not displaying","2025-07-04 20:56:26","2025-07-04 21:13:26","2025-07-10 22:13:26",NULL,True,"documentation;sso;mobile"
5395,483,6148,"security","medium","closed","Webhook delivery failures","2025-07-17 10:02:59","2025-07-18 15:02:59","2025-07-18 20:02:59",NULL,False,NULL
5396,455,5833,"feature_request","high","open","White label logo not displaying","2024-12-15 09:28:04",NULL,NULL,NULL,False,"mobile;feature"
5397,1109,NULL,"account","high","in_progress","SSO configuration help needed","2025-07-29 16:45:32","2025-07-30 01:45:32",NULL,NULL,False,"training, sso, ux"
5398,651,8421,"security","low","in_progress","Export failing for large datasets","2025-09-01 04:35:54","2025-09-02 10:35:54",NULL,NULL,False,"performance"
5399,975,NULL,"performance","medium","closed","Data import from CSV failing","2025-06-30 14:40:03","2025-07-03 07:40:03","2025-07-03 23:40:03",NULL,False,"training , gdpr , integration , documentation"
5400,355,4556,"feature_request","medium","closed","Mobile app crashes on Android","2023-06-26 23:26:29","2023-06-29 08:26:29","2023-07-04 20:26:29",NULL,False,"gdpr"
5401,736,NULL,"billing","high","resolved","Audit log access denied","2025-04-24 16:01:14","2025-04-24 23:01:14","2025-04-29 22:01:14",4,False,"mobile,api,urgent,integration"
5402,741,NULL,"feature_request","medium","resolved","Gantt chart not rendering correctly","2025-10-06 06:08:51","2025-10-08 15:08:51","2025-10-09 00:08:51",NULL,False,"integration , security , gdpr"
5403,148,2149,"onboarding","critical","waiting_on_customer","Export failing for large datasets","2025-07-16 01:18:24","2025-07-16 01:53:24",NULL,NULL,False,"gdpr, gdpr"
5404,875,NULL,"data_export","critical","resolved","Mobile app crashes on Android","2024-09-09 21:21:58","2024-09-09 22:56:58","2024-09-10 07:56:58",NULL,False,NULL
5405,734,NULL,"technical","medium","closed","Cannot downgrade plan","2023-11-23 12:42:46","2023-11-24 11:42:46","2023-12-01 01:42:46",1,False,NULL
5406,1037,NULL,"security","high","closed","Need help with API authentication","2025-09-27 19:04:06","2025-09-28 03:04:06","2025-10-05 03:04:06",4,False,"feature,export,migration"
5407,378,4810,"technical","medium","closed","Need help with API authentication","2025-07-04 22:36:48","2025-07-06 07:36:48","2025-07-12 08:36:48",5,False,NULL
5408,422,5349,"api","medium","in_progress","Audit log access denied","2025-10-25 00:22:03","2025-10-27 23:22:03",NULL,NULL,False,"gdpr,documentation,integration"
5409,790,NULL,"technical","medium","in_progress","API rate limiting issues","2025-10-27 02:39:51","2025-10-28 18:39:51",NULL,NULL,False,"bug, performance, security, ux"
5410,210,3029,"performance","critical","resolved","SSO configuration help needed","2025-08-08 11:47:46","2025-08-08 13:31:46","2025-08-15 02:31:46",NULL,True,"gdpr,mobile,sso,technical"
5411,399,5094,"performance","low","resolved","Integration with Slack not working","2025-10-05 20:26:00","2025-10-07 15:26:00","2025-10-11 02:26:00",4,False,"performance"
5412,490,6232,"integration","medium","in_progress","Report generation timeout","2025-06-29 19:46:37","2025-06-30 06:46:37",NULL,NULL,False,"export"
5413,923,NULL,"billing","low","in_progress","Webhook delivery failures","2023-10-01 02:49:45","2023-10-03 13:49:45",NULL,NULL,False,"onboarding, billing, gdpr, performance"
5414,565,7218,"onboarding","medium","open","Cannot login to dashboard","2024-08-07 07:45:21",NULL,NULL,NULL,False,NULL
5415,46,775,"onboarding","low","open","Need help with API authentication","2025-04-18 07:15:25",NULL,NULL,NULL,False,"urgent,technical"
5416,1178,NULL,"feature_request","low","closed","Webhook delivery failures","2025-08-25 11:05:15","2025-08-26 02:05:15","2025-08-30 10:05:15",2,False,"performance"
5417,1163,NULL,"account","medium","closed","Time tracking sync issues","2025-08-29 15:27:31","2025-08-29 23:27:31","2025-08-30 15:27:31",NULL,False,"sso"
5418,243,3418,"account","high","waiting_on_customer","Need help with API authentication","2024-04-17 11:23:11","2024-04-17 21:23:11",NULL,NULL,False,"integration;enterprise;mobile;integration"
5419,550,6989,"onboarding","medium","open","Feature request: dark mode","2025-07-15 19:15:15",NULL,NULL,NULL,False,"feature , ux , migration"
5420,218,3138,"integration","low","closed","Feature request: dark mode","2025-02-16 19:37:35","2025-02-17 10:37:35","2025-02-23 04:37:35",3,False,NULL
5421,107,1561,"api","critical","in_progress","Account merge request","2025-01-02 05:03:55","2025-01-02 05:36:55",NULL,NULL,False,"sso, ux, bug"
5422,1020,NULL,"api","medium","waiting_on_customer","White label logo not displaying","2025-07-04 15:09:44","2025-07-06 08:09:44",NULL,NULL,False,"export, billing, migration"
5423,784,NULL,"feature_request","medium","resolved","Feature request: dark mode","2025-05-26 22:42:36","2025-05-28 03:42:36","2025-05-31 19:42:36",5,False,"enterprise"
5424,718,NULL,"api","high","waiting_on_customer","Account merge request","2025-10-24 15:50:40","2025-10-24 20:50:40",NULL,NULL,False,NULL
5425,36,663,"technical","critical","closed","Need to add more team members","2025-09-14 07:05:36","2025-09-14 08:04:36","2025-09-18 16:04:36",5,False,NULL
5426,686,NULL,"feature_request","high","in_progress","Billing discrepancy on latest invoice","2024-11-26 16:18:06","2024-11-26 17:18:06",NULL,NULL,False,"billing;onboarding"
5427,492,6240,"feature_request","medium","in_progress","Cannot downgrade plan","2025-05-21 12:14:59","2025-05-22 14:14:59",NULL,NULL,False,NULL
5428,1029,NULL,"onboarding","medium","waiting_on_customer","Integration with Slack not working","2025-06-09 07:25:39","2025-06-10 13:25:39",NULL,NULL,False,"bug , onboarding , security , billing"
5429,420,5328,"api","critical","open","Audit log access denied","2025-01-30 22:37:08",NULL,NULL,NULL,True,"bug,sso"
5430,832,NULL,"feature_request","medium","in_progress","Cannot downgrade plan","2024-02-28 01:52:37","2024-02-28 03:52:37",NULL,NULL,False,NULL
5431,784,NULL,"onboarding","medium","closed","Export failing for large datasets","2025-03-24 17:58:00","2025-03-26 14:58:00","2025-03-29 20:58:00",3,False,"performance , performance"
5432,587,7579,"data_export","high","open","Account merge request","2025-09-28 09:52:46",NULL,NULL,NULL,False,"feature"
5433,1097,NULL,"technical","medium","waiting_on_customer","Integration with Slack not working","2025-04-12 03:18:54","2025-04-14 02:18:54",NULL,NULL,False,"onboarding"
5434,1102,NULL,"api","low","closed","Time tracking sync issues","2025-07-18 22:22:45","2025-07-21 07:22:45","2025-07-28 06:22:45",4,False,"training;onboarding;bug;integration"
5435,639,8229,"onboarding","medium","open","Account merge request","2025-07-09 02:24:40",NULL,NULL,NULL,False,"onboarding, export"
5436,391,4919,"account","critical","in_progress","Duplicate notifications being sent","2024-10-27 04:05:02","2024-10-27 04:14:02",NULL,NULL,False,NULL
5437,1025,NULL,"api","high","resolved","Need help with API authentication","2025-07-24 12:05:52","2025-07-24 21:05:52","2025-07-30 08:05:52",3,False,"onboarding"
5438,385,4891,"api","high","waiting_on_customer","Permission settings not saving","2024-05-14 14:46:42","2024-05-14 21:46:42",NULL,NULL,False,"feature , feature"
5439,301,4009,"performance","low","closed","Export failing for large datasets","2024-09-09 17:04:37","2024-09-12 13:04:37","2024-09-16 05:04:37",4,False,"documentation"
5440,921,NULL,"billing","medium","resolved","Slow loading on project boards","2024-12-19 20:11:57","2024-12-20 05:11:57","2024-12-26 00:11:57",4,False,"ux"
5441,777,NULL,"data_export","medium","closed","Cannot login to dashboard","2024-11-20 08:13:10","2024-11-22 03:13:10","2024-11-28 10:13:10",1,False,"ux"
5442,1199,NULL,"billing","medium","resolved","Cannot downgrade plan","2024-01-24 20:38:20","2024-01-26 12:38:20","2024-01-30 00:38:20",NULL,False,"feature"
5443,761,NULL,"technical","medium","in_progress","Billing discrepancy on latest invoice","2025-07-09 00:54:47","2025-07-10 18:54:47",NULL,NULL,False,"export;training;bug;billing"
5444,84,1294,"data_export","medium","resolved","Custom workflow automation broken","2024-04-01 17:08:21","2024-04-03 12:08:21","2024-04-03 18:08:21",4,False,NULL
5445,555,7104,"security","medium","waiting_on_customer","Permission settings not saving","2024-07-22 19:26:28","2024-07-23 04:26:28",NULL,NULL,False,"bug;performance;ux;urgent;bug"
5446,363,4652,"api","low","in_progress","Audit log access denied","2024-06-01 05:50:26","2024-06-01 07:50:26",NULL,NULL,False,"performance, feature, security"
5447,630,8115,"technical","medium","waiting_on_customer","Export failing for large datasets","2025-01-25 15:00:55","2025-01-27 07:00:55",NULL,NULL,False,"training,mobile,technical"
5448,891,NULL,"integration","medium","closed","GDPR data export request","2025-03-13 06:59:22","2025-03-13 17:59:22","2025-03-17 03:59:22",5,False,"api, gdpr"
5449,485,6156,"performance","medium","waiting_on_customer","Report generation timeout","2025-09-27 14:58:08","2025-09-30 04:58:08",NULL,NULL,False,"mobile,feature,migration,training"
5450,1092,NULL,"feature_request","high","closed","API rate limiting issues","2024-09-30 06:47:42","2024-09-30 18:47:42","2024-10-01 04:47:42",3,True,"performance"
5451,516,6576,"performance","medium","in_progress","Feature request: dark mode","2025-06-14 00:25:13","2025-06-16 15:25:13",NULL,NULL,False,"mobile,export,performance,sso"
5452,1166,NULL,"feature_request","high","open","Data import from CSV failing","2025-01-15 00:46:26",NULL,NULL,NULL,False,"documentation;export;security"
5453,605,7756,"performance","high","closed","Time tracking sync issues","2024-04-10 13:44:31","2024-04-10 23:44:31","2024-04-11 19:44:31",NULL,False,"feature,urgent,training"
5454,238,3383,"integration","low","resolved","API rate limiting issues","2024-06-11 02:48:16","2024-06-13 17:48:16","2024-06-14 01:48:16",NULL,False,"billing, mobile, migration"
5455,1050,NULL,"performance","high","in_progress","GDPR data export request","2025-09-27 09:46:00","2025-09-27 10:46:00",NULL,NULL,False,"enterprise;feature"
5456,867,NULL,"security","medium","in_progress","Need to add more team members","2025-04-26 12:33:54","2025-04-28 03:33:54",NULL,NULL,False,"export,urgent"
5457,129,1951,"integration","high","in_progress","Cannot downgrade plan","2025-07-18 00:56:57","2025-07-18 11:56:57",NULL,NULL,False,"bug;integration"
5458,795,NULL,"performance","high","resolved","Cannot downgrade plan","2024-10-21 01:41:25","2024-10-21 10:41:25","2024-10-21 12:41:25",NULL,False,"feature , performance , urgent , migration"
5459,722,NULL,"onboarding","high","open","Report generation timeout","2024-08-20 18:19:38",NULL,NULL,NULL,False,"documentation, feature"
5460,918,NULL,"api","medium","resolved","Need help with API authentication","2025-02-02 11:46:51","2025-02-04 20:46:51","2025-02-10 05:46:51",4,False,"onboarding"
5461,683,NULL,"integration","critical","in_progress","SSO configuration help needed","2024-11-20 04:26:02","2024-11-20 04:42:02",NULL,NULL,False,"gdpr"
5462,1082,NULL,"feature_request","medium","resolved","Cannot login to dashboard","2025-06-13 22:53:50","2025-06-16 04:53:50","2025-06-18 19:53:50",NULL,False,"sso"
5463,633,8127,"billing","low","open","Audit log access denied","2025-05-23 21:13:22",NULL,NULL,NULL,False,NULL
5464,458,5899,"onboarding","medium","in_progress","Export failing for large datasets","2025-07-14 16:22:28","2025-07-16 04:22:28",NULL,NULL,False,NULL
5465,444,5671,"account","medium","closed","White label logo not displaying","2024-12-08 03:21:34","2024-12-08 11:21:34","2024-12-15 11:21:34",4,False,"ux"
5466,49,802,"api","medium","resolved","Data import from CSV failing","2025-10-23 08:18:53","2025-10-24 11:18:53","2025-10-30 04:18:53",NULL,False,"feature, onboarding, api, training"
5467,394,5020,"technical","medium","waiting_on_customer","Webhook delivery failures","2025-03-23 09:31:16","2025-03-25 21:31:16",NULL,NULL,False,NULL
5468,216,3121,"feature_request","medium","open","Duplicate notifications being sent","2024-12-04 15:04:06",NULL,NULL,NULL,False,"enterprise"
5469,1168,NULL,"account","critical","in_progress","Integration with Slack not working","2025-10-07 16:19:49","2025-10-07 16:53:49",NULL,NULL,True,"technical;enterprise;export;billing"
5470,737,NULL,"performance","low","resolved","Cannot login to dashboard","2025-04-06 11:01:26","2025-04-06 15:01:26","2025-04-06 16:01:26",4,False,"onboarding"
5471,847,NULL,"billing","medium","closed","Integration with Slack not working","2024-10-06 06:53:17","2024-10-08 06:53:17","2024-10-15 00:53:17",5,False,"security"
5472,784,NULL,"account","medium","open","Webhook delivery failures","2024-06-27 04:58:38",NULL,NULL,NULL,False,"onboarding"
5473,367,4699,"integration","medium","resolved","Mobile app crashes on Android","2025-10-16 09:18:08","2025-10-18 06:18:08","2025-10-24 00:18:08",3,False,"ux , security , feature , export"
5474,697,NULL,"feature_request","low","waiting_on_customer","Cannot login to dashboard","2025-05-26 13:59:03","2025-05-27 04:59:03",NULL,NULL,False,"documentation;integration;billing;mobile"
5475,756,NULL,"billing","high","in_progress","Billing discrepancy on latest invoice","2025-03-05 00:33:19","2025-03-05 05:33:19",NULL,NULL,False,"api;training;performance;ux"
5476,387,4902,"security","critical","resolved","Cannot downgrade plan","2024-10-23 08:50:50","2024-10-23 09:50:50","2024-10-29 18:50:50",NULL,False,"migration;billing;export"
5477,464,6021,"performance","medium","resolved","Webhook delivery failures","2023-09-13 03:27:39","2023-09-14 07:27:39","2023-09-20 13:27:39",NULL,False,NULL
5478,907,NULL,"integration","critical","in_progress","API rate limiting issues","2023-08-21 23:10:12","2023-08-22 00:16:12",NULL,NULL,False,"feature , enterprise"
5479,874,NULL,"onboarding","low","resolved","Cannot login to dashboard","2023-06-28 15:18:06","2023-07-01 13:18:06","2023-07-05 15:18:06",4,False,"bug"
5480,246,3449,"security","low","closed","API rate limiting issues","2025-10-01 16:07:23","2025-10-04 13:07:23","2025-10-09 04:07:23",NULL,False,"documentation , enterprise , migration , urgent"
5481,140,2084,"security","medium","resolved","GDPR data export request","2025-07-25 01:46:51","2025-07-27 03:46:51","2025-07-29 04:46:51",4,False,"bug;integration"
5482,1183,NULL,"feature_request","critical","resolved","Need help with API authentication","2023-11-23 04:13:18","2023-11-23 05:12:18","2023-11-26 14:12:18",NULL,True,"sso,feature"
5483,1079,NULL,"onboarding","critical","in_progress","Data import from CSV failing","2025-09-27 05:22:56","2025-09-27 06:33:56",NULL,NULL,True,"migration"
5484,22,457,"technical","medium","in_progress","Time tracking sync issues","2024-03-21 06:17:01","2024-03-23 21:17:01",NULL,NULL,False,NULL
5485,928,NULL,"feature_request","low","waiting_on_customer","White label logo not displaying","2024-08-06 02:56:03","2024-08-07 16:56:03",NULL,NULL,False,"migration, integration"
5486,976,NULL,"technical","critical","closed","API rate limiting issues","2023-09-10 09:15:35","2023-09-10 09:44:35","2023-09-17 00:44:35",NULL,True,"training"
5487,1059,NULL,"feature_request","high","open","Cannot login to dashboard","2025-10-01 11:36:10",NULL,NULL,NULL,False,NULL
5488,523,6641,"technical","medium","in_progress","Cannot login to dashboard","2024-09-23 21:09:19","2024-09-24 16:09:19",NULL,NULL,False,"security;technical"
5489,670,NULL,"onboarding","low","waiting_on_customer","Cannot login to dashboard","2024-06-30 15:39:18","2024-07-02 03:39:18",NULL,NULL,False,"export"
5490,392,4925,"data_export","low","resolved","API rate limiting issues","2025-10-23 20:47:44","2025-10-24 15:47:44","2025-10-27 19:47:44",4,False,NULL
5491,921,NULL,"onboarding","medium","resolved","GDPR data export request","2025-05-07 08:15:55","2025-05-09 06:15:55","2025-05-15 10:15:55",NULL,False,"api, ux, api"
5492,539,6865,"technical","low","resolved","Permission settings not saving","2025-02-25 22:41:35","2025-02-26 12:41:35","2025-03-02 00:41:35",4,False,"security;documentation;training"
5493,708,NULL,"feature_request","low","open","Report generation timeout","2025-07-15 14:24:47",NULL,NULL,NULL,False,"feature,bug"
5494,1040,NULL,"data_export","low","resolved","Cannot downgrade plan","2023-06-25 06:44:43","2023-06-26 15:44:43","2023-06-28 22:44:43",5,False,"billing, mobile"
5495,493,6241,"security","medium","waiting_on_customer","Integration with Slack not working","2025-05-19 15:27:48","2025-05-22 13:27:48",NULL,NULL,False,"enterprise"
5496,1135,NULL,"account","medium","closed","Gantt chart not rendering correctly","2025-05-06 02:48:23","2025-05-07 19:48:23","2025-05-10 19:48:23",4,False,"integration,migration"
5497,750,NULL,"billing","low","open","Billing discrepancy on latest invoice","2025-08-13 02:31:02",NULL,NULL,NULL,False,"ux, api"
5498,855,NULL,"technical","medium","open","Mobile app crashes on Android","2025-08-03 13:23:56",NULL,NULL,NULL,False,"gdpr, documentation"
5499,797,NULL,"account","medium","waiting_on_customer","SSO configuration help needed","2025-09-23 02:20:55","2025-09-25 04:20:55",NULL,NULL,False,"migration,onboarding,security,performance"
5500,399,5092,"data_export","low","in_progress","Report generation timeout","2025-10-22 05:48:52","2025-10-23 14:48:52",NULL,NULL,False,"technical"
5501,1196,NULL,"integration","medium","waiting_on_customer","Account merge request","2024-06-12 10:40:23","2024-06-15 00:40:23",NULL,NULL,False,NULL
5502,1108,NULL,"feature_request","medium","waiting_on_customer","Permission settings not saving","2024-03-30 22:07:28","2024-03-31 05:07:28",NULL,NULL,False,NULL
5503,321,4175,"billing","medium","resolved","Cannot login to dashboard","2024-10-12 01:59:26","2024-10-14 00:59:26","2024-10-17 12:59:26",1,False,"migration"
5504,381,4837,"onboarding","medium","in_progress","Mobile app crashes on Android","2025-10-18 08:07:22","2025-10-20 13:07:22",NULL,NULL,False,"documentation, security, performance"
5505,78,1205,"integration","low","open","Audit log access denied","2025-07-30 22:51:29",NULL,NULL,NULL,False,NULL
5506,459,5925,"data_export","high","resolved","Billing discrepancy on latest invoice","2025-10-24 22:00:47","2025-10-25 08:00:47","2025-10-27 20:00:47",NULL,False,NULL
5507,1010,NULL,"performance","medium","closed","White label logo not displaying","2025-03-13 22:39:24","2025-03-14 03:39:24","2025-03-19 23:39:24",4,False,"integration;training;security;gdpr"
5508,968,NULL,"onboarding","medium","waiting_on_customer","GDPR data export request","2024-11-10 04:56:14","2024-11-11 10:56:14",NULL,NULL,False,"security"
5509,1014,NULL,"data_export","medium","closed","Feature request: dark mode","2023-10-29 19:06:49","2023-10-31 12:06:49","2023-11-04 12:06:49",2,False,"feature"
5510,478,6109,"security","medium","waiting_on_customer","Export failing for large datasets","2025-06-01 19:28:45","2025-06-01 22:28:45",NULL,NULL,False,"mobile, gdpr, urgent"
5511,3,24,"account","medium","resolved","Data import from CSV failing","2025-10-29 23:30:49","2025-11-01 06:30:49","2025-11-05 07:30:49",NULL,False,NULL
5512,1047,NULL,"security","high","resolved","API rate limiting issues","2024-09-05 10:57:36","2024-09-05 18:57:36","2024-09-05 23:57:36",4,False,"sso , integration"
5513,339,4328,"performance","low","closed","Custom workflow automation broken","2023-12-21 01:04:25","2023-12-22 16:04:25","2023-12-29 08:04:25",NULL,False,"feature,api,feature"
5514,1113,NULL,"integration","medium","open","Gantt chart not rendering correctly","2025-09-15 13:07:54",NULL,NULL,NULL,False,"feature"
5515,1127,NULL,"integration","critical","in_progress","Feature request: dark mode","2025-06-02 20:24:34","2025-06-02 21:19:34",NULL,NULL,True,NULL
5516,1081,NULL,"integration","medium","waiting_on_customer","Audit log access denied","2023-10-12 06:35:29","2023-10-12 12:35:29",NULL,NULL,False,NULL
5517,104,1512,"account","medium","waiting_on_customer","Billing discrepancy on latest invoice","2023-11-27 20:45:53","2023-11-28 00:45:53",NULL,NULL,False,"migration , security , migration"
5518,57,927,"onboarding","medium","closed","Need to add more team members","2025-08-30 01:39:55","2025-09-01 22:39:55","2025-09-02 02:39:55",NULL,False,"enterprise, migration"
5519,1084,NULL,"data_export","medium","closed","Custom workflow automation broken","2024-08-07 16:49:21","2024-08-10 15:49:21","2024-08-14 02:49:21",4,False,"ux, mobile, api"
5520,617,7847,"security","low","resolved","Integration with Slack not working","2025-09-25 01:10:38","2025-09-26 16:10:38","2025-10-01 14:10:38",1,False,"integration"
5521,867,NULL,"billing","critical","waiting_on_customer","Need to add more team members","2025-03-05 08:38:03","2025-03-05 09:48:03",NULL,NULL,False,"urgent;integration;migration"
5522,468,6038,"integration","low","open","SSO configuration help needed","2025-05-30 23:16:44",NULL,NULL,NULL,False,"billing"
5523,370,4738,"performance","high","open","API rate limiting issues","2025-04-21 11:55:02",NULL,NULL,NULL,False,"technical"
5524,928,NULL,"performance","medium","closed","Permission settings not saving","2023-06-24 23:21:37","2023-06-27 11:21:37","2023-06-30 09:21:37",4,False,"gdpr;performance;enterprise;integration"
5525,771,NULL,"technical","medium","closed","Time tracking sync issues","2023-11-28 18:51:05","2023-11-29 11:51:05","2023-12-03 04:51:05",NULL,False,"gdpr , migration"
5526,142,2103,"account","medium","closed","Cannot downgrade plan","2025-01-22 09:39:30","2025-01-22 12:39:30","2025-01-23 08:39:30",4,False,"documentation , urgent , enterprise , migration"
5527,1,1,"performance","high","in_progress","Time tracking sync issues","2023-07-03 08:47:34","2023-07-03 16:47:34",NULL,NULL,False,NULL
5528,73,1116,"data_export","medium","resolved","Need to add more team members","2024-03-29 19:50:57","2024-04-01 03:50:57","2024-04-03 16:50:57",5,False,NULL
5529,373,4773,"data_export","critical","open","Duplicate notifications being sent","2025-09-27 22:25:30",NULL,NULL,NULL,False,NULL
5530,442,5616,"integration","medium","closed","GDPR data export request","2025-08-17 21:52:56","2025-08-19 00:52:56","2025-08-25 03:52:56",NULL,False,"integration"
5531,746,NULL,"technical","medium","waiting_on_customer","Report generation timeout","2025-04-21 11:23:04","2025-04-22 16:23:04",NULL,NULL,False,"export, billing, integration"
5532,1041,NULL,"data_export","high","resolved","Need help with API authentication","2025-10-26 09:38:46","2025-10-26 13:38:46","2025-10-28 04:38:46",3,False,NULL
5533,963,NULL,"performance","high","in_progress","Audit log access denied","2025-08-02 12:19:35","2025-08-02 15:19:35",NULL,NULL,False,NULL
5534,1011,NULL,"integration","high","closed","Need to add more team members","2025-06-26 15:29:44","2025-06-27 03:29:44","2025-06-27 21:29:44",3,True,"mobile;bug;urgent"
5535,321,4177,"account","medium","resolved","Custom workflow automation broken","2023-10-17 04:51:29","2023-10-18 08:51:29","2023-10-18 09:51:29",NULL,False,"sso"
5536,512,6520,"performance","high","resolved","Data import from CSV failing","2023-08-22 22:50:25","2023-08-23 08:50:25","2023-08-25 14:50:25",5,True,"documentation , integration , mobile , gdpr"
5537,681,NULL,"billing","low","open","API rate limiting issues","2025-06-26 09:25:23",NULL,NULL,NULL,False,"urgent,feature,migration,mobile"
5538,611,7813,"onboarding","low","waiting_on_customer","Integration with Slack not working","2024-02-13 12:48:18","2024-02-15 16:48:18",NULL,NULL,False,"documentation"
5539,651,8422,"onboarding","critical","waiting_on_customer","Time tracking sync issues","2025-09-12 15:56:16","2025-09-12 17:04:16",NULL,NULL,True,NULL
5540,190,2719,"feature_request","medium","waiting_on_customer","SSO configuration help needed","2025-09-08 15:14:53","2025-09-09 09:14:53",NULL,NULL,False,"ux , api , onboarding"
5541,673,NULL,"data_export","medium","resolved","Feature request: dark mode","2025-07-12 02:35:06","2025-07-14 11:35:06","2025-07-16 12:35:06",2,False,"gdpr,performance,technical"
5542,3,14,"security","low","in_progress","Export failing for large datasets","2025-08-31 05:51:13","2025-09-01 17:51:13",NULL,NULL,False,"mobile,technical,training"
5543,707,NULL,"onboarding","medium","resolved","Export failing for large datasets","2025-08-28 07:52:34","2025-08-28 22:52:34","2025-09-04 01:52:34",NULL,False,"documentation"
5544,641,8289,"data_export","medium","resolved","Duplicate notifications being sent","2024-09-22 19:50:32","2024-09-23 01:50:32","2024-09-28 17:50:32",NULL,False,NULL
5545,903,NULL,"onboarding","high","resolved","Need to add more team members","2025-10-11 22:59:15","2025-10-12 09:59:15","2025-10-14 22:59:15",3,False,"sso;documentation;feature;export"
5546,14,219,"account","critical","in_progress","Report generation timeout","2024-08-19 05:16:34","2024-08-19 05:42:34",NULL,NULL,True,"urgent,mobile"
5547,1099,NULL,"technical","medium","in_progress","API rate limiting issues","2024-08-31 12:56:08","2024-09-01 13:56:08",NULL,NULL,False,"migration, performance"
5548,969,NULL,"account","low","resolved","Custom workflow automation broken","2025-06-01 10:25:23","2025-06-01 15:25:23","2025-06-03 15:25:23",3,False,"enterprise"
5549,22,462,"integration","medium","open","Export failing for large datasets","2025-01-03 03:16:16",NULL,NULL,NULL,False,"documentation , api"
5550,42,735,"data_export","medium","open","Report generation timeout","2025-09-17 08:22:26",NULL,NULL,NULL,False,"sso;ux;enterprise;technical"
5551,1141,NULL,"technical","low","closed","API rate limiting issues","2024-12-13 15:44:00","2024-12-14 21:44:00","2024-12-18 05:44:00",5,False,"export , feature , urgent , training"
5552,142,2117,"technical","medium","waiting_on_customer","Feature request: dark mode","2025-10-20 00:34:03","2025-10-20 12:34:03",NULL,NULL,False,NULL
5553,159,2334,"api","low","in_progress","GDPR data export request","2024-12-23 04:08:59","2024-12-25 03:08:59",NULL,NULL,False,"performance,technical,ux"
5554,1022,NULL,"api","low","closed","Integration with Slack not working","2024-11-08 12:11:46","2024-11-10 02:11:46","2024-11-11 19:11:46",NULL,False,"gdpr"
5555,546,6948,"integration","medium","in_progress","API rate limiting issues","2025-10-19 16:03:36","2025-10-20 06:03:36",NULL,NULL,False,"integration,documentation"
5556,118,1696,"api","low","resolved","Account merge request","2025-03-11 13:30:01","2025-03-12 23:30:01","2025-03-17 20:30:01",5,False,"onboarding , feature"
5557,983,NULL,"api","high","resolved","Data import from CSV failing","2025-10-23 06:46:16","2025-10-23 08:46:16","2025-10-30 07:46:16",NULL,True,"migration"
5558,361,4630,"feature_request","high","in_progress","Report generation timeout","2025-10-02 08:08:17","2025-10-02 13:08:17",NULL,NULL,True,"migration"
5559,993,NULL,"security","medium","resolved","GDPR data export request","2025-06-10 09:25:41","2025-06-13 05:25:41","2025-06-14 05:25:41",1,False,"feature,enterprise,ux,documentation"
5560,637,8187,"data_export","critical","in_progress","Duplicate notifications being sent","2025-01-22 03:39:51","2025-01-22 04:34:51",NULL,NULL,True,"integration, api"
5561,1053,NULL,"api","high","in_progress","Duplicate notifications being sent","2025-01-16 18:58:18","2025-01-17 05:58:18",NULL,NULL,False,NULL
5562,1073,NULL,"billing","medium","closed","Export failing for large datasets","2024-08-15 01:59:18","2024-08-15 13:59:18","2024-08-20 11:59:18",2,False,"feature, onboarding"
5563,1124,NULL,"data_export","high","waiting_on_customer","Slow loading on project boards","2024-08-28 04:39:37","2024-08-28 07:39:37",NULL,NULL,False,"integration, enterprise, security, api"
5564,1065,NULL,"data_export","medium","closed","Cannot login to dashboard","2025-06-30 23:22:40","2025-07-02 12:22:40","2025-07-09 02:22:40",3,False,"urgent, sso, technical"
5565,1037,NULL,"api","low","closed","Export failing for large datasets","2025-03-17 14:07:54","2025-03-18 13:07:54","2025-03-23 03:07:54",5,False,"billing;integration;bug"
5566,933,NULL,"data_export","low","in_progress","Webhook delivery failures","2025-07-16 14:20:09","2025-07-17 02:20:09",NULL,NULL,False,"export,mobile"
5567,981,NULL,"data_export","medium","open","Audit log access denied","2025-09-12 08:45:26",NULL,NULL,NULL,False,"bug;bug"
5568,589,7595,"onboarding","low","in_progress","Feature request: dark mode","2025-01-06 08:53:04","2025-01-08 06:53:04",NULL,NULL,False,"migration , technical , integration"
5569,40,695,"feature_request","high","waiting_on_customer","Permission settings not saving","2025-07-27 20:51:09","2025-07-28 00:51:09",NULL,NULL,False,"technical, sso"
5570,68,1069,"performance","high","in_progress","Mobile app crashes on Android","2025-07-15 06:31:19","2025-07-15 18:31:19",NULL,NULL,False,"onboarding;feature;migration;bug"
5571,1153,NULL,"security","low","in_progress","Duplicate notifications being sent","2025-06-21 03:45:00","2025-06-22 01:45:00",NULL,NULL,False,NULL
5572,687,NULL,"integration","critical","waiting_on_customer","Webhook delivery failures","2024-07-16 12:30:00","2024-07-16 14:07:00",NULL,NULL,False,"ux;billing;documentation;bug"
5573,180,2611,"api","medium","waiting_on_customer","Need to add more team members","2024-08-07 03:04:52","2024-08-09 01:04:52",NULL,NULL,False,"bug;performance"
5574,351,4492,"performance","medium","open","Audit log access denied","2024-08-12 14:08:24",NULL,NULL,NULL,False,NULL
5575,949,NULL,"account","high","resolved","Data import from CSV failing","2025-01-30 03:20:12","2025-01-30 15:20:12","2025-02-04 01:20:12",NULL,True,"api,documentation,feature,security"
5576,153,2249,"account","low","in_progress","Gantt chart not rendering correctly","2025-05-06 13:50:09","2025-05-09 10:50:09",NULL,NULL,False,"migration, security, api, documentation, migration"
5577,1079,NULL,"performance","medium","resolved","Permission settings not saving","2025-06-20 12:40:36","2025-06-22 04:40:36","2025-06-23 11:40:36",2,False,"mobile"
5578,1046,NULL,"integration","critical","resolved","GDPR data export request","2025-08-15 12:23:22","2025-08-15 13:14:22","2025-08-15 22:14:22",3,False,NULL
5579,829,NULL,"technical","medium","closed","Permission settings not saving","2025-04-12 04:50:58","2025-04-14 07:50:58","2025-04-16 05:50:58",NULL,False,"ux, performance, gdpr"
5580,987,NULL,"feature_request","low","waiting_on_customer","SSO configuration help needed","2024-12-01 11:51:06","2024-12-01 14:51:06",NULL,NULL,False,NULL
5581,1186,NULL,"technical","medium","waiting_on_customer","Export failing for large datasets","2025-06-24 04:06:34","2025-06-24 19:06:34",NULL,NULL,False,NULL
5582,619,7865,"technical","high","closed","API rate limiting issues","2025-08-05 00:41:41","2025-08-05 03:41:41","2025-08-10 03:41:41",NULL,False,"technical;gdpr;ux;feature"
5583,541,6893,"onboarding","high","closed","Need help with API authentication","2025-03-21 15:07:24","2025-03-21 16:07:24","2025-03-26 04:07:24",NULL,False,"mobile , feature , billing , training"
5584,806,NULL,"technical","medium","open","Time tracking sync issues","2024-08-11 10:23:39",NULL,NULL,NULL,False,"onboarding , performance , bug , api"
5585,1143,NULL,"performance","low","closed","Custom workflow automation broken","2025-03-18 05:44:42","2025-03-20 13:44:42","2025-03-25 02:44:42",4,False,NULL
5586,1004,NULL,"performance","low","in_progress","Account merge request","2024-02-29 02:20:05","2024-03-01 16:20:05",NULL,NULL,False,"enterprise , sso , security , billing"
5587,428,5429,"security","medium","open","Mobile app crashes on Android","2024-11-15 04:45:23",NULL,NULL,NULL,False,"security , api , migration , export"
5588,1095,NULL,"integration","low","closed","Slow loading on project boards","2025-10-14 23:56:29","2025-10-17 09:56:29","2025-10-18 03:56:29",2,False,"onboarding;billing;bug;api"
5589,770,NULL,"integration","medium","in_progress","Audit log access denied","2023-06-08 17:36:21","2023-06-11 11:36:21",NULL,NULL,False,"documentation, migration, training"
5590,606,7788,"performance","low","closed","Permission settings not saving","2025-06-21 00:15:47","2025-06-22 06:15:47","2025-06-24 07:15:47",4,False,"api , export"
5591,1038,NULL,"data_export","high","closed","Cannot downgrade plan","2023-07-30 09:00:06","2023-07-30 10:00:06","2023-07-31 08:00:06",5,False,"onboarding;urgent;onboarding"
5592,107,1561,"account","medium","waiting_on_customer","Data import from CSV failing","2024-05-29 20:36:35","2024-05-31 17:36:35",NULL,NULL,False,NULL
5593,517,6590,"billing","high","resolved","Account merge request","2024-11-20 12:50:18","2024-11-20 22:50:18","2024-11-27 06:50:18",2,False,"bug,export,performance"
5594,604,7743,"feature_request","low","resolved","Slow loading on project boards","2024-05-27 02:00:31","2024-05-27 12:00:31","2024-05-27 19:00:31",5,False,"security"
5595,811,NULL,"onboarding","low","closed","Audit log access denied","2025-05-23 21:15:24","2025-05-25 05:15:24","2025-05-26 10:15:24",NULL,False,"api"
5596,755,NULL,"integration","low","in_progress","Need help with API authentication","2025-03-05 16:47:58","2025-03-06 06:47:58",NULL,NULL,False,NULL
5597,854,NULL,"billing","medium","resolved","Duplicate notifications being sent","2023-07-08 08:06:17","2023-07-08 19:06:17","2023-07-10 12:06:17",1,False,"onboarding , export , technical"
5598,1099,NULL,"data_export","low","in_progress","Custom workflow automation broken","2024-03-27 07:33:51","2024-03-27 16:33:51",NULL,NULL,False,"gdpr;documentation"
5599,351,4492,"security","low","open","Export failing for large datasets","2023-12-10 10:28:18",NULL,NULL,NULL,False,"export"
5600,1004,NULL,"feature_request","high","in_progress","Gantt chart not rendering correctly","2025-04-30 00:54:05","2025-04-30 03:54:05",NULL,NULL,False,"security"
5601,207,2930,"performance","critical","in_progress","Need help with API authentication","2025-07-12 10:07:16","2025-07-12 11:30:16",NULL,NULL,False,NULL
5602,601,7727,"data_export","critical","closed","Cannot downgrade plan","2025-05-05 08:55:48","2025-05-05 09:50:48","2025-05-08 00:50:48",NULL,False,NULL
5603,1072,NULL,"onboarding","low","closed","Billing discrepancy on latest invoice","2024-11-15 05:13:24","2024-11-16 06:13:24","2024-11-20 10:13:24",3,False,"security"
5604,513,6547,"feature_request","medium","open","Integration with Slack not working","2025-08-11 17:28:51",NULL,NULL,NULL,False,"performance"
5605,445,5680,"account","medium","closed","Slow loading on project boards","2025-03-06 05:56:37","2025-03-08 00:56:37","2025-03-14 11:56:37",3,False,"urgent, onboarding, security, migration"
5606,847,NULL,"data_export","low","resolved","Integration with Slack not working","2024-06-30 18:41:53","2024-07-03 07:41:53","2024-07-06 07:41:53",3,False,"billing;feature;api;bug"
5607,1155,NULL,"security","high","closed","Gantt chart not rendering correctly","2025-01-16 05:12:02","2025-01-16 06:12:02","2025-01-19 10:12:02",5,False,"feature"
5608,1108,NULL,"account","low","waiting_on_customer","White label logo not displaying","2024-04-19 02:08:56","2024-04-19 05:08:56",NULL,NULL,False,"training,mobile"
5609,197,2773,"technical","low","waiting_on_customer","API rate limiting issues","2024-10-03 10:53:39","2024-10-06 08:53:39",NULL,NULL,False,"ux,api"
5610,526,6702,"account","medium","resolved","Cannot downgrade plan","2024-01-29 21:44:52","2024-01-31 05:44:52","2024-02-06 01:44:52",NULL,False,"training , enterprise , performance"
5611,897,NULL,"data_export","critical","open","Mobile app crashes on Android","2025-02-07 07:25:49",NULL,NULL,NULL,False,"technical , training , migration"
5612,1047,NULL,"api","low","open","API rate limiting issues","2025-05-20 10:46:15",NULL,NULL,NULL,False,"export,performance,ux"
5613,913,NULL,"integration","medium","waiting_on_customer","Cannot login to dashboard","2024-07-03 22:49:56","2024-07-04 20:49:56",NULL,NULL,False,"enterprise , onboarding , urgent , mobile"
5614,776,NULL,"onboarding","low","closed","Gantt chart not rendering correctly","2023-10-29 13:47:29","2023-10-31 08:47:29","2023-11-06 08:47:29",NULL,False,"billing"
5615,185,2685,"api","medium","resolved","Data import from CSV failing","2025-10-25 22:10:54","2025-10-27 17:10:54","2025-11-02 15:10:54",2,False,"migration , billing"
5616,644,8332,"data_export","critical","open","Webhook delivery failures","2023-10-21 12:15:01",NULL,NULL,NULL,False,NULL
5617,1023,NULL,"api","medium","closed","Need to add more team members","2025-10-18 06:18:30","2025-10-21 05:18:30","2025-10-27 05:18:30",NULL,False,"billing,billing"
5618,492,6239,"billing","high","closed","Account merge request","2025-10-24 15:07:12","2025-10-25 02:07:12","2025-10-29 16:07:12",NULL,False,NULL
5619,243,3419,"data_export","high","waiting_on_customer","Integration with Slack not working","2023-10-15 01:49:04","2023-10-15 08:49:04",NULL,NULL,False,"ux , gdpr"
5620,597,7716,"security","low","closed","Account merge request","2025-09-01 06:06:06","2025-09-01 13:06:06","2025-09-08 01:06:06",1,False,"gdpr , enterprise , ux"
5621,1049,NULL,"security","medium","open","Need to add more team members","2025-09-01 06:07:20",NULL,NULL,NULL,False,NULL
5622,562,7176,"integration","critical","in_progress","Need help with API authentication","2025-09-24 18:28:37","2025-09-24 19:47:37",NULL,NULL,False,"export;sso;ux"
5623,576,7436,"onboarding","low","in_progress","Webhook delivery failures","2025-07-07 23:55:23","2025-07-08 17:55:23",NULL,NULL,False,NULL
5624,526,6701,"data_export","medium","in_progress","White label logo not displaying","2024-03-04 21:49:57","2024-03-07 08:49:57",NULL,NULL,False,"sso;technical;documentation;feature"
5625,1101,NULL,"billing","medium","in_progress","Mobile app crashes on Android","2025-08-26 10:45:42","2025-08-28 01:45:42",NULL,NULL,False,"billing;urgent;bug;performance"
5626,532,6765,"performance","medium","closed","Export failing for large datasets","2024-03-29 15:54:28","2024-04-01 12:54:28","2024-04-04 02:54:28",4,False,"feature;enterprise"
5627,688,NULL,"account","medium","in_progress","SSO configuration help needed","2025-10-06 16:46:16","2025-10-07 08:46:16",NULL,NULL,False,NULL
5628,187,2690,"account","critical","resolved","Need to add more team members","2025-10-22 01:00:03","2025-10-22 02:42:03","2025-10-24 01:42:03",1,True,NULL
5629,274,3798,"account","medium","resolved","Feature request: dark mode","2025-10-04 10:59:09","2025-10-06 14:59:09","2025-10-11 09:59:09",5,False,"onboarding;feature;ux;documentation"
5630,639,8231,"security","medium","open","GDPR data export request","2025-06-29 02:34:20",NULL,NULL,NULL,False,"ux, sso, migration, onboarding"
5631,85,1301,"data_export","medium","closed","Report generation timeout","2024-07-08 11:21:38","2024-07-08 13:21:38","2024-07-08 19:21:38",4,False,"enterprise,migration,training,security"
5632,669,NULL,"security","low","in_progress","Duplicate notifications being sent","2025-03-15 04:20:14","2025-03-15 08:20:14",NULL,NULL,False,"documentation"
5633,891,NULL,"security","high","in_progress","API rate limiting issues","2025-10-08 08:48:15","2025-10-08 20:48:15",NULL,NULL,False,NULL
5634,197,2771,"account","critical","resolved","Feature request: dark mode","2023-08-16 09:34:32","2023-08-16 11:01:32","2023-08-22 04:01:32",NULL,False,"bug"
5635,1017,NULL,"technical","low","waiting_on_customer","Data import from CSV failing","2025-07-18 04:20:35","2025-07-20 18:20:35",NULL,NULL,False,NULL
5636,13,215,"technical","medium","closed","Mobile app crashes on Android","2025-10-20 21:37:38","2025-10-22 15:37:38","2025-10-28 12:37:38",3,False,"feature"
5637,1153,NULL,"api","high","closed","Cannot login to dashboard","2025-06-04 07:09:40","2025-06-04 12:09:40","2025-06-04 23:09:40",NULL,False,NULL
5638,1035,NULL,"feature_request","critical","waiting_on_customer","Export failing for large datasets","2025-10-11 12:24:29","2025-10-11 14:20:29",NULL,NULL,False,"enterprise"
5639,173,2529,"feature_request","medium","waiting_on_customer","Audit log access denied","2024-08-29 00:08:24","2024-08-29 04:08:24",NULL,NULL,False,"bug,enterprise,sso,performance"
5640,1061,NULL,"account","medium","resolved","Audit log access denied","2025-05-18 21:03:16","2025-05-19 06:03:16","2025-05-21 13:03:16",4,False,"security"
5641,1151,NULL,"billing","medium","waiting_on_customer","Duplicate notifications being sent","2024-01-23 17:29:12","2024-01-26 10:29:12",NULL,NULL,False,"urgent , security , technical"
5642,335,4271,"security","low","resolved","API rate limiting issues","2024-12-05 12:26:52","2024-12-08 06:26:52","2024-12-08 18:26:52",5,False,"enterprise, enterprise"
5643,700,NULL,"integration","high","resolved","SSO configuration help needed","2023-03-19 08:33:51","2023-03-19 19:33:51","2023-03-26 05:33:51",4,True,"api"
5644,141,2088,"security","medium","closed","Duplicate notifications being sent","2025-09-12 05:09:35","2025-09-14 00:09:35","2025-09-18 06:09:35",NULL,False,"onboarding,urgent"
5645,391,4919,"technical","high","resolved","GDPR data export request","2024-02-10 02:25:14","2024-02-10 04:25:14","2024-02-14 11:25:14",NULL,False,"ux;bug"
5646,969,NULL,"api","low","open","Need help with API authentication","2025-06-28 20:40:31",NULL,NULL,NULL,False,NULL
5647,108,1562,"integration","medium","in_progress","Duplicate notifications being sent","2025-05-27 09:54:49","2025-05-30 01:54:49",NULL,NULL,False,"bug, documentation"
5648,567,7237,"account","high","resolved","Billing discrepancy on latest invoice","2025-08-23 03:09:14","2025-08-23 12:09:14","2025-08-23 18:09:14",5,False,NULL
5649,1043,NULL,"account","medium","waiting_on_customer","Webhook delivery failures","2023-11-06 17:59:43","2023-11-08 01:59:43",NULL,NULL,False,"migration"
5650,1021,NULL,"performance","medium","resolved","Report generation timeout","2024-08-01 07:43:11","2024-08-02 08:43:11","2024-08-06 01:43:11",NULL,False,"export, performance"
5651,548,6972,"technical","medium","in_progress","Webhook delivery failures","2025-07-09 05:43:48","2025-07-11 14:43:48",NULL,NULL,False,"documentation,training,api,enterprise"
5652,735,NULL,"feature_request","low","closed","Custom workflow automation broken","2025-04-14 16:29:01","2025-04-17 02:29:01","2025-04-17 04:29:01",1,False,"api"
5653,494,6257,"security","high","waiting_on_customer","GDPR data export request","2024-08-18 20:37:22","2024-08-19 01:37:22",NULL,NULL,True,NULL
5654,724,NULL,"feature_request","low","waiting_on_customer","Data import from CSV failing","2025-09-25 10:32:47","2025-09-25 17:32:47",NULL,NULL,False,"technical;integration;feature;urgent"
5655,1075,NULL,"api","critical","open","Need help with API authentication","2025-09-18 23:41:15",NULL,NULL,NULL,False,"feature,export,gdpr"
5656,293,3949,"account","high","closed","Mobile app crashes on Android","2025-05-13 05:38:09","2025-05-13 06:38:09","2025-05-16 21:38:09",3,True,"bug"
5657,911,NULL,"integration","medium","waiting_on_customer","Gantt chart not rendering correctly","2023-06-20 18:52:06","2023-06-20 20:52:06",NULL,NULL,False,"migration;sso;urgent"
5658,958,NULL,"security","medium","resolved","Billing discrepancy on latest invoice","2025-04-30 12:18:42","2025-05-02 14:18:42","2025-05-04 03:18:42",NULL,False,NULL
5659,900,NULL,"integration","high","resolved","Permission settings not saving","2025-05-25 18:24:18","2025-05-25 19:24:18","2025-05-27 22:24:18",3,False,"technical;api;feature;bug;technical"
5660,1,1,"billing","medium","closed","Integration with Slack not working","2024-07-05 22:22:00","2024-07-08 10:22:00","2024-07-09 06:22:00",NULL,False,NULL
5661,700,NULL,"account","high","resolved","Need to add more team members","2024-01-09 12:00:05","2024-01-09 13:00:05","2024-01-12 06:00:05",NULL,False,"onboarding,sso,technical,bug"
5662,200,2869,"data_export","low","resolved","Data import from CSV failing","2025-10-08 07:36:20","2025-10-09 20:36:20","2025-10-16 11:36:20",NULL,False,"onboarding, api, enterprise, training"
5663,817,NULL,"data_export","medium","waiting_on_customer","Mobile app crashes on Android","2023-04-30 05:54:02","2023-05-01 14:54:02",NULL,NULL,False,"api,documentation"
5664,665,NULL,"billing","low","in_progress","Time tracking sync issues","2024-04-01 05:49:49","2024-04-02 01:49:49",NULL,NULL,False,NULL
5665,140,2086,"data_export","medium","waiting_on_customer","Custom workflow automation broken","2025-10-09 03:03:24","2025-10-09 21:03:24",NULL,NULL,False,"migration"
5666,162,2348,"feature_request","medium","resolved","Audit log access denied","2025-04-10 23:02:58","2025-04-12 04:02:58","2025-04-18 04:02:58",NULL,False,NULL
5667,253,3540,"integration","medium","resolved","Report generation timeout","2025-07-29 16:36:17","2025-07-29 20:36:17","2025-08-05 15:36:17",NULL,False,"enterprise , gdpr , technical , documentation"
5668,761,NULL,"api","low","resolved","Data import from CSV failing","2025-09-09 02:18:05","2025-09-09 14:18:05","2025-09-11 04:18:05",2,False,NULL
5669,238,3371,"security","high","in_progress","Duplicate notifications being sent","2023-09-10 14:05:05","2023-09-10 16:05:05",NULL,NULL,True,"sso , gdpr , onboarding"
5670,707,NULL,"onboarding","critical","resolved","Integration with Slack not working","2024-08-29 08:01:03","2024-08-29 08:08:03","2024-08-30 04:08:03",4,True,"mobile,urgent"
5671,552,7047,"feature_request","high","closed","Audit log access denied","2024-05-20 09:41:38","2024-05-20 12:41:38","2024-05-22 17:41:38",5,True,"security,bug,documentation"
5672,169,2483,"onboarding","high","in_progress","Need help with API authentication","2025-08-03 07:38:06","2025-08-03 15:38:06",NULL,NULL,False,"export , ux"
5673,256,3550,"feature_request","medium","in_progress","Need to add more team members","2025-02-13 14:18:01","2025-02-14 06:18:01",NULL,NULL,False,"urgent, performance, ux, sso"
5674,63,1039,"billing","low","in_progress","SSO configuration help needed","2025-05-15 09:17:06","2025-05-15 12:17:06",NULL,NULL,False,"onboarding"
5675,882,NULL,"account","medium","in_progress","Data import from CSV failing","2025-08-28 11:51:01","2025-08-30 13:51:01",NULL,NULL,False,"integration , mobile"
5676,1084,NULL,"feature_request","high","closed","Need help with API authentication","2024-11-07 22:31:00","2024-11-08 04:31:00","2024-11-10 15:31:00",4,True,"gdpr, migration, export, technical"
5677,296,3963,"onboarding","high","in_progress","Slow loading on project boards","2025-08-23 01:36:33","2025-08-23 02:36:33",NULL,NULL,True,"performance"
5678,1043,NULL,"account","medium","in_progress","GDPR data export request","2025-06-19 15:51:55","2025-06-21 05:51:55",NULL,NULL,False,"documentation, bug, gdpr"
5679,126,1838,"feature_request","critical","open","Cannot login to dashboard","2025-10-22 21:14:53",NULL,NULL,NULL,False,"billing,migration,urgent"
5680,496,6269,"performance","critical","open","Billing discrepancy on latest invoice","2024-04-14 04:59:12",NULL,NULL,NULL,False,NULL
5681,990,NULL,"feature_request","medium","open","Duplicate notifications being sent","2025-06-16 03:45:07",NULL,NULL,NULL,False,NULL
5682,588,7587,"onboarding","high","closed","Feature request: dark mode","2023-08-09 11:48:20","2023-08-09 18:48:20","2023-08-13 15:48:20",NULL,False,"security, gdpr"
5683,259,3582,"integration","medium","closed","Need help with API authentication","2024-11-30 09:26:33","2024-11-30 19:26:33","2024-12-02 02:26:33",NULL,False,"training, integration, export"
5684,330,4227,"data_export","high","waiting_on_customer","Account merge request","2025-01-15 11:10:08","2025-01-15 21:10:08",NULL,NULL,False,"migration , onboarding , performance , urgent"
5685,1180,NULL,"onboarding","medium","resolved","Data import from CSV failing","2025-08-15 00:04:22","2025-08-15 22:04:22","2025-08-21 19:04:22",5,False,NULL
5686,728,NULL,"security","medium","in_progress","Integration with Slack not working","2025-04-21 07:48:39","2025-04-23 22:48:39",NULL,NULL,False,"integration , ux"
5687,304,4039,"data_export","low","resolved","Account merge request","2025-03-08 12:15:29","2025-03-10 09:15:29","2025-03-14 07:15:29",NULL,False,"feature;urgent"
5688,1038,NULL,"security","medium","resolved","Data import from CSV failing","2023-10-23 22:20:06","2023-10-25 15:20:06","2023-10-26 20:20:06",NULL,False,NULL
5689,1098,NULL,"integration","medium","open","Gantt chart not rendering correctly","2025-07-27 05:12:04",NULL,NULL,NULL,False,"mobile,gdpr,enterprise,documentation"
5690,439,5602,"billing","medium","resolved","API rate limiting issues","2025-03-23 09:41:09","2025-03-26 05:41:09","2025-03-31 10:41:09",NULL,False,"performance"
5691,805,NULL,"account","critical","resolved","Feature request: dark mode","2024-11-01 08:29:13","2024-11-01 10:28:13","2024-11-07 09:28:13",2,False,NULL
5692,462,5986,"account","medium","waiting_on_customer","Custom workflow automation broken","2025-06-06 19:52:09","2025-06-06 22:52:09",NULL,NULL,False,"ux,mobile,gdpr"
5693,313,4116,"integration","medium","waiting_on_customer","Account merge request","2025-02-15 18:12:23","2025-02-18 13:12:23",NULL,NULL,False,"training, urgent, api"
5694,894,NULL,"api","low","closed","Export failing for large datasets","2025-07-22 13:30:09","2025-07-22 15:30:09","2025-07-23 08:30:09",NULL,False,"ux"
5695,910,NULL,"feature_request","high","resolved","Integration with Slack not working","2025-04-02 17:51:36","2025-04-03 03:51:36","2025-04-06 13:51:36",5,True,"gdpr;technical;mobile"
5696,186,2686,"api","low","resolved","GDPR data export request","2024-12-20 09:41:25","2024-12-23 00:41:25","2024-12-27 06:41:25",NULL,False,"documentation"
5697,605,7762,"onboarding","medium","open","SSO configuration help needed","2024-12-14 10:21:20",NULL,NULL,NULL,False,"export,bug"
5698,910,NULL,"feature_request","low","waiting_on_customer","White label logo not displaying","2024-09-29 10:39:59","2024-09-29 15:39:59",NULL,NULL,False,"ux , integration"
5699,1023,NULL,"data_export","medium","closed","Mobile app crashes on Android","2025-09-24 02:45:22","2025-09-25 04:45:22","2025-09-30 02:45:22",4,False,"onboarding, sso, onboarding"
5700,84,1293,"account","low","in_progress","Need help with API authentication","2025-08-01 03:12:13","2025-08-02 11:12:13",NULL,NULL,False,"documentation,technical,documentation"
5701,533,6772,"technical","low","resolved","Cannot downgrade plan","2025-04-10 02:09:04","2025-04-12 21:09:04","2025-04-13 03:09:04",4,False,NULL
5702,377,4801,"data_export","low","closed","SSO configuration help needed","2024-09-09 04:00:14","2024-09-11 01:00:14","2024-09-13 19:00:14",4,False,"onboarding"
5703,945,NULL,"api","high","waiting_on_customer","Cannot downgrade plan","2025-05-07 10:45:31","2025-05-07 13:45:31",NULL,NULL,False,NULL
5704,143,2119,"account","high","closed","Gantt chart not rendering correctly","2025-09-07 22:13:39","2025-09-08 00:13:39","2025-09-08 03:13:39",NULL,False,"training, bug, sso, performance"
5705,323,4182,"api","high","resolved","Export failing for large datasets","2024-08-31 22:29:57","2024-09-01 09:29:57","2024-09-02 21:29:57",4,False,"feature , bug"
5706,707,NULL,"onboarding","high","resolved","Account merge request","2024-11-18 06:42:55","2024-11-18 13:42:55","2024-11-23 18:42:55",3,True,"mobile,migration"
5707,132,1971,"security","medium","in_progress","Permission settings not saving","2025-08-14 17:35:19","2025-08-17 04:35:19",NULL,NULL,False,"billing, bug, ux, sso, billing"
5708,1073,NULL,"technical","medium","waiting_on_customer","GDPR data export request","2024-10-24 16:31:55","2024-10-27 11:31:55",NULL,NULL,False,"onboarding"
5709,771,NULL,"performance","critical","open","Account merge request","2025-09-05 13:07:46",NULL,NULL,NULL,True,"billing, export, gdpr"
5710,783,NULL,"security","high","open","White label logo not displaying","2025-02-08 16:45:00",NULL,NULL,NULL,False,NULL
5711,400,5100,"data_export","low","open","Time tracking sync issues","2025-07-07 21:23:19",NULL,NULL,NULL,False,NULL
5712,756,NULL,"performance","medium","closed","Cannot login to dashboard","2025-08-25 15:45:27","2025-08-26 22:45:27","2025-08-29 14:45:27",3,False,"integration"
5713,629,8112,"billing","low","open","Cannot login to dashboard","2025-01-27 02:49:07",NULL,NULL,NULL,False,"urgent;integration"
5714,501,6389,"security","high","open","Mobile app crashes on Android","2025-09-07 17:11:23",NULL,NULL,NULL,False,"sso,urgent,gdpr,api"
5715,414,5212,"security","high","resolved","White label logo not displaying","2025-09-19 02:07:01","2025-09-19 13:07:01","2025-09-23 05:07:01",3,False,"performance , technical , api"
5716,774,NULL,"technical","low","in_progress","Feature request: dark mode","2025-07-22 15:30:38","2025-07-24 14:30:38",NULL,NULL,False,"ux"
5717,1103,NULL,"billing","medium","waiting_on_customer","Duplicate notifications being sent","2025-07-12 17:57:34","2025-07-13 00:57:34",NULL,NULL,False,"ux,sso,migration,billing,ux"
5718,1075,NULL,"integration","medium","open","API rate limiting issues","2025-07-28 03:06:21",NULL,NULL,NULL,False,"api , ux , billing"
5719,1045,NULL,"account","high","resolved","Cannot login to dashboard","2024-07-30 08:09:15","2024-07-30 17:09:15","2024-08-03 03:09:15",NULL,False,"feature , enterprise , onboarding , urgent"
5720,195,2755,"api","low","open","Integration with Slack not working","2025-10-17 01:06:13",NULL,NULL,NULL,False,"onboarding,onboarding"
5721,70,1086,"onboarding","low","in_progress","Data import from CSV failing","2025-06-26 11:14:56","2025-06-26 13:14:56",NULL,NULL,False,"urgent, ux"
5722,135,1995,"security","medium","open","White label logo not displaying","2025-03-21 18:36:44",NULL,NULL,NULL,False,"technical , integration , security , performance"
5723,1005,NULL,"performance","critical","resolved","Mobile app crashes on Android","2025-07-17 12:05:46","2025-07-17 13:41:46","2025-07-21 15:41:46",NULL,True,"urgent;enterprise"
5724,298,3969,"security","medium","open","Integration with Slack not working","2025-07-22 12:10:59",NULL,NULL,NULL,False,"training , migration , sso , ux"
5725,852,NULL,"api","low","in_progress","Account merge request","2025-05-22 04:41:40","2025-05-22 20:41:40",NULL,NULL,False,"mobile,training,gdpr"
5726,1088,NULL,"api","medium","resolved","GDPR data export request","2024-07-07 18:52:31","2024-07-09 23:52:31","2024-07-13 23:52:31",NULL,False,NULL
5727,781,NULL,"onboarding","medium","waiting_on_customer","Integration with Slack not working","2025-05-25 15:10:03","2025-05-27 05:10:03",NULL,NULL,False,"integration, performance"
5728,164,2404,"api","low","in_progress","GDPR data export request","2025-09-12 18:56:42","2025-09-12 23:56:42",NULL,NULL,False,"technical,technical"
5729,577,7488,"onboarding","low","open","Custom workflow automation broken","2023-12-14 19:43:31",NULL,NULL,NULL,False,NULL
5730,997,NULL,"technical","critical","in_progress","Account merge request","2025-06-20 06:30:15","2025-06-20 06:50:15",NULL,NULL,True,"api,export,mobile,gdpr"
5731,931,NULL,"technical","medium","closed","Duplicate notifications being sent","2025-01-12 17:36:24","2025-01-15 16:36:24","2025-01-20 04:36:24",5,False,"sso"
5732,280,3822,"account","medium","in_progress","Integration with Slack not working","2023-12-19 12:08:38","2023-12-21 06:08:38",NULL,NULL,False,"api,security,billing"
5733,768,NULL,"integration","low","closed","Cannot downgrade plan","2025-09-26 11:06:54","2025-09-28 02:06:54","2025-09-28 12:06:54",NULL,False,"documentation , performance , onboarding , sso"
5734,594,7680,"data_export","critical","waiting_on_customer","SSO configuration help needed","2025-08-11 08:04:09","2025-08-11 08:57:09",NULL,NULL,False,NULL
5735,753,NULL,"performance","high","resolved","GDPR data export request","2025-08-10 04:14:07","2025-08-10 15:14:07","2025-08-16 15:14:07",NULL,False,"bug;documentation"
5736,54,896,"data_export","high","in_progress","Gantt chart not rendering correctly","2025-09-18 08:36:54","2025-09-18 18:36:54",NULL,NULL,False,"documentation;integration;migration;performance"
5737,86,1308,"account","critical","waiting_on_customer","Feature request: dark mode","2025-09-24 06:08:21","2025-09-24 06:14:21",NULL,NULL,False,"api, api"
5738,867,NULL,"api","medium","resolved","Cannot downgrade plan","2025-07-30 12:30:00","2025-08-02 07:30:00","2025-08-06 08:30:00",NULL,False,"training"
5739,595,7695,"onboarding","low","open","White label logo not displaying","2024-10-04 11:01:09",NULL,NULL,NULL,False,"onboarding, urgent, bug"
5740,592,7621,"account","high","closed","Billing discrepancy on latest invoice","2024-11-07 19:12:22","2024-11-07 21:12:22","2024-11-09 00:12:22",1,False,"urgent,training,onboarding"
5741,194,2753,"performance","low","resolved","Data import from CSV failing","2025-07-01 21:44:55","2025-07-02 13:44:55","2025-07-04 20:44:55",4,False,"migration"
5742,122,1761,"account","medium","waiting_on_customer","Cannot login to dashboard","2025-09-07 03:51:24","2025-09-09 22:51:24",NULL,NULL,False,"training , migration , billing , sso"
5743,636,8184,"technical","low","waiting_on_customer","Data import from CSV failing","2025-09-23 13:36:37","2025-09-25 15:36:37",NULL,NULL,False,"security , performance , api , bug"
5744,796,NULL,"feature_request","low","closed","API rate limiting issues","2025-10-23 11:40:18","2025-10-23 18:40:18","2025-10-24 08:40:18",NULL,False,"documentation"
5745,1014,NULL,"onboarding","medium","resolved","Report generation timeout","2025-04-11 10:29:42","2025-04-12 20:29:42","2025-04-17 06:29:42",4,False,"api"
5746,32,618,"api","medium","resolved","API rate limiting issues","2025-08-11 17:36:17","2025-08-12 05:36:17","2025-08-13 13:36:17",4,False,"onboarding , ux"
5747,1026,NULL,"technical","medium","open","Feature request: dark mode","2024-03-04 15:29:09",NULL,NULL,NULL,False,"technical"
5748,635,8173,"account","medium","in_progress","Time tracking sync issues","2025-05-27 15:29:32","2025-05-28 00:29:32",NULL,NULL,False,"migration,security,billing"
5749,1154,NULL,"billing","low","waiting_on_customer","Need help with API authentication","2025-10-06 20:57:04","2025-10-08 11:57:04",NULL,NULL,False,NULL
5750,959,NULL,"account","medium","open","Gantt chart not rendering correctly","2023-12-28 04:39:39",NULL,NULL,NULL,False,"migration"
5751,187,2687,"performance","low","closed","Cannot downgrade plan","2025-09-25 04:03:28","2025-09-26 12:03:28","2025-10-02 05:03:28",5,False,"security"
5752,208,2952,"onboarding","medium","resolved","Data import from CSV failing","2025-07-25 20:44:37","2025-07-28 08:44:37","2025-08-04 00:44:37",4,False,"migration"
5753,71,1097,"security","critical","closed","Webhook delivery failures","2025-08-16 16:39:32","2025-08-16 18:11:32","2025-08-17 23:11:32",4,True,"billing , security , onboarding"
5754,779,NULL,"technical","medium","closed","Cannot login to dashboard","2025-06-25 15:52:27","2025-06-27 16:52:27","2025-07-04 02:52:27",3,False,"billing , api , integration , export"
5755,670,NULL,"onboarding","low","closed","Need help with API authentication","2024-03-31 21:41:29","2024-04-03 21:41:29","2024-04-06 14:41:29",4,False,"sso , sso"
5756,685,NULL,"billing","medium","closed","Gantt chart not rendering correctly","2025-02-22 14:06:39","2025-02-24 15:06:39","2025-03-02 13:06:39",5,False,"gdpr , feature"
5757,887,NULL,"billing","medium","waiting_on_customer","Need to add more team members","2025-03-15 21:18:25","2025-03-16 01:18:25",NULL,NULL,False,"billing"
5758,702,NULL,"technical","medium","open","API rate limiting issues","2023-09-30 13:13:24",NULL,NULL,NULL,False,NULL
5759,795,NULL,"account","medium","resolved","Data import from CSV failing","2024-08-17 12:58:16","2024-08-18 23:58:16","2024-08-25 09:58:16",4,False,"security, integration, gdpr, api"
5761,892,NULL,"integration","medium","in_progress","Permission settings not saving","2025-06-12 06:14:50","2025-06-13 09:14:50",NULL,NULL,False,"mobile, migration, sso"
5762,621,7879,"data_export","high","open","Report generation timeout","2025-06-23 16:13:52",NULL,NULL,NULL,False,NULL
5763,15,258,"api","medium","open","Slow loading on project boards","2025-08-31 17:02:55",NULL,NULL,NULL,False,"billing, mobile, api, onboarding, billing"
5764,915,NULL,"performance","high","open","Mobile app crashes on Android","2025-10-07 13:02:36",NULL,NULL,NULL,True,NULL
5765,359,4608,"api","medium","open","SSO configuration help needed","2025-03-09 21:19:50",NULL,NULL,NULL,False,"bug,migration"
5766,779,NULL,"integration","medium","waiting_on_customer","Cannot downgrade plan","2024-08-31 23:08:00","2024-09-01 06:08:00",NULL,NULL,False,"onboarding,enterprise"
5767,758,NULL,"data_export","high","resolved","GDPR data export request","2025-07-24 01:35:28","2025-07-24 03:35:28","2025-07-25 10:35:28",3,False,"mobile, urgent, training"
5768,1172,NULL,"security","medium","resolved","Permission settings not saving","2025-09-09 07:18:12","2025-09-11 23:18:12","2025-09-16 15:18:12",NULL,False,"gdpr;performance"
5769,392,4934,"performance","low","in_progress","API rate limiting issues","2023-10-08 13:11:10","2023-10-11 05:11:10",NULL,NULL,False,NULL
5770,854,NULL,"onboarding","high","open","Webhook delivery failures","2023-11-10 22:07:55",NULL,NULL,NULL,False,"enterprise,performance,mobile"
5771,196,2765,"technical","high","in_progress","API rate limiting issues","2023-08-22 11:11:29","2023-08-22 14:11:29",NULL,NULL,False,"security"
5772,980,NULL,"security","low","resolved","Duplicate notifications being sent","2024-12-10 13:26:45","2024-12-12 19:26:45","2024-12-13 04:26:45",5,False,"integration, technical, gdpr, feature"
5773,623,7934,"api","medium","closed","Integration with Slack not working","2025-08-01 18:33:33","2025-08-03 08:33:33","2025-08-07 17:33:33",5,False,"api;ux;billing;mobile"
5774,672,NULL,"security","critical","closed","Custom workflow automation broken","2023-08-20 11:50:45","2023-08-20 12:36:45","2023-08-22 09:36:45",3,False,"sso"
5775,863,NULL,"onboarding","high","open","Billing discrepancy on latest invoice","2024-05-03 20:07:12",NULL,NULL,NULL,False,"feature, ux, gdpr, api"
5776,598,7719,"data_export","low","closed","Need help with API authentication","2025-10-23 04:40:14","2025-10-24 20:40:14","2025-10-26 10:40:14",NULL,False,"ux;onboarding;sso;ux"
5777,379,4819,"performance","low","waiting_on_customer","Export failing for large datasets","2024-09-14 07:30:56","2024-09-17 00:30:56",NULL,NULL,False,"gdpr , urgent , billing , training"
5778,652,8423,"onboarding","low","in_progress","Billing discrepancy on latest invoice","2025-10-18 10:04:20","2025-10-19 05:04:20",NULL,NULL,False,NULL
5779,284,3843,"account","critical","in_progress","Billing discrepancy on latest invoice","2024-09-13 14:33:45","2024-09-13 14:49:45",NULL,NULL,False,"ux, migration"
5780,535,6801,"integration","low","waiting_on_customer","Custom workflow automation broken","2025-08-17 08:23:34","2025-08-20 00:23:34",NULL,NULL,False,"sso;enterprise"
5781,805,NULL,"security","low","in_progress","Custom workflow automation broken","2025-04-14 04:53:55","2025-04-15 14:53:55",NULL,NULL,False,"mobile , gdpr , billing , documentation"
5782,215,3115,"performance","low","in_progress","Slow loading on project boards","2025-10-03 02:20:47","2025-10-05 09:20:47",NULL,NULL,False,"technical , technical"
5783,14,219,"integration","medium","in_progress","Custom workflow automation broken","2024-10-21 16:00:15","2024-10-22 05:00:15",NULL,NULL,False,"mobile, training"
5784,1028,NULL,"billing","low","in_progress","Webhook delivery failures","2025-10-12 15:31:24","2025-10-13 18:31:24",NULL,NULL,False,"performance, mobile, security, billing"
5785,777,NULL,"billing","medium","resolved","Export failing for large datasets","2025-05-01 05:48:27","2025-05-02 20:48:27","2025-05-06 14:48:27",4,False,"enterprise;api;technical"
5786,741,NULL,"billing","high","open","Slow loading on project boards","2025-01-13 10:56:12",NULL,NULL,NULL,True,"enterprise,api,documentation"
5787,105,1528,"account","low","waiting_on_customer","Report generation timeout","2024-10-09 11:10:10","2024-10-11 08:10:10",NULL,NULL,False,NULL
5788,465,6026,"onboarding","low","open","API rate limiting issues","2025-09-24 14:49:19",NULL,NULL,NULL,False,"onboarding, export, security, urgent"
5789,399,5094,"billing","low","in_progress","Audit log access denied","2025-09-02 19:47:14","2025-09-04 03:47:14",NULL,NULL,False,"feature, mobile, technical, billing"
5790,421,5336,"feature_request","medium","in_progress","Webhook delivery failures","2025-03-10 15:07:56","2025-03-10 17:07:56",NULL,NULL,False,"documentation , export , training"
5791,863,NULL,"data_export","critical","closed","Time tracking sync issues","2025-06-02 18:17:28","2025-06-02 19:04:28","2025-06-03 14:04:28",4,False,"api , feature"
5792,627,8044,"billing","low","in_progress","Billing discrepancy on latest invoice","2024-12-02 20:16:48","2024-12-04 12:16:48",NULL,NULL,False,"billing, onboarding, export"
5793,478,6108,"billing","high","waiting_on_customer","Need to add more team members","2023-04-10 20:15:12","2023-04-11 03:15:12",NULL,NULL,False,"ux , documentation"
5794,51,818,"performance","medium","waiting_on_customer","Audit log access denied","2025-03-15 11:47:23","2025-03-17 17:47:23",NULL,NULL,False,"documentation;gdpr;migration"
5795,771,NULL,"technical","medium","waiting_on_customer","Cannot downgrade plan","2023-12-28 14:10:14","2023-12-31 00:10:14",NULL,NULL,False,"training"
5796,509,6451,"security","high","open","Time tracking sync issues","2025-06-09 04:54:15",NULL,NULL,NULL,False,"api , ux , urgent , export"
5797,9,159,"data_export","low","waiting_on_customer","Permission settings not saving","2025-09-14 22:23:00","2025-09-15 10:23:00",NULL,NULL,False,"mobile"
5798,355,4541,"billing","low","in_progress","Report generation timeout","2024-04-30 03:34:43","2024-05-02 14:34:43",NULL,NULL,False,"ux , urgent"
5799,906,NULL,"onboarding","medium","closed","Webhook delivery failures","2023-09-18 17:30:22","2023-09-21 06:30:22","2023-09-22 03:30:22",3,False,NULL
5800,713,NULL,"technical","low","open","GDPR data export request","2025-07-11 14:09:13",NULL,NULL,NULL,False,"mobile, enterprise, export, feature"
5801,325,4189,"data_export","low","closed","Data import from CSV failing","2025-08-21 15:52:53","2025-08-22 13:52:53","2025-08-26 18:52:53",4,False,NULL
5802,721,NULL,"onboarding","low","resolved","White label logo not displaying","2024-04-03 01:14:19","2024-04-03 09:14:19","2024-04-07 14:14:19",4,False,"sso , integration , mobile , documentation"
5803,987,NULL,"account","medium","waiting_on_customer","Slow loading on project boards","2025-04-26 11:46:55","2025-04-27 12:46:55",NULL,NULL,False,NULL
5804,1174,NULL,"data_export","high","open","Account merge request","2024-01-02 17:27:04",NULL,NULL,NULL,True,"performance"
5805,405,5155,"performance","high","closed","Export failing for large datasets","2025-09-28 19:25:02","2025-09-29 05:25:02","2025-10-01 04:25:02",NULL,False,"bug;migration;integration"
5806,568,7256,"technical","high","closed","Gantt chart not rendering correctly","2025-01-15 12:23:36","2025-01-15 15:23:36","2025-01-19 09:23:36",5,False,"migration"
5807,1057,NULL,"api","high","waiting_on_customer","Integration with Slack not working","2025-05-01 21:49:31","2025-05-02 04:49:31",NULL,NULL,False,"billing,documentation,api,bug"
5808,510,6469,"billing","low","resolved","Data import from CSV failing","2025-08-01 04:34:17","2025-08-02 06:34:17","2025-08-05 16:34:17",3,False,"gdpr"
5809,1079,NULL,"technical","medium","resolved","Need help with API authentication","2025-08-19 23:58:34","2025-08-21 16:58:34","2025-08-27 10:58:34",4,False,"security,integration,onboarding"
5810,621,7879,"api","medium","open","Gantt chart not rendering correctly","2025-10-19 10:03:31",NULL,NULL,NULL,False,NULL
5811,1121,NULL,"data_export","critical","waiting_on_customer","Gantt chart not rendering correctly","2024-10-02 05:21:42","2024-10-02 06:23:42",NULL,NULL,False,"feature;gdpr;enterprise"
5812,979,NULL,"security","critical","in_progress","GDPR data export request","2025-10-20 02:07:33","2025-10-20 03:50:33",NULL,NULL,False,"ux,onboarding,documentation,api"
5813,701,NULL,"integration","critical","resolved","Need to add more team members","2024-08-18 22:23:35","2024-08-19 00:07:35","2024-08-24 15:07:35",NULL,True,NULL
5814,926,NULL,"onboarding","critical","closed","Data import from CSV failing","2025-07-30 21:04:58","2025-07-30 21:17:58","2025-08-06 18:17:58",3,False,"billing"
5815,782,NULL,"integration","medium","closed","Cannot login to dashboard","2024-12-12 11:22:31","2024-12-13 10:22:31","2024-12-15 02:22:31",NULL,False,"integration"
5816,877,NULL,"onboarding","medium","resolved","Integration with Slack not working","2025-03-15 03:38:12","2025-03-16 22:38:12","2025-03-20 05:38:12",4,False,"enterprise, gdpr, ux, documentation"
5817,116,1663,"account","low","resolved","Audit log access denied","2025-09-19 14:07:37","2025-09-20 15:07:37","2025-09-22 15:07:37",1,False,"technical, technical"
5818,376,4784,"feature_request","medium","in_progress","Data import from CSV failing","2025-08-01 03:40:09","2025-08-02 22:40:09",NULL,NULL,False,"gdpr, security"
5819,191,2722,"api","low","open","Feature request: dark mode","2025-06-09 19:38:37",NULL,NULL,NULL,False,"gdpr , performance , technical"
5820,1166,NULL,"account","high","open","Account merge request","2024-07-26 02:21:51",NULL,NULL,NULL,False,"sso,migration"
5821,276,3806,"api","low","closed","Need help with API authentication","2025-05-31 15:03:16","2025-06-02 06:03:16","2025-06-03 01:03:16",3,False,"migration,urgent"
5822,368,4708,"account","critical","in_progress","Data import from CSV failing","2025-05-29 18:38:19","2025-05-29 19:48:19",NULL,NULL,False,"export , performance , mobile , security"
5823,1024,NULL,"billing","critical","waiting_on_customer","Need help with API authentication","2024-06-24 16:22:08","2024-06-24 16:56:08",NULL,NULL,False,NULL
5824,1177,NULL,"security","medium","resolved","Time tracking sync issues","2025-06-13 10:59:56","2025-06-16 09:59:56","2025-06-22 04:59:56",5,False,"urgent;api"
5825,341,4339,"api","high","open","Need help with API authentication","2023-04-23 03:47:07",NULL,NULL,NULL,False,"enterprise;api;documentation;billing"
5826,643,8325,"billing","medium","closed","Webhook delivery failures","2025-09-23 16:09:22","2025-09-23 21:09:22","2025-09-25 10:09:22",3,False,"training"
5827,98,1457,"api","low","waiting_on_customer","Permission settings not saving","2025-09-01 06:38:01","2025-09-02 00:38:01",NULL,NULL,False,"feature"
5828,112,1594,"technical","low","resolved","Feature request: dark mode","2025-09-14 18:25:27","2025-09-14 22:25:27","2025-09-15 22:25:27",5,False,"mobile;technical;documentation;migration"
5829,1174,NULL,"account","medium","in_progress","Permission settings not saving","2024-03-30 20:56:28","2024-04-02 20:56:28",NULL,NULL,False,"integration , sso"
5830,476,6077,"billing","high","closed","White label logo not displaying","2023-11-30 18:22:18","2023-12-01 04:22:18","2023-12-02 00:22:18",5,False,"feature,training"
5831,723,NULL,"api","medium","open","White label logo not displaying","2025-05-26 20:49:52",NULL,NULL,NULL,False,"onboarding, bug, export"
5832,1180,NULL,"integration","critical","in_progress","API rate limiting issues","2025-09-05 20:05:28","2025-09-05 20:22:28",NULL,NULL,True,NULL
5833,148,2148,"technical","low","closed","Billing discrepancy on latest invoice","2025-10-21 04:17:29","2025-10-22 04:17:29","2025-10-22 23:17:29",2,False,"mobile,documentation,performance"
5834,938,NULL,"technical","low","open","Cannot login to dashboard","2025-05-12 20:28:56",NULL,NULL,NULL,False,"ux, export, bug, performance"
5835,616,7843,"security","medium","in_progress","API rate limiting issues","2025-08-07 01:46:30","2025-08-07 10:46:30",NULL,NULL,False,"mobile , security , feature , mobile"
5836,1156,NULL,"security","medium","waiting_on_customer","Audit log access denied","2025-05-31 14:07:48","2025-06-01 14:07:48",NULL,NULL,False,NULL
5837,601,7727,"performance","low","waiting_on_customer","Slow loading on project boards","2024-02-11 18:07:51","2024-02-13 05:07:51",NULL,NULL,False,"security,training,documentation"
5838,79,1220,"performance","low","resolved","Slow loading on project boards","2025-03-14 12:41:06","2025-03-15 20:41:06","2025-03-16 12:41:06",5,False,"gdpr"
5839,863,NULL,"integration","critical","waiting_on_customer","Slow loading on project boards","2025-04-22 21:36:11","2025-04-22 22:52:11",NULL,NULL,False,"sso;performance"
5840,509,6458,"api","high","open","Time tracking sync issues","2025-03-12 05:43:17",NULL,NULL,NULL,False,NULL
5841,877,NULL,"feature_request","medium","in_progress","Data import from CSV failing","2025-02-14 04:43:39","2025-02-16 09:43:39",NULL,NULL,False,"integration, export, bug, mobile"
5842,1065,NULL,"performance","medium","resolved","GDPR data export request","2025-06-08 20:58:40","2025-06-09 00:58:40","2025-06-09 11:58:40",4,False,NULL
5843,7,86,"api","medium","waiting_on_customer","Custom workflow automation broken","2025-03-19 07:09:36","2025-03-20 01:09:36",NULL,NULL,False,NULL
5844,113,1599,"onboarding","low","open","Custom workflow automation broken","2025-07-28 04:40:38",NULL,NULL,NULL,False,"mobile"
5845,837,NULL,"technical","low","waiting_on_customer","Cannot login to dashboard","2024-10-28 23:41:10","2024-10-29 03:41:10",NULL,NULL,False,"enterprise, gdpr, documentation, bug"
5846,196,2763,"account","critical","resolved","Cannot downgrade plan","2023-11-21 05:05:51","2023-11-21 06:18:51","2023-11-21 19:18:51",3,False,"technical, integration, technical"
5847,379,4821,"technical","critical","resolved","Billing discrepancy on latest invoice","2024-10-13 08:59:43","2024-10-13 10:02:43","2024-10-19 19:02:43",NULL,True,"export , enterprise"
5848,359,4609,"performance","critical","resolved","Custom workflow automation broken","2024-10-26 12:57:11","2024-10-26 13:16:11","2024-11-01 00:16:11",NULL,False,"billing, feature, onboarding, api"
5849,1111,NULL,"data_export","high","closed","Feature request: dark mode","2025-08-08 16:22:02","2025-08-08 21:22:02","2025-08-11 02:22:02",5,False,NULL
5850,33,619,"technical","low","waiting_on_customer","Integration with Slack not working","2025-10-13 13:09:43","2025-10-15 23:09:43",NULL,NULL,False,"enterprise , mobile , training , bug"
5851,1128,NULL,"onboarding","medium","resolved","Billing discrepancy on latest invoice","2024-02-18 08:49:38","2024-02-19 13:49:38","2024-02-25 01:49:38",1,False,NULL
5852,748,NULL,"data_export","medium","in_progress","White label logo not displaying","2025-08-31 16:04:07","2025-09-02 15:04:07",NULL,NULL,False,"training;technical"
5853,705,NULL,"feature_request","critical","resolved","Gantt chart not rendering correctly","2025-05-25 04:18:15","2025-05-25 04:32:15","2025-05-29 18:32:15",2,False,NULL
5854,660,8486,"performance","high","closed","Need to add more team members","2023-08-12 04:05:16","2023-08-12 14:05:16","2023-08-12 22:05:16",NULL,True,"training,security,feature"
5855,649,8413,"performance","medium","resolved","Account merge request","2023-12-26 08:37:29","2023-12-26 20:37:29","2023-12-31 00:37:29",3,False,NULL
5856,1191,NULL,"integration","medium","resolved","Gantt chart not rendering correctly","2025-09-23 00:50:20","2025-09-24 03:50:20","2025-09-30 00:50:20",3,False,"urgent,integration,export,security"
5857,679,NULL,"integration","critical","in_progress","Account merge request","2025-02-10 11:22:03","2025-02-10 13:08:03",NULL,NULL,False,"api,onboarding,bug"
5858,113,1600,"onboarding","medium","waiting_on_customer","Duplicate notifications being sent","2025-04-01 10:16:46","2025-04-02 23:16:46",NULL,NULL,False,NULL
5859,579,7500,"integration","critical","open","Mobile app crashes on Android","2025-08-29 04:08:06",NULL,NULL,NULL,False,"mobile, technical, documentation"
5860,214,3103,"account","medium","closed","Audit log access denied","2025-04-20 01:28:45","2025-04-21 21:28:45","2025-04-25 22:28:45",NULL,False,"api"
5861,337,4296,"integration","medium","waiting_on_customer","API rate limiting issues","2025-03-20 20:02:00","2025-03-23 07:02:00",NULL,NULL,False,"feature;mobile;enterprise;export"
5862,452,5821,"account","medium","in_progress","Need help with API authentication","2025-08-07 11:29:04","2025-08-07 19:29:04",NULL,NULL,False,"documentation,training,technical"
5863,1033,NULL,"data_export","low","open","Mobile app crashes on Android","2025-09-15 19:32:36",NULL,NULL,NULL,False,"training , onboarding"
5864,1149,NULL,"performance","low","waiting_on_customer","SSO configuration help needed","2025-06-25 02:40:01","2025-06-25 06:40:01",NULL,NULL,False,"training,gdpr,billing,mobile"
5865,724,NULL,"feature_request","low","resolved","SSO configuration help needed","2025-06-27 15:16:07","2025-06-28 06:16:07","2025-06-28 16:16:07",NULL,False,"technical;technical"
5866,136,2001,"integration","medium","in_progress","API rate limiting issues","2025-08-22 08:02:50","2025-08-25 07:02:50",NULL,NULL,False,NULL
5867,304,4054,"performance","low","resolved","Permission settings not saving","2023-10-16 03:17:37","2023-10-18 06:17:37","2023-10-25 05:17:37",4,False,"gdpr"
5868,999,NULL,"security","critical","open","Webhook delivery failures","2025-10-27 04:41:33",NULL,NULL,NULL,False,NULL
5869,30,607,"onboarding","medium","resolved","Integration with Slack not working","2024-09-21 10:23:47","2024-09-21 16:23:47","2024-09-28 15:23:47",NULL,False,"urgent, gdpr, performance"
5870,120,1743,"data_export","low","waiting_on_customer","Permission settings not saving","2025-08-13 16:28:04","2025-08-14 06:28:04",NULL,NULL,False,"api;billing"
5871,164,2371,"feature_request","low","closed","API rate limiting issues","2025-07-18 14:55:56","2025-07-19 10:55:56","2025-07-23 16:55:56",5,False,"urgent;performance;integration;training"
5872,1162,NULL,"data_export","medium","open","White label logo not displaying","2024-02-01 18:34:36",NULL,NULL,NULL,False,"integration , performance"
5873,668,NULL,"account","critical","open","Mobile app crashes on Android","2024-11-08 18:47:26",NULL,NULL,NULL,True,"training , training"
5874,165,2422,"account","high","closed","GDPR data export request","2025-08-06 20:44:37","2025-08-07 01:44:37","2025-08-11 05:44:37",4,False,NULL
5875,1111,NULL,"performance","medium","open","Audit log access denied","2025-10-02 17:43:13",NULL,NULL,NULL,False,"migration"
5876,647,8382,"api","medium","waiting_on_customer","Duplicate notifications being sent","2024-02-08 10:19:16","2024-02-11 09:19:16",NULL,NULL,False,"bug, performance"
5877,566,7223,"billing","low","in_progress","Report generation timeout","2025-06-18 08:59:29","2025-06-20 22:59:29",NULL,NULL,False,"security , technical , integration"
5878,71,1097,"security","high","waiting_on_customer","Mobile app crashes on Android","2025-10-01 16:14:52","2025-10-01 23:14:52",NULL,NULL,True,"integration;sso"
5879,18,393,"api","medium","closed","Export failing for large datasets","2025-06-14 05:36:12","2025-06-15 07:36:12","2025-06-16 19:36:12",NULL,False,"migration"
5880,1030,NULL,"integration","medium","in_progress","Time tracking sync issues","2025-10-04 07:49:10","2025-10-04 18:49:10",NULL,NULL,False,"documentation,ux,performance,bug"
5881,53,867,"performance","low","resolved","Custom workflow automation broken","2025-05-10 07:01:29","2025-05-12 01:01:29","2025-05-16 04:01:29",5,False,NULL
5882,201,2880,"security","medium","resolved","Duplicate notifications being sent","2024-07-06 02:31:38","2024-07-08 11:31:38","2024-07-11 06:31:38",3,False,NULL
5883,864,NULL,"performance","high","in_progress","Time tracking sync issues","2025-10-22 12:30:07","2025-10-22 18:30:07",NULL,NULL,False,"billing"
5884,820,NULL,"account","medium","open","SSO configuration help needed","2025-09-29 15:06:26",NULL,NULL,NULL,False,"bug;feature"
5885,52,859,"technical","medium","in_progress","Mobile app crashes on Android","2025-10-11 12:56:23","2025-10-12 03:56:23",NULL,NULL,False,"integration;security;documentation"
5886,916,NULL,"data_export","medium","closed","Gantt chart not rendering correctly","2024-05-26 20:38:33","2024-05-27 01:38:33","2024-06-01 13:38:33",5,False,NULL
5887,729,NULL,"integration","high","in_progress","Export failing for large datasets","2025-08-08 20:40:16","2025-08-08 22:40:16",NULL,NULL,True,NULL
5888,391,4919,"security","medium","waiting_on_customer","Feature request: dark mode","2025-05-29 06:12:12","2025-05-30 15:12:12",NULL,NULL,False,"feature"
5889,1046,NULL,"integration","low","resolved","Slow loading on project boards","2025-10-16 09:53:17","2025-10-17 17:53:17","2025-10-22 16:53:17",4,False,"export;migration"
5890,912,NULL,"billing","low","resolved","Custom workflow automation broken","2025-03-26 05:59:27","2025-03-28 08:59:27","2025-03-28 09:59:27",4,False,NULL
5891,966,NULL,"data_export","high","in_progress","Report generation timeout","2024-05-22 06:05:22","2024-05-22 10:05:22",NULL,NULL,False,"enterprise, bug, onboarding"
5892,261,3637,"billing","medium","in_progress","Custom workflow automation broken","2025-10-25 22:30:18","2025-10-28 00:30:18",NULL,NULL,False,"security, technical"
5893,738,NULL,"billing","high","in_progress","GDPR data export request","2025-08-21 15:25:29","2025-08-21 22:25:29",NULL,NULL,True,"gdpr, training, performance, feature"
5894,1182,NULL,"billing","critical","resolved","Cannot downgrade plan","2024-12-29 21:48:21","2024-12-29 21:57:21","2025-01-01 12:57:21",NULL,True,"performance, technical, feature, security"
5895,400,5098,"api","high","closed","Gantt chart not rendering correctly","2025-10-12 08:13:18","2025-10-12 13:13:18","2025-10-14 01:13:18",3,False,"integration, onboarding"
5896,478,6109,"account","high","open","Export failing for large datasets","2025-03-16 01:03:43",NULL,NULL,NULL,False,"ux , billing"
5897,362,4645,"onboarding","medium","open","GDPR data export request","2025-10-15 19:24:19",NULL,NULL,NULL,False,NULL
5898,303,4030,"feature_request","low","waiting_on_customer","SSO configuration help needed","2024-09-12 06:45:02","2024-09-14 16:45:02",NULL,NULL,False,"export;bug;export"
5899,1031,NULL,"account","high","waiting_on_customer","Export failing for large datasets","2025-05-10 12:28:50","2025-05-10 23:28:50",NULL,NULL,False,"performance , ux , export , feature"
5900,1041,NULL,"technical","low","closed","Time tracking sync issues","2024-09-17 03:13:15","2024-09-18 18:13:15","2024-09-24 14:13:15",5,False,"mobile;onboarding;bug;export"
5901,194,2750,"performance","low","in_progress","Gantt chart not rendering correctly","2025-06-26 07:39:30","2025-06-28 05:39:30",NULL,NULL,False,"export, feature, mobile"
5902,272,3783,"api","high","open","Webhook delivery failures","2025-08-31 15:46:06",NULL,NULL,NULL,False,"export, urgent, billing, gdpr"
5903,875,NULL,"onboarding","medium","resolved","Mobile app crashes on Android","2024-12-26 07:39:24","2024-12-27 12:39:24","2024-12-28 10:39:24",4,False,NULL
5904,572,7367,"account","medium","in_progress","Mobile app crashes on Android","2025-06-26 17:05:15","2025-06-27 10:05:15",NULL,NULL,False,"documentation"
5905,554,7055,"account","low","resolved","Slow loading on project boards","2023-08-24 01:28:14","2023-08-26 19:28:14","2023-08-28 12:28:14",4,False,"training, urgent"
5906,57,931,"account","medium","resolved","Data import from CSV failing","2025-07-09 07:05:00","2025-07-09 14:05:00","2025-07-10 02:05:00",NULL,False,NULL
5907,731,NULL,"integration","high","waiting_on_customer","Need to add more team members","2025-07-21 14:16:48","2025-07-21 18:16:48",NULL,NULL,False,"onboarding;api;mobile;documentation"
5908,890,NULL,"onboarding","medium","resolved","Integration with Slack not working","2025-09-26 08:53:26","2025-09-26 18:53:26","2025-09-27 01:53:26",4,False,"mobile, urgent, onboarding"
5909,822,NULL,"data_export","low","closed","Feature request: dark mode","2025-03-09 07:35:54","2025-03-09 12:35:54","2025-03-13 04:35:54",NULL,False,"migration, onboarding, documentation, api"
5910,250,3492,"api","medium","closed","Mobile app crashes on Android","2025-09-11 11:10:14","2025-09-11 16:10:14","2025-09-14 00:10:14",3,False,NULL
5911,313,4116,"feature_request","low","closed","Data import from CSV failing","2025-01-31 03:45:40","2025-01-31 19:45:40","2025-02-01 04:45:40",NULL,False,NULL
5912,452,5818,"api","high","in_progress","Cannot login to dashboard","2024-12-17 16:21:50","2024-12-17 17:21:50",NULL,NULL,False,"documentation;gdpr;mobile"
5913,281,3823,"security","low","resolved","SSO configuration help needed","2023-10-08 05:16:32","2023-10-10 14:16:32","2023-10-16 06:16:32",NULL,False,"onboarding , urgent , gdpr , ux"
5914,506,6417,"performance","medium","closed","Data import from CSV failing","2025-08-01 13:05:11","2025-08-01 16:05:11","2025-08-02 10:05:11",3,False,NULL
5915,967,NULL,"account","medium","in_progress","Audit log access denied","2025-10-24 17:08:37","2025-10-25 02:08:37",NULL,NULL,False,"billing,migration,mobile"
5916,306,4066,"data_export","high","closed","White label logo not displaying","2025-02-21 01:00:28","2025-02-21 11:00:28","2025-02-25 07:00:28",4,False,"integration,performance"
5917,53,867,"technical","high","resolved","Cannot downgrade plan","2024-08-27 20:00:19","2024-08-28 06:00:19","2024-09-02 16:00:19",NULL,False,"performance"
5918,362,4642,"api","medium","in_progress","Need help with API authentication","2025-08-15 06:49:42","2025-08-17 08:49:42",NULL,NULL,False,"enterprise,ux,export,billing"
5919,162,2348,"api","high","closed","GDPR data export request","2025-06-19 05:46:25","2025-06-19 12:46:25","2025-06-26 00:46:25",4,False,"onboarding, api, technical"
5920,19,397,"data_export","high","in_progress","Export failing for large datasets","2025-05-10 03:30:29","2025-05-10 14:30:29",NULL,NULL,False,"urgent,onboarding"
5921,359,4612,"technical","high","resolved","Time tracking sync issues","2024-06-27 07:43:20","2024-06-27 19:43:20","2024-07-01 14:43:20",5,False,"performance , sso , urgent , training"
5922,80,1231,"onboarding","low","in_progress","Account merge request","2025-10-22 17:12:20","2025-10-24 02:12:20",NULL,NULL,False,"feature, performance, onboarding, mobile"
5923,1183,NULL,"api","low","closed","White label logo not displaying","2025-01-15 14:32:12","2025-01-15 19:32:12","2025-01-21 23:32:12",NULL,False,NULL
5924,707,NULL,"security","medium","in_progress","Report generation timeout","2025-06-20 12:37:20","2025-06-20 19:37:20",NULL,NULL,False,NULL
5925,1067,NULL,"feature_request","critical","waiting_on_customer","Time tracking sync issues","2024-07-10 08:31:49","2024-07-10 09:41:49",NULL,NULL,True,"mobile;onboarding;technical"
5926,191,2722,"feature_request","medium","resolved","GDPR data export request","2025-07-21 17:00:45","2025-07-22 01:00:45","2025-07-22 02:00:45",NULL,False,NULL
5927,147,2147,"integration","high","waiting_on_customer","Permission settings not saving","2024-10-10 22:09:15","2024-10-11 07:09:15",NULL,NULL,True,"export,onboarding,feature,export"
5928,839,NULL,"feature_request","high","in_progress","White label logo not displaying","2025-09-27 04:49:46","2025-09-27 13:49:46",NULL,NULL,False,NULL
5929,782,NULL,"performance","medium","resolved","SSO configuration help needed","2025-08-01 13:19:18","2025-08-04 08:19:18","2025-08-08 13:19:18",4,False,"ux"
5930,175,2561,"security","critical","open","Export failing for large datasets","2025-01-29 14:00:16",NULL,NULL,NULL,False,"performance,export,migration"
5931,779,NULL,"data_export","medium","waiting_on_customer","Slow loading on project boards","2025-10-26 18:17:28","2025-10-29 18:17:28",NULL,NULL,False,NULL
5932,112,1595,"data_export","low","closed","Cannot login to dashboard","2025-07-31 10:27:50","2025-07-31 16:27:50","2025-08-01 21:27:50",NULL,False,"performance,documentation"
5933,184,2683,"account","medium","resolved","Time tracking sync issues","2025-05-22 06:03:33","2025-05-24 07:03:33","2025-05-25 17:03:33",5,False,"sso,training,gdpr,bug"
5934,609,7803,"feature_request","high","closed","Feature request: dark mode","2025-09-05 02:40:27","2025-09-05 07:40:27","2025-09-09 09:40:27",5,True,"sso,export,technical"
5935,1172,NULL,"data_export","medium","waiting_on_customer","Webhook delivery failures","2024-09-12 01:05:48","2024-09-13 16:05:48",NULL,NULL,False,"bug, api, bug"
5936,280,3822,"performance","low","closed","Need to add more team members","2023-08-23 10:41:40","2023-08-24 22:41:40","2023-08-26 01:41:40",NULL,False,NULL
5937,374,4776,"onboarding","medium","waiting_on_customer","Need help with API authentication","2025-02-21 11:59:17","2025-02-24 04:59:17",NULL,NULL,False,"onboarding,onboarding"
5938,1117,NULL,"integration","low","waiting_on_customer","Export failing for large datasets","2024-11-21 23:39:13","2024-11-24 08:39:13",NULL,NULL,False,"billing , onboarding"
5939,698,NULL,"data_export","medium","resolved","Need to add more team members","2023-03-19 14:58:50","2023-03-20 06:58:50","2023-03-22 21:58:50",NULL,False,"technical"
5940,236,3317,"data_export","high","in_progress","Account merge request","2025-04-25 07:56:00","2025-04-25 13:56:00",NULL,NULL,False,"security , performance , training , documentation"
5941,454,5828,"billing","high","in_progress","Need help with API authentication","2024-06-15 03:40:16","2024-06-15 15:40:16",NULL,NULL,True,NULL
5942,1049,NULL,"onboarding","high","closed","Gantt chart not rendering correctly","2025-06-20 03:23:27","2025-06-20 05:23:27","2025-06-20 08:23:27",1,True,"migration"
5943,1037,NULL,"feature_request","medium","waiting_on_customer","Duplicate notifications being sent","2025-01-25 08:07:12","2025-01-28 07:07:12",NULL,NULL,False,"billing,onboarding,ux"
5944,26,528,"integration","medium","in_progress","Need to add more team members","2025-01-27 17:14:20","2025-01-29 07:14:20",NULL,NULL,False,NULL
5945,580,7522,"onboarding","medium","open","Time tracking sync issues","2023-11-28 23:06:03",NULL,NULL,NULL,False,NULL
5946,394,5018,"integration","medium","waiting_on_customer","Account merge request","2025-01-17 10:27:41","2025-01-19 04:27:41",NULL,NULL,False,"integration , sso , training , api"
5947,979,NULL,"billing","low","closed","Integration with Slack not working","2024-08-14 17:57:19","2024-08-16 19:57:19","2024-08-22 20:57:19",4,False,NULL
5948,975,NULL,"api","low","open","API rate limiting issues","2025-04-16 19:33:38",NULL,NULL,NULL,False,"feature , feature"
5949,493,6241,"data_export","high","waiting_on_customer","GDPR data export request","2025-06-28 12:18:05","2025-06-28 18:18:05",NULL,NULL,False,"feature , training"
5950,95,1431,"technical","low","in_progress","Audit log access denied","2025-05-03 18:54:09","2025-05-05 14:54:09",NULL,NULL,False,"billing;integration"
5951,44,750,"security","medium","closed","Time tracking sync issues","2025-04-04 12:13:17","2025-04-06 11:13:17","2025-04-11 16:13:17",NULL,False,"gdpr,billing,performance,gdpr"
5952,1016,NULL,"security","high","resolved","Gantt chart not rendering correctly","2024-12-30 23:59:57","2024-12-31 10:59:57","2024-12-31 14:59:57",5,True,NULL
5953,744,NULL,"data_export","medium","waiting_on_customer","Slow loading on project boards","2024-02-29 06:39:10","2024-03-01 02:39:10",NULL,NULL,False,"onboarding, api"
5954,681,NULL,"api","high","resolved","Webhook delivery failures","2024-12-23 11:35:08","2024-12-23 16:35:08","2024-12-23 17:35:08",4,False,NULL
5955,563,7212,"onboarding","medium","open","API rate limiting issues","2025-04-02 01:03:24",NULL,NULL,NULL,False,"bug"
5956,1162,NULL,"api","low","closed","Report generation timeout","2024-03-18 16:13:15","2024-03-18 22:13:15","2024-03-20 12:13:15",NULL,False,"billing"
5957,977,NULL,"onboarding","high","closed","SSO configuration help needed","2025-08-01 06:31:24","2025-08-01 15:31:24","2025-08-02 00:31:24",4,True,"security;technical"
5958,196,2767,"technical","high","open","Cannot login to dashboard","2025-03-11 03:28:45",NULL,NULL,NULL,False,"mobile"
5959,926,NULL,"api","low","open","Account merge request","2025-04-23 11:24:47",NULL,NULL,NULL,False,"feature;migration;enterprise;sso"
5960,90,1396,"performance","high","closed","Slow loading on project boards","2025-06-01 15:49:45","2025-06-01 17:49:45","2025-06-01 19:49:45",4,True,NULL
5961,594,7629,"feature_request","high","waiting_on_customer","GDPR data export request","2025-07-21 09:08:35","2025-07-21 20:08:35",NULL,NULL,False,"export,onboarding,sso"
5962,985,NULL,"billing","critical","open","Need help with API authentication","2025-03-05 14:23:26",NULL,NULL,NULL,True,"technical,billing,urgent,bug"
5963,174,2554,"feature_request","medium","in_progress","Permission settings not saving","2024-09-10 04:47:22","2024-09-10 23:47:22",NULL,NULL,False,"api"
5964,257,3554,"integration","critical","in_progress","Webhook delivery failures","2025-09-13 20:59:00","2025-09-13 22:52:00",NULL,NULL,False,"export;urgent"
5965,734,NULL,"data_export","critical","resolved","GDPR data export request","2023-10-14 18:25:11","2023-10-14 19:45:11","2023-10-17 13:45:11",2,True,"feature,migration,mobile,gdpr"
5966,1176,NULL,"technical","high","resolved","Custom workflow automation broken","2025-09-07 09:12:48","2025-09-07 16:12:48","2025-09-14 04:12:48",NULL,False,"ux"
5967,589,7595,"billing","low","resolved","Custom workflow automation broken","2025-02-05 15:24:29","2025-02-08 01:24:29","2025-02-12 17:24:29",4,False,NULL
5968,221,3162,"data_export","low","resolved","Cannot downgrade plan","2025-10-21 08:10:18","2025-10-24 07:10:18","2025-10-29 06:10:18",5,False,"technical"
5969,511,6496,"security","high","in_progress","Feature request: dark mode","2025-10-21 18:04:42","2025-10-21 22:04:42",NULL,NULL,False,"api,technical,ux,feature"
5970,499,6312,"onboarding","low","resolved","API rate limiting issues","2024-07-21 21:02:28","2024-07-22 06:02:28","2024-07-23 02:02:28",NULL,False,NULL
5971,248,3463,"security","high","in_progress","Need to add more team members","2025-10-18 11:34:39","2025-10-18 21:34:39",NULL,NULL,False,"mobile,billing"
5972,336,4280,"technical","low","in_progress","Export failing for large datasets","2025-03-12 05:48:29","2025-03-12 19:48:29",NULL,NULL,False,NULL
5973,1017,NULL,"technical","low","in_progress","SSO configuration help needed","2025-05-26 11:37:23","2025-05-27 18:37:23",NULL,NULL,False,"technical , ux , integration , documentation"
5974,1145,NULL,"onboarding","high","in_progress","Slow loading on project boards","2025-08-07 13:29:48","2025-08-07 16:29:48",NULL,NULL,False,NULL
5975,796,NULL,"api","medium","closed","Gantt chart not rendering correctly","2024-06-17 09:32:25","2024-06-17 11:32:25","2024-06-18 18:32:25",5,False,"enterprise"
5976,1099,NULL,"performance","medium","in_progress","Permission settings not saving","2024-02-03 08:57:09","2024-02-03 10:57:09",NULL,NULL,False,"performance,bug"
5977,987,NULL,"billing","medium","open","Data import from CSV failing","2024-07-03 12:26:41",NULL,NULL,NULL,False,NULL
5978,1153,NULL,"integration","low","open","Time tracking sync issues","2025-01-13 20:56:56",NULL,NULL,NULL,False,"gdpr;mobile"
5979,476,6080,"account","low","resolved","Report generation timeout","2024-08-04 01:44:16","2024-08-06 04:44:16","2024-08-07 06:44:16",NULL,False,"migration , technical"
5980,234,3311,"technical","medium","waiting_on_customer","Need help with API authentication","2025-09-24 11:02:59","2025-09-25 11:02:59",NULL,NULL,False,"training , bug"
5981,653,8424,"feature_request","high","in_progress","Data import from CSV failing","2024-01-10 23:25:07","2024-01-11 11:25:07",NULL,NULL,False,"feature, onboarding"
5982,449,5739,"feature_request","high","in_progress","Need to add more team members","2024-10-29 20:23:56","2024-10-30 01:23:56",NULL,NULL,False,NULL
5983,482,6143,"performance","high","open","Account merge request","2024-03-30 20:29:27",NULL,NULL,NULL,True,"migration, technical, documentation"
5984,1148,NULL,"account","low","in_progress","Mobile app crashes on Android","2025-06-09 13:24:45","2025-06-11 19:24:45",NULL,NULL,False,"performance,technical,bug"
5985,204,2893,"onboarding","low","closed","Cannot login to dashboard","2024-04-16 22:53:50","2024-04-19 07:53:50","2024-04-25 16:53:50",2,False,"urgent;performance"
5986,1195,NULL,"api","low","waiting_on_customer","Need help with API authentication","2025-10-27 20:46:45","2025-10-28 00:46:45",NULL,NULL,False,"documentation"
5987,1003,NULL,"feature_request","high","waiting_on_customer","Permission settings not saving","2024-07-08 21:51:43","2024-07-09 07:51:43",NULL,NULL,True,"migration;gdpr"
5988,297,3964,"technical","low","open","Need to add more team members","2025-08-06 02:13:57",NULL,NULL,NULL,False,"api"
5989,1019,NULL,"feature_request","medium","resolved","Duplicate notifications being sent","2025-03-30 12:26:32","2025-03-31 06:26:32","2025-04-02 16:26:32",NULL,False,NULL
5990,1175,NULL,"account","low","closed","Need help with API authentication","2024-07-02 11:09:54","2024-07-04 05:09:54","2024-07-11 03:09:54",5,False,NULL
5991,1158,NULL,"feature_request","medium","open","Account merge request","2025-02-21 10:04:31",NULL,NULL,NULL,False,NULL
5992,1057,NULL,"api","medium","resolved","Export failing for large datasets","2025-09-19 03:36:39","2025-09-20 09:36:39","2025-09-27 02:36:39",3,False,"mobile;bug;documentation;api"
5993,374,4776,"api","medium","waiting_on_customer","Cannot login to dashboard","2025-10-18 11:04:41","2025-10-20 08:04:41",NULL,NULL,False,"migration, bug, billing, onboarding"
5994,376,4785,"api","medium","closed","Duplicate notifications being sent","2025-03-05 10:49:12","2025-03-06 22:49:12","2025-03-10 11:49:12",2,False,"training,training"
5995,782,NULL,"integration","high","waiting_on_customer","Gantt chart not rendering correctly","2025-09-11 19:08:39","2025-09-11 20:08:39",NULL,NULL,True,NULL
5996,910,NULL,"security","medium","in_progress","Feature request: dark mode","2024-03-07 11:18:19","2024-03-08 18:18:19",NULL,NULL,False,"integration;enterprise;api"
5997,1143,NULL,"api","high","in_progress","Data import from CSV failing","2025-08-01 20:32:04","2025-08-02 03:32:04",NULL,NULL,True,"enterprise, api"
5998,826,NULL,"data_export","low","open","Cannot downgrade plan","2025-07-23 01:51:42",NULL,NULL,NULL,False,"onboarding;technical;sso;ux"
5999,474,6071,"onboarding","medium","closed","Webhook delivery failures","2025-09-29 13:03:53","2025-10-01 13:03:53","2025-10-02 04:03:53",NULL,False,"gdpr;billing;mobile;training"
6000,247,3457,"data_export","high","open","White label logo not displaying","2025-01-27 20:09:51",NULL,NULL,NULL,False,"enterprise"
